[Licensing::Module] Trying to connect to existing licensing client channel...
Built from '6000.2/staging' branch; Version is '6000.2.2f1 (ea398eefe1c2) revision 15350158'; Using compiler version '194234433'; Build Type 'Release'
[Licensing::IpcConnector] Successfully connected to: "LicenseClient-Lawre" at "2025-11-22T15:51:48.4005131Z"
OS: 'Windows 11  (10.0.26200) 64bit CoreSingleLanguage' Language: 'es' Physical Memory: 32584 MB
BatchMode: 1, IsHumanControllingUs: 0, StartBugReporterOnCrash: 0, Is64bit: 1
Date: 2025-11-22T15:51:48Z

COMMAND LINE ARGUMENTS:
C:\Program Files\Unity\Hub\Editor\6000.2.2f1\Editor\Unity.exe
-adb2
-batchMode
-noUpm
-name
AssetImportWorker0
-projectPath
D:/UH_Proyects/My project - 2Avance
-logFile
Logs/AssetImportWorker0.log
-srvPort
64515
-licensingIpc
LicenseClient-Lawre
-job-worker-count
7
-background-job-worker-count
8
-gc-helper-count
1
-name
AssetImport
Successfully changed project path to: D:/UH_Proyects/My project - 2Avance
D:/UH_Proyects/My project - 2Avance
[UnityMemory] Configuration Parameters - Can be set up in boot.config
    "memorysetup-allocator-temp-initial-block-size-main=262144"
    "memorysetup-allocator-temp-initial-block-size-worker=262144"
    "memorysetup-bucket-allocator-granularity=16"
    "memorysetup-bucket-allocator-bucket-count=8"
    "memorysetup-bucket-allocator-block-size=33554432"
    "memorysetup-bucket-allocator-block-count=8"
    "memorysetup-main-allocator-block-size=16777216"
    "memorysetup-thread-allocator-block-size=16777216"
    "memorysetup-gfx-main-allocator-block-size=16777216"
    "memorysetup-gfx-thread-allocator-block-size=16777216"
    "memorysetup-cache-allocator-block-size=4194304"
    "memorysetup-typetree-allocator-block-size=2097152"
    "memorysetup-profiler-bucket-allocator-granularity=16"
    "memorysetup-profiler-bucket-allocator-bucket-count=8"
    "memorysetup-profiler-bucket-allocator-block-size=33554432"
    "memorysetup-profiler-bucket-allocator-block-count=8"
    "memorysetup-profiler-allocator-block-size=16777216"
    "memorysetup-profiler-editor-allocator-block-size=1048576"
    "memorysetup-temp-allocator-size-main=16777216"
    "memorysetup-job-temp-allocator-block-size=2097152"
    "memorysetup-job-temp-allocator-block-size-background=1048576"
    "memorysetup-job-temp-allocator-reduction-small-platforms=262144"
    "memorysetup-temp-allocator-size-background-worker=32768"
    "memorysetup-temp-allocator-size-job-worker=262144"
    "memorysetup-temp-allocator-size-preload-manager=33554432"
    "memorysetup-temp-allocator-size-nav-mesh-worker=65536"
    "memorysetup-temp-allocator-size-audio-worker=65536"
    "memorysetup-temp-allocator-size-cloud-worker=32768"
    "memorysetup-temp-allocator-size-gi-baking-worker=262144"
    "memorysetup-temp-allocator-size-gi-baking-worker=262144"
    "memorysetup-temp-allocator-size-gi-baking-worker=262144"
    "memorysetup-temp-allocator-size-gi-baking-worker=262144"
    "memorysetup-temp-allocator-size-gi-baking-worker=262144"
    "memorysetup-temp-allocator-size-gfx=262144"
Player connection [81776]  Target information:

Player connection [81776]  * "[IP] 192.168.0.216 [Port] 0 [Flags] 2 [Guid] 3233554163 [EditorId] 3233554163 [Version] 1048832 [Id] WindowsEditor(7,GLaDOS) [Debug] 1 [PackageName] WindowsEditor [ProjectName] Editor" 

Player connection [81776] Host joined multi-casting on [225.0.0.222:54997]...
Player connection [81776] Host joined alternative multi-casting on [225.0.0.222:34997]...
JobSystem: Creating JobQueue using job-worker-count value 7
Input System module state changed to: Initialized.
[Physics::Module] Initialized fallback backend.
[Physics::Module] Id: 0xdecafbad
[Licensing::Client] Code 10 while verifying Licensing Client signature (process Id: 69676, path: "C:/Program Files/Unity Hub/UnityLicensingClient_V1/Unity.Licensing.Client.exe")
[Licensing::Module] LicensingClient has failed validation; ignoring
[Licensing::Client] Handshaking with LicensingClient:
  Version:                 1.17.3+a4e98f1
  Session Id:              da242d371c2744209158c849ed4147ae
  Correlation Id:          b1c6e031f90a5891904158a0ca1cf63a
  External correlation Id: 2487198435502361429
  Machine Id:              zCKxiuvyJKn3MAvbGRRZKzQCABY=
[Licensing::Module] Successfully connected to LicensingClient on channel: "LicenseClient-Lawre" (connect: 0.00s, validation: 0.00s, handshake: 0.05s)
[Licensing::IpcConnector] Successfully connected to: "LicenseClient-Lawre-notifications" at "2025-11-22T15:51:48.4519024Z"
[Licensing::Module] Licensing Background thread has ended after 0.05s
Library Redirect Path: Library/
[Physics::Module] Selected backend.
[Physics::Module] Name: PhysX
[Physics::Module] Id: 0xf2b8ea05
[Physics::Module] SDK Version: 4.1.2
[Physics::Module] Integration Version: 1.0.0
[Physics::Module] Threading Mode: Multi-Threaded
Refreshing native plugins compatible for Editor in 11.76 ms, found 5 plugins.
Preloading 1 native plugins for Editor in 1.23 ms.
Initialize engine version: 6000.2.2f1 (ea398eefe1c2)
[Subsystems] Discovering subsystems at path C:/Program Files/Unity/Hub/Editor/6000.2.2f1/Editor/Data/Resources/UnitySubsystems
[Subsystems] Discovering subsystems at path D:/UH_Proyects/My project - 2Avance/Assets
GfxDevice: creating device client; kGfxThreadingModeNonThreaded
d3d12: failed to query info queue interface (0x80004002).
Direct3D:
    Version:         Direct3D 12 [level 12.1]
    Renderer:        NVIDIA GeForce RTX 4050 Laptop GPU (ID=0x28e1)
    Vendor:          NVIDIA
    VRAM:            5921 MB
    App VRAM Budget: 5153 MB
    Driver:          32.0.15.8142
Initialize mono
Mono path[0] = 'C:/Program Files/Unity/Hub/Editor/6000.2.2f1/Editor/Data/Managed'
Mono path[1] = 'C:/Program Files/Unity/Hub/Editor/6000.2.2f1/Editor/Data/MonoBleedingEdge/lib/mono/unityjit-win32'
Mono config path = 'C:/Program Files/Unity/Hub/Editor/6000.2.2f1/Editor/Data/MonoBleedingEdge/etc'
Using monoOptions --debugger-agent=transport=dt_socket,embedding=1,server=y,suspend=n,address=127.0.0.1:56120
Begin MonoManager ReloadAssembly
Registering precompiled unity dll's ...
Register platform support module: C:/Program Files/Unity/Hub/Editor/6000.2.2f1/Editor/Data/PlaybackEngines/WindowsStandaloneSupport/UnityEditor.WindowsStandalone.Extensions.dll
Registered in 0.001894 seconds.
- Loaded All Assemblies, in  0.494 seconds
Native extension for WindowsStandalone target not found
Mono: successfully reloaded assembly
- Finished resetting the current domain, in  0.354 seconds
Domain Reload Profiling: 845ms
	BeginReloadAssembly (189ms)
		ExecutionOrderSort (0ms)
		DisableScriptedObjects (0ms)
		BackupInstance (0ms)
		ReleaseScriptingObjects (0ms)
		CreateAndSetChildDomain (1ms)
	RebuildCommonClasses (68ms)
	RebuildNativeTypeToScriptingClass (11ms)
	initialDomainReloadingComplete (53ms)
	LoadAllAssembliesAndSetupDomain (170ms)
		LoadAssemblies (184ms)
		RebuildTransferFunctionScriptingTraits (0ms)
		AnalyzeDomain (167ms)
			TypeCache.Refresh (165ms)
				TypeCache.ScanAssembly (150ms)
			BuildScriptInfoCaches (0ms)
			ResolveRequiredComponents (0ms)
	FinalizeReload (355ms)
		ReleaseScriptCaches (0ms)
		RebuildScriptCaches (0ms)
		SetupLoadedEditorAssemblies (302ms)
			LogAssemblyErrors (0ms)
			InitializePlatformSupportModulesInManaged (47ms)
			SetLoadedEditorAssemblies (3ms)
			BeforeProcessingInitializeOnLoad (67ms)
			ProcessInitializeOnLoadAttributes (130ms)
			ProcessInitializeOnLoadMethodAttributes (56ms)
			AfterProcessingInitializeOnLoad (0ms)
			EditorAssembliesLoaded (0ms)
		ExecutionOrderSort2 (0ms)
		AwakeInstancesAfterBackupRestoration (0ms)
========================================================================
Worker process is ready to serve import requests
Import Worker Mode flag is 0x00
Begin MonoManager ReloadAssembly
[Licensing::Client] Successfully resolved entitlement details
[Licensing::Module] License group:
  Id: 4674118873323-UnityPersXXXX
  Product: Unity Personal
  Type: Assigned
  Expiration: Unlimited
Duplicate assembly 'System.Runtime.CompilerServices.Unsafe.dll' with different versions detected, using 'Packages/com.unity.collections/Unity.Collections.Tests/System.Runtime.CompilerServices.Unsafe/System.Runtime.CompilerServices.Unsafe.dll, AssemblyName=System.Runtime.CompilerServices.Unsafe, Version=6.0.0.0, Culture=neutral, PublicKeyToken=b03f5f7f11d50a3a' and ignoring 'Packages/com.unity.ai.assistant/Plugins/Markdig/Dependencies/System.Runtime.CompilerServices.Unsafe.dll, AssemblyName=System.Runtime.CompilerServices.Unsafe, Version=4.0.6.0, Culture=neutral, PublicKeyToken=b03f5f7f11d50a3a'.Symbol file LoadedFromMemory is not a mono symbol file
Symbol file LoadedFromMemory is not a mono symbol file
- Loaded All Assemblies, in  1.603 seconds
Refreshing native plugins compatible for Editor in 9.41 ms, found 5 plugins.
Native extension for WindowsStandalone target not found
Package Manager log level set to [2]
[Package Manager] Failed to launch server process. Reason: Unity was launched with the -noUpm command-line argument
[Package Manager] Unable to send message (not connected to server process).
[Package Manager] Cannot connect to Unity Package Manager local server
[Package Manager] Failed to launch server process. Reason: Unity was launched with the -noUpm command-line argument
[Package Manager] Unable to send message (not connected to server process).
[Package Manager] Cannot connect to Unity Package Manager local server
Mono: successfully reloaded assembly
- Finished resetting the current domain, in  2.545 seconds
Domain Reload Profiling: 4146ms
	BeginReloadAssembly (198ms)
		ExecutionOrderSort (0ms)
		DisableScriptedObjects (7ms)
		BackupInstance (0ms)
		ReleaseScriptingObjects (0ms)
		CreateAndSetChildDomain (38ms)
	RebuildCommonClasses (36ms)
	RebuildNativeTypeToScriptingClass (12ms)
	initialDomainReloadingComplete (48ms)
	LoadAllAssembliesAndSetupDomain (1304ms)
		LoadAssemblies (510ms)
		RebuildTransferFunctionScriptingTraits (0ms)
		AnalyzeDomain (897ms)
			TypeCache.Refresh (721ms)
				TypeCache.ScanAssembly (685ms)
			BuildScriptInfoCaches (150ms)
			ResolveRequiredComponents (20ms)
	FinalizeReload (2548ms)
		ReleaseScriptCaches (0ms)
		RebuildScriptCaches (0ms)
		SetupLoadedEditorAssemblies (2005ms)
			LogAssemblyErrors (0ms)
			InitializePlatformSupportModulesInManaged (3ms)
			SetLoadedEditorAssemblies (8ms)
			BeforeProcessingInitializeOnLoad (488ms)
			ProcessInitializeOnLoadAttributes (929ms)
			ProcessInitializeOnLoadMethodAttributes (552ms)
			AfterProcessingInitializeOnLoad (25ms)
			EditorAssembliesLoaded (1ms)
		ExecutionOrderSort2 (0ms)
		AwakeInstancesAfterBackupRestoration (16ms)
Launched and connected shader compiler UnityShaderCompiler.exe after 0.02 seconds
Refreshing native plugins compatible for Editor in 7.57 ms, found 5 plugins.
Preloading 1 native plugins for Editor in 0.13 ms.
Unloading 53 Unused Serialized files (Serialized files now loaded: 0)
Unloading 9408 unused Assets / (20.3 MB). Loaded Objects now: 10178.
Memory consumption went from 185.9 MB to 165.6 MB.
Total: 23.924700 ms (FindLiveObjects: 1.335400 ms CreateObjectMapping: 1.972400 ms MarkObjects: 11.416600 ms  DeleteObjects: 9.198200 ms)

========================================================================
Received Prepare
Begin MonoManager ReloadAssembly
Duplicate assembly 'System.Runtime.CompilerServices.Unsafe.dll' with different versions detected, using 'Packages/com.unity.collections/Unity.Collections.Tests/System.Runtime.CompilerServices.Unsafe/System.Runtime.CompilerServices.Unsafe.dll, AssemblyName=System.Runtime.CompilerServices.Unsafe, Version=6.0.0.0, Culture=neutral, PublicKeyToken=b03f5f7f11d50a3a' and ignoring 'Packages/com.unity.ai.assistant/Plugins/Markdig/Dependencies/System.Runtime.CompilerServices.Unsafe.dll, AssemblyName=System.Runtime.CompilerServices.Unsafe, Version=4.0.6.0, Culture=neutral, PublicKeyToken=b03f5f7f11d50a3a'.Symbol file LoadedFromMemory is not a mono symbol file
Symbol file LoadedFromMemory is not a mono symbol file
- Loaded All Assemblies, in  2.077 seconds
Refreshing native plugins compatible for Editor in 6.83 ms, found 5 plugins.
Native extension for WindowsStandalone target not found
[Package Manager] Failed to launch server process. Reason: Unity was launched with the -noUpm command-line argument
[Package Manager] Unable to send message (not connected to server process).
[Package Manager] Cannot connect to Unity Package Manager local server
[Package Manager] Failed to launch server process. Reason: Unity was launched with the -noUpm command-line argument
[Package Manager] Unable to send message (not connected to server process).
[Package Manager] Cannot connect to Unity Package Manager local server
Mono: successfully reloaded assembly
- Finished resetting the current domain, in  2.010 seconds
Domain Reload Profiling: 4088ms
	BeginReloadAssembly (486ms)
		ExecutionOrderSort (0ms)
		DisableScriptedObjects (32ms)
		BackupInstance (0ms)
		ReleaseScriptingObjects (0ms)
		CreateAndSetChildDomain (145ms)
	RebuildCommonClasses (72ms)
	RebuildNativeTypeToScriptingClass (24ms)
	initialDomainReloadingComplete (78ms)
	LoadAllAssembliesAndSetupDomain (1416ms)
		LoadAssemblies (894ms)
		RebuildTransferFunctionScriptingTraits (0ms)
		AnalyzeDomain (723ms)
			TypeCache.Refresh (23ms)
				TypeCache.ScanAssembly (5ms)
			BuildScriptInfoCaches (665ms)
			ResolveRequiredComponents (25ms)
	FinalizeReload (2011ms)
		ReleaseScriptCaches (0ms)
		RebuildScriptCaches (0ms)
		SetupLoadedEditorAssemblies (1622ms)
			LogAssemblyErrors (0ms)
			InitializePlatformSupportModulesInManaged (3ms)
			SetLoadedEditorAssemblies (10ms)
			BeforeProcessingInitializeOnLoad (428ms)
			ProcessInitializeOnLoadAttributes (784ms)
			ProcessInitializeOnLoadMethodAttributes (381ms)
			AfterProcessingInitializeOnLoad (15ms)
			EditorAssembliesLoaded (1ms)
		ExecutionOrderSort2 (0ms)
		AwakeInstancesAfterBackupRestoration (33ms)
Refreshing native plugins compatible for Editor in 6.08 ms, found 5 plugins.
Preloading 1 native plugins for Editor in 0.09 ms.
Unloading 53 Unused Serialized files (Serialized files now loaded: 0)
Unloading 9407 unused Assets / (19.5 MB). Loaded Objects now: 10182.
Memory consumption went from 189.0 MB to 169.5 MB.
Total: 28.609400 ms (FindLiveObjects: 1.349700 ms CreateObjectMapping: 2.303200 ms MarkObjects: 15.432000 ms  DeleteObjects: 9.522300 ms)

Prepare: number of updated asset objects reloaded= 0
========================================================================
Received Import Request.
  Time since last request: 736070.360623 seconds.
  path: Assets/Scripts/LevelManager.cs
  artifactKey: Guid(547b8f3c9f5c9e04295d83de967a37b5) Importer(815301076,1909f56bfc062723c751e8b465ee728b)
Start importing Assets/Scripts/LevelManager.cs using Guid(547b8f3c9f5c9e04295d83de967a37b5) Importer(815301076,1909f56bfc062723c751e8b465ee728b) (PreviewImporter) -> (artifact id: '00000000000000000000000000000000') in 0.0115558 seconds
Import Error Code:(4)
Message: Build asset version error: assets/scripts/levelmanager.cs in SourceAssetDB has modification time of '2025-11-22T15:51:47.3516044Z' while content on disk has modification time of '2025-11-22T15:52:06.3580811Z'
  ERROR: Build asset version error: assets/scripts/levelmanager.cs in SourceAssetDB has modification time of '2025-11-22T15:51:47.3516044Z' while content on disk has modification time of '2025-11-22T15:52:06.3580811Z'
Number of updated asset objects reloaded before import = 0Number of asset objects unloaded after import = 0

========================================================================
Received Import Request.
  Time since last request: 0.000042 seconds.
  path: Assets/Scripts/LevelManager.cs
  artifactKey: Guid(547b8f3c9f5c9e04295d83de967a37b5) Importer(815301076,1909f56bfc062723c751e8b465ee728b)
Start importing Assets/Scripts/LevelManager.cs using Guid(547b8f3c9f5c9e04295d83de967a37b5) Importer(815301076,1909f56bfc062723c751e8b465ee728b) (PreviewImporter) -> (artifact id: '00000000000000000000000000000000') in 0.0006122 seconds
Import Error Code:(4)
Message: Build asset version error: assets/scripts/levelmanager.cs in SourceAssetDB has modification time of '2025-11-22T15:51:47.3516044Z' while content on disk has modification time of '2025-11-22T15:52:06.3580811Z'
  ERROR: Build asset version error: assets/scripts/levelmanager.cs in SourceAssetDB has modification time of '2025-11-22T15:51:47.3516044Z' while content on disk has modification time of '2025-11-22T15:52:06.3580811Z'
Number of updated asset objects reloaded before import = 0Number of asset objects unloaded after import = 0

========================================================================
Received Import Request.
  Time since last request: 0.000017 seconds.
  path: Assets/Scripts/LevelManager.cs
  artifactKey: Guid(547b8f3c9f5c9e04295d83de967a37b5) Importer(815301076,1909f56bfc062723c751e8b465ee728b)
Start importing Assets/Scripts/LevelManager.cs using Guid(547b8f3c9f5c9e04295d83de967a37b5) Importer(815301076,1909f56bfc062723c751e8b465ee728b) (PreviewImporter) -> (artifact id: '00000000000000000000000000000000') in 0.0006486 seconds
Import Error Code:(4)
Message: Build asset version error: assets/scripts/levelmanager.cs in SourceAssetDB has modification time of '2025-11-22T15:51:47.3516044Z' while content on disk has modification time of '2025-11-22T15:52:06.3580811Z'
  ERROR: Build asset version error: assets/scripts/levelmanager.cs in SourceAssetDB has modification time of '2025-11-22T15:51:47.3516044Z' while content on disk has modification time of '2025-11-22T15:52:06.3580811Z'
Number of updated asset objects reloaded before import = 0Number of asset objects unloaded after import = 0

========================================================================
Received Import Request.
  Time since last request: 0.000027 seconds.
  path: Assets/Scripts/LevelManager.cs
  artifactKey: Guid(547b8f3c9f5c9e04295d83de967a37b5) Importer(815301076,1909f56bfc062723c751e8b465ee728b)
Start importing Assets/Scripts/LevelManager.cs using Guid(547b8f3c9f5c9e04295d83de967a37b5) Importer(815301076,1909f56bfc062723c751e8b465ee728b) (PreviewImporter) -> (artifact id: '00000000000000000000000000000000') in 0.0006681 seconds
Import Error Code:(4)
Message: Build asset version error: assets/scripts/levelmanager.cs in SourceAssetDB has modification time of '2025-11-22T15:51:47.3516044Z' while content on disk has modification time of '2025-11-22T15:52:06.3580811Z'
  ERROR: Build asset version error: assets/scripts/levelmanager.cs in SourceAssetDB has modification time of '2025-11-22T15:51:47.3516044Z' while content on disk has modification time of '2025-11-22T15:52:06.3580811Z'
Number of updated asset objects reloaded before import = 0Number of asset objects unloaded after import = 0

========================================================================
Received Import Request.
  Time since last request: 0.000034 seconds.
  path: Assets/Scripts/LevelManager.cs
  artifactKey: Guid(547b8f3c9f5c9e04295d83de967a37b5) Importer(815301076,1909f56bfc062723c751e8b465ee728b)
Start importing Assets/Scripts/LevelManager.cs using Guid(547b8f3c9f5c9e04295d83de967a37b5) Importer(815301076,1909f56bfc062723c751e8b465ee728b) (PreviewImporter) -> (artifact id: '00000000000000000000000000000000') in 0.0005265 seconds
Import Error Code:(4)
Message: Build asset version error: assets/scripts/levelmanager.cs in SourceAssetDB has modification time of '2025-11-22T15:51:47.3516044Z' while content on disk has modification time of '2025-11-22T15:52:06.3580811Z'
  ERROR: Build asset version error: assets/scripts/levelmanager.cs in SourceAssetDB has modification time of '2025-11-22T15:51:47.3516044Z' while content on disk has modification time of '2025-11-22T15:52:06.3580811Z'
Number of updated asset objects reloaded before import = 0Number of asset objects unloaded after import = 0

========================================================================
Received Import Request.
  Time since last request: 0.000018 seconds.
  path: Assets/Scripts/LevelManager.cs
  artifactKey: Guid(547b8f3c9f5c9e04295d83de967a37b5) Importer(815301076,1909f56bfc062723c751e8b465ee728b)
Start importing Assets/Scripts/LevelManager.cs using Guid(547b8f3c9f5c9e04295d83de967a37b5) Importer(815301076,1909f56bfc062723c751e8b465ee728b) (PreviewImporter) -> (artifact id: '00000000000000000000000000000000') in 0.0007692 seconds
Import Error Code:(4)
Message: Build asset version error: assets/scripts/levelmanager.cs in SourceAssetDB has modification time of '2025-11-22T15:51:47.3516044Z' while content on disk has modification time of '2025-11-22T15:52:06.3580811Z'
  ERROR: Build asset version error: assets/scripts/levelmanager.cs in SourceAssetDB has modification time of '2025-11-22T15:51:47.3516044Z' while content on disk has modification time of '2025-11-22T15:52:06.3580811Z'
Number of updated asset objects reloaded before import = 0Number of asset objects unloaded after import = 0

========================================================================
Received Import Request.
  Time since last request: 0.000015 seconds.
  path: Assets/Scripts/LevelManager.cs
  artifactKey: Guid(547b8f3c9f5c9e04295d83de967a37b5) Importer(815301076,1909f56bfc062723c751e8b465ee728b)
Start importing Assets/Scripts/LevelManager.cs using Guid(547b8f3c9f5c9e04295d83de967a37b5) Importer(815301076,1909f56bfc062723c751e8b465ee728b) (PreviewImporter) -> (artifact id: '00000000000000000000000000000000') in 0.0005171 seconds
Import Error Code:(4)
Message: Build asset version error: assets/scripts/levelmanager.cs in SourceAssetDB has modification time of '2025-11-22T15:51:47.3516044Z' while content on disk has modification time of '2025-11-22T15:52:06.3580811Z'
  ERROR: Build asset version error: assets/scripts/levelmanager.cs in SourceAssetDB has modification time of '2025-11-22T15:51:47.3516044Z' while content on disk has modification time of '2025-11-22T15:52:06.3580811Z'
Number of updated asset objects reloaded before import = 0Number of asset objects unloaded after import = 0

========================================================================
Received Import Request.
  Time since last request: 0.000015 seconds.
  path: Assets/Scripts/LevelManager.cs
  artifactKey: Guid(547b8f3c9f5c9e04295d83de967a37b5) Importer(815301076,1909f56bfc062723c751e8b465ee728b)
Start importing Assets/Scripts/LevelManager.cs using Guid(547b8f3c9f5c9e04295d83de967a37b5) Importer(815301076,1909f56bfc062723c751e8b465ee728b) (PreviewImporter) -> (artifact id: '00000000000000000000000000000000') in 0.0005167 seconds
Import Error Code:(4)
Message: Build asset version error: assets/scripts/levelmanager.cs in SourceAssetDB has modification time of '2025-11-22T15:51:47.3516044Z' while content on disk has modification time of '2025-11-22T15:52:06.3580811Z'
  ERROR: Build asset version error: assets/scripts/levelmanager.cs in SourceAssetDB has modification time of '2025-11-22T15:51:47.3516044Z' while content on disk has modification time of '2025-11-22T15:52:06.3580811Z'
Number of updated asset objects reloaded before import = 0Number of asset objects unloaded after import = 0

========================================================================
Received Import Request.
  Time since last request: 0.000040 seconds.
  path: Assets/Scripts/LevelManager.cs
  artifactKey: Guid(547b8f3c9f5c9e04295d83de967a37b5) Importer(815301076,1909f56bfc062723c751e8b465ee728b)
Start importing Assets/Scripts/LevelManager.cs using Guid(547b8f3c9f5c9e04295d83de967a37b5) Importer(815301076,1909f56bfc062723c751e8b465ee728b) (PreviewImporter) -> (artifact id: '00000000000000000000000000000000') in 0.0005489 seconds
Import Error Code:(4)
Message: Build asset version error: assets/scripts/levelmanager.cs in SourceAssetDB has modification time of '2025-11-22T15:51:47.3516044Z' while content on disk has modification time of '2025-11-22T15:52:06.3580811Z'
  ERROR: Build asset version error: assets/scripts/levelmanager.cs in SourceAssetDB has modification time of '2025-11-22T15:51:47.3516044Z' while content on disk has modification time of '2025-11-22T15:52:06.3580811Z'
Number of updated asset objects reloaded before import = 0Number of asset objects unloaded after import = 0

========================================================================
Received Import Request.
  Time since last request: 0.000035 seconds.
  path: Assets/Scripts/LevelManager.cs
  artifactKey: Guid(547b8f3c9f5c9e04295d83de967a37b5) Importer(815301076,1909f56bfc062723c751e8b465ee728b)
Start importing Assets/Scripts/LevelManager.cs using Guid(547b8f3c9f5c9e04295d83de967a37b5) Importer(815301076,1909f56bfc062723c751e8b465ee728b) (PreviewImporter) -> (artifact id: '00000000000000000000000000000000') in 0.0005732 seconds
Import Error Code:(4)
Message: Build asset version error: assets/scripts/levelmanager.cs in SourceAssetDB has modification time of '2025-11-22T15:51:47.3516044Z' while content on disk has modification time of '2025-11-22T15:52:06.3580811Z'
  ERROR: Build asset version error: assets/scripts/levelmanager.cs in SourceAssetDB has modification time of '2025-11-22T15:51:47.3516044Z' while content on disk has modification time of '2025-11-22T15:52:06.3580811Z'
Number of updated asset objects reloaded before import = 0Number of asset objects unloaded after import = 0

========================================================================
Received Import Request.
  Time since last request: 0.000022 seconds.
  path: Assets/Scripts/LevelManager.cs
  artifactKey: Guid(547b8f3c9f5c9e04295d83de967a37b5) Importer(815301076,1909f56bfc062723c751e8b465ee728b)
Start importing Assets/Scripts/LevelManager.cs using Guid(547b8f3c9f5c9e04295d83de967a37b5) Importer(815301076,1909f56bfc062723c751e8b465ee728b) (PreviewImporter) -> (artifact id: '00000000000000000000000000000000') in 0.0006328 seconds
Import Error Code:(4)
Message: Build asset version error: assets/scripts/levelmanager.cs in SourceAssetDB has modification time of '2025-11-22T15:51:47.3516044Z' while content on disk has modification time of '2025-11-22T15:52:06.3580811Z'
  ERROR: Build asset version error: assets/scripts/levelmanager.cs in SourceAssetDB has modification time of '2025-11-22T15:51:47.3516044Z' while content on disk has modification time of '2025-11-22T15:52:06.3580811Z'
Number of updated asset objects reloaded before import = 0Number of asset objects unloaded after import = 0

========================================================================
Received Import Request.
  Time since last request: 0.000023 seconds.
  path: Assets/Scripts/LevelManager.cs
  artifactKey: Guid(547b8f3c9f5c9e04295d83de967a37b5) Importer(815301076,1909f56bfc062723c751e8b465ee728b)
Start importing Assets/Scripts/LevelManager.cs using Guid(547b8f3c9f5c9e04295d83de967a37b5) Importer(815301076,1909f56bfc062723c751e8b465ee728b) (PreviewImporter) -> (artifact id: '00000000000000000000000000000000') in 0.0005945 seconds
Import Error Code:(4)
Message: Build asset version error: assets/scripts/levelmanager.cs in SourceAssetDB has modification time of '2025-11-22T15:51:47.3516044Z' while content on disk has modification time of '2025-11-22T15:52:06.3580811Z'
  ERROR: Build asset version error: assets/scripts/levelmanager.cs in SourceAssetDB has modification time of '2025-11-22T15:51:47.3516044Z' while content on disk has modification time of '2025-11-22T15:52:06.3580811Z'
Number of updated asset objects reloaded before import = 0Number of asset objects unloaded after import = 0

========================================================================
Received Import Request.
  Time since last request: 0.000023 seconds.
  path: Assets/Scripts/LevelManager.cs
  artifactKey: Guid(547b8f3c9f5c9e04295d83de967a37b5) Importer(815301076,1909f56bfc062723c751e8b465ee728b)
Start importing Assets/Scripts/LevelManager.cs using Guid(547b8f3c9f5c9e04295d83de967a37b5) Importer(815301076,1909f56bfc062723c751e8b465ee728b) (PreviewImporter) -> (artifact id: '00000000000000000000000000000000') in 0.0006499 seconds
Import Error Code:(4)
Message: Build asset version error: assets/scripts/levelmanager.cs in SourceAssetDB has modification time of '2025-11-22T15:51:47.3516044Z' while content on disk has modification time of '2025-11-22T15:52:06.3580811Z'
  ERROR: Build asset version error: assets/scripts/levelmanager.cs in SourceAssetDB has modification time of '2025-11-22T15:51:47.3516044Z' while content on disk has modification time of '2025-11-22T15:52:06.3580811Z'
Number of updated asset objects reloaded before import = 0Number of asset objects unloaded after import = 0

========================================================================
Received Import Request.
  Time since last request: 0.000022 seconds.
  path: Assets/Scripts/LevelManager.cs
  artifactKey: Guid(547b8f3c9f5c9e04295d83de967a37b5) Importer(815301076,1909f56bfc062723c751e8b465ee728b)
Start importing Assets/Scripts/LevelManager.cs using Guid(547b8f3c9f5c9e04295d83de967a37b5) Importer(815301076,1909f56bfc062723c751e8b465ee728b) (PreviewImporter) -> (artifact id: '00000000000000000000000000000000') in 0.000725 seconds
Import Error Code:(4)
Message: Build asset version error: assets/scripts/levelmanager.cs in SourceAssetDB has modification time of '2025-11-22T15:51:47.3516044Z' while content on disk has modification time of '2025-11-22T15:52:06.3580811Z'
  ERROR: Build asset version error: assets/scripts/levelmanager.cs in SourceAssetDB has modification time of '2025-11-22T15:51:47.3516044Z' while content on disk has modification time of '2025-11-22T15:52:06.3580811Z'
Number of updated asset objects reloaded before import = 0Number of asset objects unloaded after import = 0

========================================================================
Received Import Request.
  Time since last request: 0.000038 seconds.
  path: Assets/Scripts/LevelManager.cs
  artifactKey: Guid(547b8f3c9f5c9e04295d83de967a37b5) Importer(815301076,1909f56bfc062723c751e8b465ee728b)
Start importing Assets/Scripts/LevelManager.cs using Guid(547b8f3c9f5c9e04295d83de967a37b5) Importer(815301076,1909f56bfc062723c751e8b465ee728b) (PreviewImporter) -> (artifact id: '00000000000000000000000000000000') in 0.0008974 seconds
Import Error Code:(4)
Message: Build asset version error: assets/scripts/levelmanager.cs in SourceAssetDB has modification time of '2025-11-22T15:51:47.3516044Z' while content on disk has modification time of '2025-11-22T15:52:06.3580811Z'
  ERROR: Build asset version error: assets/scripts/levelmanager.cs in SourceAssetDB has modification time of '2025-11-22T15:51:47.3516044Z' while content on disk has modification time of '2025-11-22T15:52:06.3580811Z'
Number of updated asset objects reloaded before import = 0Number of asset objects unloaded after import = 0

========================================================================
Received Import Request.
  Time since last request: 0.000021 seconds.
  path: Assets/Scripts/LevelManager.cs
  artifactKey: Guid(547b8f3c9f5c9e04295d83de967a37b5) Importer(815301076,1909f56bfc062723c751e8b465ee728b)
Start importing Assets/Scripts/LevelManager.cs using Guid(547b8f3c9f5c9e04295d83de967a37b5) Importer(815301076,1909f56bfc062723c751e8b465ee728b) (PreviewImporter) -> (artifact id: '00000000000000000000000000000000') in 0.0006991 seconds
Import Error Code:(4)
Message: Build asset version error: assets/scripts/levelmanager.cs in SourceAssetDB has modification time of '2025-11-22T15:51:47.3516044Z' while content on disk has modification time of '2025-11-22T15:52:06.3580811Z'
  ERROR: Build asset version error: assets/scripts/levelmanager.cs in SourceAssetDB has modification time of '2025-11-22T15:51:47.3516044Z' while content on disk has modification time of '2025-11-22T15:52:06.3580811Z'
Number of updated asset objects reloaded before import = 0Number of asset objects unloaded after import = 0

========================================================================
Received Import Request.
  Time since last request: 0.000021 seconds.
  path: Assets/Scripts/LevelManager.cs
  artifactKey: Guid(547b8f3c9f5c9e04295d83de967a37b5) Importer(815301076,1909f56bfc062723c751e8b465ee728b)
Start importing Assets/Scripts/LevelManager.cs using Guid(547b8f3c9f5c9e04295d83de967a37b5) Importer(815301076,1909f56bfc062723c751e8b465ee728b) (PreviewImporter) -> (artifact id: '00000000000000000000000000000000') in 0.0007665 seconds
Import Error Code:(4)
Message: Build asset version error: assets/scripts/levelmanager.cs in SourceAssetDB has modification time of '2025-11-22T15:51:47.3516044Z' while content on disk has modification time of '2025-11-22T15:52:06.3580811Z'
  ERROR: Build asset version error: assets/scripts/levelmanager.cs in SourceAssetDB has modification time of '2025-11-22T15:51:47.3516044Z' while content on disk has modification time of '2025-11-22T15:52:06.3580811Z'
Number of updated asset objects reloaded before import = 0Number of asset objects unloaded after import = 0

========================================================================
Received Import Request.
  Time since last request: 0.000042 seconds.
  path: Assets/Scripts/LevelManager.cs
  artifactKey: Guid(547b8f3c9f5c9e04295d83de967a37b5) Importer(815301076,1909f56bfc062723c751e8b465ee728b)
Start importing Assets/Scripts/LevelManager.cs using Guid(547b8f3c9f5c9e04295d83de967a37b5) Importer(815301076,1909f56bfc062723c751e8b465ee728b) (PreviewImporter) -> (artifact id: '00000000000000000000000000000000') in 0.0005389 seconds
Import Error Code:(4)
Message: Build asset version error: assets/scripts/levelmanager.cs in SourceAssetDB has modification time of '2025-11-22T15:51:47.3516044Z' while content on disk has modification time of '2025-11-22T15:52:06.3580811Z'
  ERROR: Build asset version error: assets/scripts/levelmanager.cs in SourceAssetDB has modification time of '2025-11-22T15:51:47.3516044Z' while content on disk has modification time of '2025-11-22T15:52:06.3580811Z'
Number of updated asset objects reloaded before import = 0Number of asset objects unloaded after import = 0

========================================================================
Received Import Request.
  Time since last request: 0.000030 seconds.
  path: Assets/Scripts/LevelManager.cs
  artifactKey: Guid(547b8f3c9f5c9e04295d83de967a37b5) Importer(815301076,1909f56bfc062723c751e8b465ee728b)
Start importing Assets/Scripts/LevelManager.cs using Guid(547b8f3c9f5c9e04295d83de967a37b5) Importer(815301076,1909f56bfc062723c751e8b465ee728b) (PreviewImporter) -> (artifact id: '00000000000000000000000000000000') in 0.0005511 seconds
Import Error Code:(4)
Message: Build asset version error: assets/scripts/levelmanager.cs in SourceAssetDB has modification time of '2025-11-22T15:51:47.3516044Z' while content on disk has modification time of '2025-11-22T15:52:06.3580811Z'
  ERROR: Build asset version error: assets/scripts/levelmanager.cs in SourceAssetDB has modification time of '2025-11-22T15:51:47.3516044Z' while content on disk has modification time of '2025-11-22T15:52:06.3580811Z'
Number of updated asset objects reloaded before import = 0Number of asset objects unloaded after import = 0

========================================================================
Received Import Request.
  Time since last request: 0.000014 seconds.
  path: Assets/Scripts/LevelManager.cs
  artifactKey: Guid(547b8f3c9f5c9e04295d83de967a37b5) Importer(815301076,1909f56bfc062723c751e8b465ee728b)
Start importing Assets/Scripts/LevelManager.cs using Guid(547b8f3c9f5c9e04295d83de967a37b5) Importer(815301076,1909f56bfc062723c751e8b465ee728b) (PreviewImporter) -> (artifact id: '00000000000000000000000000000000') in 0.0005108 seconds
Import Error Code:(4)
Message: Build asset version error: assets/scripts/levelmanager.cs in SourceAssetDB has modification time of '2025-11-22T15:51:47.3516044Z' while content on disk has modification time of '2025-11-22T15:52:06.3580811Z'
  ERROR: Build asset version error: assets/scripts/levelmanager.cs in SourceAssetDB has modification time of '2025-11-22T15:51:47.3516044Z' while content on disk has modification time of '2025-11-22T15:52:06.3580811Z'
Number of updated asset objects reloaded before import = 0Number of asset objects unloaded after import = 0

========================================================================
Received Import Request.
  Time since last request: 0.000019 seconds.
  path: Assets/Scripts/LevelManager.cs
  artifactKey: Guid(547b8f3c9f5c9e04295d83de967a37b5) Importer(815301076,1909f56bfc062723c751e8b465ee728b)
Start importing Assets/Scripts/LevelManager.cs using Guid(547b8f3c9f5c9e04295d83de967a37b5) Importer(815301076,1909f56bfc062723c751e8b465ee728b) (PreviewImporter) -> (artifact id: '00000000000000000000000000000000') in 0.0006041 seconds
Import Error Code:(4)
Message: Build asset version error: assets/scripts/levelmanager.cs in SourceAssetDB has modification time of '2025-11-22T15:51:47.3516044Z' while content on disk has modification time of '2025-11-22T15:52:06.3580811Z'
  ERROR: Build asset version error: assets/scripts/levelmanager.cs in SourceAssetDB has modification time of '2025-11-22T15:51:47.3516044Z' while content on disk has modification time of '2025-11-22T15:52:06.3580811Z'
Number of updated asset objects reloaded before import = 0Number of asset objects unloaded after import = 0

========================================================================
Received Import Request.
  Time since last request: 0.000020 seconds.
  path: Assets/Scripts/LevelManager.cs
  artifactKey: Guid(547b8f3c9f5c9e04295d83de967a37b5) Importer(815301076,1909f56bfc062723c751e8b465ee728b)
Start importing Assets/Scripts/LevelManager.cs using Guid(547b8f3c9f5c9e04295d83de967a37b5) Importer(815301076,1909f56bfc062723c751e8b465ee728b) (PreviewImporter) -> (artifact id: '00000000000000000000000000000000') in 0.0006216 seconds
Import Error Code:(4)
Message: Build asset version error: assets/scripts/levelmanager.cs in SourceAssetDB has modification time of '2025-11-22T15:51:47.3516044Z' while content on disk has modification time of '2025-11-22T15:52:06.3580811Z'
  ERROR: Build asset version error: assets/scripts/levelmanager.cs in SourceAssetDB has modification time of '2025-11-22T15:51:47.3516044Z' while content on disk has modification time of '2025-11-22T15:52:06.3580811Z'
Number of updated asset objects reloaded before import = 0Number of asset objects unloaded after import = 0

========================================================================
Received Import Request.
  Time since last request: 0.000022 seconds.
  path: Assets/Scripts/LevelManager.cs
  artifactKey: Guid(547b8f3c9f5c9e04295d83de967a37b5) Importer(815301076,1909f56bfc062723c751e8b465ee728b)
Start importing Assets/Scripts/LevelManager.cs using Guid(547b8f3c9f5c9e04295d83de967a37b5) Importer(815301076,1909f56bfc062723c751e8b465ee728b) (PreviewImporter) -> (artifact id: '00000000000000000000000000000000') in 0.0005068 seconds
Import Error Code:(4)
Message: Build asset version error: assets/scripts/levelmanager.cs in SourceAssetDB has modification time of '2025-11-22T15:51:47.3516044Z' while content on disk has modification time of '2025-11-22T15:52:06.3580811Z'
  ERROR: Build asset version error: assets/scripts/levelmanager.cs in SourceAssetDB has modification time of '2025-11-22T15:51:47.3516044Z' while content on disk has modification time of '2025-11-22T15:52:06.3580811Z'
Number of updated asset objects reloaded before import = 0Number of asset objects unloaded after import = 0

========================================================================
Received Import Request.
  Time since last request: 0.000027 seconds.
  path: Assets/Scripts/LevelManager.cs
  artifactKey: Guid(547b8f3c9f5c9e04295d83de967a37b5) Importer(815301076,1909f56bfc062723c751e8b465ee728b)
Start importing Assets/Scripts/LevelManager.cs using Guid(547b8f3c9f5c9e04295d83de967a37b5) Importer(815301076,1909f56bfc062723c751e8b465ee728b) (PreviewImporter) -> (artifact id: '00000000000000000000000000000000') in 0.0007766 seconds
Import Error Code:(4)
Message: Build asset version error: assets/scripts/levelmanager.cs in SourceAssetDB has modification time of '2025-11-22T15:51:47.3516044Z' while content on disk has modification time of '2025-11-22T15:52:06.3580811Z'
  ERROR: Build asset version error: assets/scripts/levelmanager.cs in SourceAssetDB has modification time of '2025-11-22T15:51:47.3516044Z' while content on disk has modification time of '2025-11-22T15:52:06.3580811Z'
Number of updated asset objects reloaded before import = 0Number of asset objects unloaded after import = 0

========================================================================
Received Import Request.
  Time since last request: 0.000016 seconds.
  path: Assets/Scripts/LevelManager.cs
  artifactKey: Guid(547b8f3c9f5c9e04295d83de967a37b5) Importer(815301076,1909f56bfc062723c751e8b465ee728b)
Start importing Assets/Scripts/LevelManager.cs using Guid(547b8f3c9f5c9e04295d83de967a37b5) Importer(815301076,1909f56bfc062723c751e8b465ee728b) (PreviewImporter) -> (artifact id: '00000000000000000000000000000000') in 0.00058 seconds
Import Error Code:(4)
Message: Build asset version error: assets/scripts/levelmanager.cs in SourceAssetDB has modification time of '2025-11-22T15:51:47.3516044Z' while content on disk has modification time of '2025-11-22T15:52:06.3580811Z'
  ERROR: Build asset version error: assets/scripts/levelmanager.cs in SourceAssetDB has modification time of '2025-11-22T15:51:47.3516044Z' while content on disk has modification time of '2025-11-22T15:52:06.3580811Z'
Number of updated asset objects reloaded before import = 0Number of asset objects unloaded after import = 0

========================================================================
Received Import Request.
  Time since last request: 0.000020 seconds.
  path: Assets/Scripts/LevelManager.cs
  artifactKey: Guid(547b8f3c9f5c9e04295d83de967a37b5) Importer(815301076,1909f56bfc062723c751e8b465ee728b)
Start importing Assets/Scripts/LevelManager.cs using Guid(547b8f3c9f5c9e04295d83de967a37b5) Importer(815301076,1909f56bfc062723c751e8b465ee728b) (PreviewImporter) -> (artifact id: '00000000000000000000000000000000') in 0.0005412 seconds
Import Error Code:(4)
Message: Build asset version error: assets/scripts/levelmanager.cs in SourceAssetDB has modification time of '2025-11-22T15:51:47.3516044Z' while content on disk has modification time of '2025-11-22T15:52:06.3580811Z'
  ERROR: Build asset version error: assets/scripts/levelmanager.cs in SourceAssetDB has modification time of '2025-11-22T15:51:47.3516044Z' while content on disk has modification time of '2025-11-22T15:52:06.3580811Z'
Number of updated asset objects reloaded before import = 0Number of asset objects unloaded after import = 0

========================================================================
Received Import Request.
  Time since last request: 0.000016 seconds.
  path: Assets/Scripts/LevelManager.cs
  artifactKey: Guid(547b8f3c9f5c9e04295d83de967a37b5) Importer(815301076,1909f56bfc062723c751e8b465ee728b)
Start importing Assets/Scripts/LevelManager.cs using Guid(547b8f3c9f5c9e04295d83de967a37b5) Importer(815301076,1909f56bfc062723c751e8b465ee728b) (PreviewImporter) -> (artifact id: '00000000000000000000000000000000') in 0.0005144 seconds
Import Error Code:(4)
Message: Build asset version error: assets/scripts/levelmanager.cs in SourceAssetDB has modification time of '2025-11-22T15:51:47.3516044Z' while content on disk has modification time of '2025-11-22T15:52:06.3580811Z'
  ERROR: Build asset version error: assets/scripts/levelmanager.cs in SourceAssetDB has modification time of '2025-11-22T15:51:47.3516044Z' while content on disk has modification time of '2025-11-22T15:52:06.3580811Z'
Number of updated asset objects reloaded before import = 0Number of asset objects unloaded after import = 0

========================================================================
Received Import Request.
  Time since last request: 0.000023 seconds.
  path: Assets/Scripts/LevelManager.cs
  artifactKey: Guid(547b8f3c9f5c9e04295d83de967a37b5) Importer(815301076,1909f56bfc062723c751e8b465ee728b)
Start importing Assets/Scripts/LevelManager.cs using Guid(547b8f3c9f5c9e04295d83de967a37b5) Importer(815301076,1909f56bfc062723c751e8b465ee728b) (PreviewImporter) -> (artifact id: '00000000000000000000000000000000') in 0.0005406 seconds
Import Error Code:(4)
Message: Build asset version error: assets/scripts/levelmanager.cs in SourceAssetDB has modification time of '2025-11-22T15:51:47.3516044Z' while content on disk has modification time of '2025-11-22T15:52:06.3580811Z'
  ERROR: Build asset version error: assets/scripts/levelmanager.cs in SourceAssetDB has modification time of '2025-11-22T15:51:47.3516044Z' while content on disk has modification time of '2025-11-22T15:52:06.3580811Z'
Number of updated asset objects reloaded before import = 0Number of asset objects unloaded after import = 0

========================================================================
Received Import Request.
  Time since last request: 0.000046 seconds.
  path: Assets/Scripts/LevelManager.cs
  artifactKey: Guid(547b8f3c9f5c9e04295d83de967a37b5) Importer(815301076,1909f56bfc062723c751e8b465ee728b)
Start importing Assets/Scripts/LevelManager.cs using Guid(547b8f3c9f5c9e04295d83de967a37b5) Importer(815301076,1909f56bfc062723c751e8b465ee728b) (PreviewImporter) -> (artifact id: '00000000000000000000000000000000') in 0.0006072 seconds
Import Error Code:(4)
Message: Build asset version error: assets/scripts/levelmanager.cs in SourceAssetDB has modification time of '2025-11-22T15:51:47.3516044Z' while content on disk has modification time of '2025-11-22T15:52:06.3580811Z'
  ERROR: Build asset version error: assets/scripts/levelmanager.cs in SourceAssetDB has modification time of '2025-11-22T15:51:47.3516044Z' while content on disk has modification time of '2025-11-22T15:52:06.3580811Z'
Number of updated asset objects reloaded before import = 0Number of asset objects unloaded after import = 0

========================================================================
Received Import Request.
  Time since last request: 0.000020 seconds.
  path: Assets/Scripts/LevelManager.cs
  artifactKey: Guid(547b8f3c9f5c9e04295d83de967a37b5) Importer(815301076,1909f56bfc062723c751e8b465ee728b)
Start importing Assets/Scripts/LevelManager.cs using Guid(547b8f3c9f5c9e04295d83de967a37b5) Importer(815301076,1909f56bfc062723c751e8b465ee728b) (PreviewImporter) -> (artifact id: '00000000000000000000000000000000') in 0.0006197 seconds
Import Error Code:(4)
Message: Build asset version error: assets/scripts/levelmanager.cs in SourceAssetDB has modification time of '2025-11-22T15:51:47.3516044Z' while content on disk has modification time of '2025-11-22T15:52:06.3580811Z'
  ERROR: Build asset version error: assets/scripts/levelmanager.cs in SourceAssetDB has modification time of '2025-11-22T15:51:47.3516044Z' while content on disk has modification time of '2025-11-22T15:52:06.3580811Z'
Number of updated asset objects reloaded before import = 0Number of asset objects unloaded after import = 0

========================================================================
Received Import Request.
  Time since last request: 0.000015 seconds.
  path: Assets/Scripts/LevelManager.cs
  artifactKey: Guid(547b8f3c9f5c9e04295d83de967a37b5) Importer(815301076,1909f56bfc062723c751e8b465ee728b)
Start importing Assets/Scripts/LevelManager.cs using Guid(547b8f3c9f5c9e04295d83de967a37b5) Importer(815301076,1909f56bfc062723c751e8b465ee728b) (PreviewImporter) -> (artifact id: '00000000000000000000000000000000') in 0.0005434 seconds
Import Error Code:(4)
Message: Build asset version error: assets/scripts/levelmanager.cs in SourceAssetDB has modification time of '2025-11-22T15:51:47.3516044Z' while content on disk has modification time of '2025-11-22T15:52:06.3580811Z'
  ERROR: Build asset version error: assets/scripts/levelmanager.cs in SourceAssetDB has modification time of '2025-11-22T15:51:47.3516044Z' while content on disk has modification time of '2025-11-22T15:52:06.3580811Z'
Number of updated asset objects reloaded before import = 0Number of asset objects unloaded after import = 0

========================================================================
Received Import Request.
  Time since last request: 0.000021 seconds.
  path: Assets/Scripts/LevelManager.cs
  artifactKey: Guid(547b8f3c9f5c9e04295d83de967a37b5) Importer(815301076,1909f56bfc062723c751e8b465ee728b)
Start importing Assets/Scripts/LevelManager.cs using Guid(547b8f3c9f5c9e04295d83de967a37b5) Importer(815301076,1909f56bfc062723c751e8b465ee728b) (PreviewImporter) -> (artifact id: '00000000000000000000000000000000') in 0.0005177 seconds
Import Error Code:(4)
Message: Build asset version error: assets/scripts/levelmanager.cs in SourceAssetDB has modification time of '2025-11-22T15:51:47.3516044Z' while content on disk has modification time of '2025-11-22T15:52:06.3580811Z'
  ERROR: Build asset version error: assets/scripts/levelmanager.cs in SourceAssetDB has modification time of '2025-11-22T15:51:47.3516044Z' while content on disk has modification time of '2025-11-22T15:52:06.3580811Z'
Number of updated asset objects reloaded before import = 0Number of asset objects unloaded after import = 0

========================================================================
Received Import Request.
  Time since last request: 0.000023 seconds.
  path: Assets/Scripts/LevelManager.cs
  artifactKey: Guid(547b8f3c9f5c9e04295d83de967a37b5) Importer(815301076,1909f56bfc062723c751e8b465ee728b)
Start importing Assets/Scripts/LevelManager.cs using Guid(547b8f3c9f5c9e04295d83de967a37b5) Importer(815301076,1909f56bfc062723c751e8b465ee728b) (PreviewImporter) -> (artifact id: '00000000000000000000000000000000') in 0.000705 seconds
Import Error Code:(4)
Message: Build asset version error: assets/scripts/levelmanager.cs in SourceAssetDB has modification time of '2025-11-22T15:51:47.3516044Z' while content on disk has modification time of '2025-11-22T15:52:06.3580811Z'
  ERROR: Build asset version error: assets/scripts/levelmanager.cs in SourceAssetDB has modification time of '2025-11-22T15:51:47.3516044Z' while content on disk has modification time of '2025-11-22T15:52:06.3580811Z'
Number of updated asset objects reloaded before import = 0Number of asset objects unloaded after import = 0

========================================================================
Received Import Request.
  Time since last request: 0.000031 seconds.
  path: Assets/Scripts/LevelManager.cs
  artifactKey: Guid(547b8f3c9f5c9e04295d83de967a37b5) Importer(815301076,1909f56bfc062723c751e8b465ee728b)
Start importing Assets/Scripts/LevelManager.cs using Guid(547b8f3c9f5c9e04295d83de967a37b5) Importer(815301076,1909f56bfc062723c751e8b465ee728b) (PreviewImporter) -> (artifact id: '00000000000000000000000000000000') in 0.0005932 seconds
Import Error Code:(4)
Message: Build asset version error: assets/scripts/levelmanager.cs in SourceAssetDB has modification time of '2025-11-22T15:51:47.3516044Z' while content on disk has modification time of '2025-11-22T15:52:06.3580811Z'
  ERROR: Build asset version error: assets/scripts/levelmanager.cs in SourceAssetDB has modification time of '2025-11-22T15:51:47.3516044Z' while content on disk has modification time of '2025-11-22T15:52:06.3580811Z'
Number of updated asset objects reloaded before import = 0Number of asset objects unloaded after import = 0

========================================================================
Received Import Request.
  Time since last request: 0.000021 seconds.
  path: Assets/Scripts/LevelManager.cs
  artifactKey: Guid(547b8f3c9f5c9e04295d83de967a37b5) Importer(815301076,1909f56bfc062723c751e8b465ee728b)
Start importing Assets/Scripts/LevelManager.cs using Guid(547b8f3c9f5c9e04295d83de967a37b5) Importer(815301076,1909f56bfc062723c751e8b465ee728b) (PreviewImporter) -> (artifact id: '00000000000000000000000000000000') in 0.0006877 seconds
Import Error Code:(4)
Message: Build asset version error: assets/scripts/levelmanager.cs in SourceAssetDB has modification time of '2025-11-22T15:51:47.3516044Z' while content on disk has modification time of '2025-11-22T15:52:06.3580811Z'
  ERROR: Build asset version error: assets/scripts/levelmanager.cs in SourceAssetDB has modification time of '2025-11-22T15:51:47.3516044Z' while content on disk has modification time of '2025-11-22T15:52:06.3580811Z'
Number of updated asset objects reloaded before import = 0Number of asset objects unloaded after import = 0

========================================================================
Received Import Request.
  Time since last request: 0.000024 seconds.
  path: Assets/Scripts/LevelManager.cs
  artifactKey: Guid(547b8f3c9f5c9e04295d83de967a37b5) Importer(815301076,1909f56bfc062723c751e8b465ee728b)
Start importing Assets/Scripts/LevelManager.cs using Guid(547b8f3c9f5c9e04295d83de967a37b5) Importer(815301076,1909f56bfc062723c751e8b465ee728b) (PreviewImporter) -> (artifact id: '00000000000000000000000000000000') in 0.0005681 seconds
Import Error Code:(4)
Message: Build asset version error: assets/scripts/levelmanager.cs in SourceAssetDB has modification time of '2025-11-22T15:51:47.3516044Z' while content on disk has modification time of '2025-11-22T15:52:06.3580811Z'
  ERROR: Build asset version error: assets/scripts/levelmanager.cs in SourceAssetDB has modification time of '2025-11-22T15:51:47.3516044Z' while content on disk has modification time of '2025-11-22T15:52:06.3580811Z'
Number of updated asset objects reloaded before import = 0Number of asset objects unloaded after import = 0

========================================================================
Received Import Request.
  Time since last request: 0.000022 seconds.
  path: Assets/Scripts/LevelManager.cs
  artifactKey: Guid(547b8f3c9f5c9e04295d83de967a37b5) Importer(815301076,1909f56bfc062723c751e8b465ee728b)
Start importing Assets/Scripts/LevelManager.cs using Guid(547b8f3c9f5c9e04295d83de967a37b5) Importer(815301076,1909f56bfc062723c751e8b465ee728b) (PreviewImporter) -> (artifact id: '00000000000000000000000000000000') in 0.0006295 seconds
Import Error Code:(4)
Message: Build asset version error: assets/scripts/levelmanager.cs in SourceAssetDB has modification time of '2025-11-22T15:51:47.3516044Z' while content on disk has modification time of '2025-11-22T15:52:06.3580811Z'
  ERROR: Build asset version error: assets/scripts/levelmanager.cs in SourceAssetDB has modification time of '2025-11-22T15:51:47.3516044Z' while content on disk has modification time of '2025-11-22T15:52:06.3580811Z'
Number of updated asset objects reloaded before import = 0Number of asset objects unloaded after import = 0

========================================================================
Received Import Request.
  Time since last request: 0.000024 seconds.
  path: Assets/Scripts/LevelManager.cs
  artifactKey: Guid(547b8f3c9f5c9e04295d83de967a37b5) Importer(815301076,1909f56bfc062723c751e8b465ee728b)
Start importing Assets/Scripts/LevelManager.cs using Guid(547b8f3c9f5c9e04295d83de967a37b5) Importer(815301076,1909f56bfc062723c751e8b465ee728b) (PreviewImporter) -> (artifact id: '00000000000000000000000000000000') in 0.0005614 seconds
Import Error Code:(4)
Message: Build asset version error: assets/scripts/levelmanager.cs in SourceAssetDB has modification time of '2025-11-22T15:51:47.3516044Z' while content on disk has modification time of '2025-11-22T15:52:06.3580811Z'
  ERROR: Build asset version error: assets/scripts/levelmanager.cs in SourceAssetDB has modification time of '2025-11-22T15:51:47.3516044Z' while content on disk has modification time of '2025-11-22T15:52:06.3580811Z'
Number of updated asset objects reloaded before import = 0Number of asset objects unloaded after import = 0

========================================================================
Received Import Request.
  Time since last request: 0.000030 seconds.
  path: Assets/Scripts/LevelManager.cs
  artifactKey: Guid(547b8f3c9f5c9e04295d83de967a37b5) Importer(815301076,1909f56bfc062723c751e8b465ee728b)
Start importing Assets/Scripts/LevelManager.cs using Guid(547b8f3c9f5c9e04295d83de967a37b5) Importer(815301076,1909f56bfc062723c751e8b465ee728b) (PreviewImporter) -> (artifact id: '00000000000000000000000000000000') in 0.0006216 seconds
Import Error Code:(4)
Message: Build asset version error: assets/scripts/levelmanager.cs in SourceAssetDB has modification time of '2025-11-22T15:51:47.3516044Z' while content on disk has modification time of '2025-11-22T15:52:06.3580811Z'
  ERROR: Build asset version error: assets/scripts/levelmanager.cs in SourceAssetDB has modification time of '2025-11-22T15:51:47.3516044Z' while content on disk has modification time of '2025-11-22T15:52:06.3580811Z'
Number of updated asset objects reloaded before import = 0Number of asset objects unloaded after import = 0

========================================================================
Received Import Request.
  Time since last request: 0.000021 seconds.
  path: Assets/Scripts/LevelManager.cs
  artifactKey: Guid(547b8f3c9f5c9e04295d83de967a37b5) Importer(815301076,1909f56bfc062723c751e8b465ee728b)
Start importing Assets/Scripts/LevelManager.cs using Guid(547b8f3c9f5c9e04295d83de967a37b5) Importer(815301076,1909f56bfc062723c751e8b465ee728b) (PreviewImporter) -> (artifact id: '00000000000000000000000000000000') in 0.0006138 seconds
Import Error Code:(4)
Message: Build asset version error: assets/scripts/levelmanager.cs in SourceAssetDB has modification time of '2025-11-22T15:51:47.3516044Z' while content on disk has modification time of '2025-11-22T15:52:06.3580811Z'
  ERROR: Build asset version error: assets/scripts/levelmanager.cs in SourceAssetDB has modification time of '2025-11-22T15:51:47.3516044Z' while content on disk has modification time of '2025-11-22T15:52:06.3580811Z'
Number of updated asset objects reloaded before import = 0Number of asset objects unloaded after import = 0

========================================================================
Received Import Request.
  Time since last request: 0.000020 seconds.
  path: Assets/Scripts/LevelManager.cs
  artifactKey: Guid(547b8f3c9f5c9e04295d83de967a37b5) Importer(815301076,1909f56bfc062723c751e8b465ee728b)
Start importing Assets/Scripts/LevelManager.cs using Guid(547b8f3c9f5c9e04295d83de967a37b5) Importer(815301076,1909f56bfc062723c751e8b465ee728b) (PreviewImporter) -> (artifact id: '00000000000000000000000000000000') in 0.0005502 seconds
Import Error Code:(4)
Message: Build asset version error: assets/scripts/levelmanager.cs in SourceAssetDB has modification time of '2025-11-22T15:51:47.3516044Z' while content on disk has modification time of '2025-11-22T15:52:06.3580811Z'
  ERROR: Build asset version error: assets/scripts/levelmanager.cs in SourceAssetDB has modification time of '2025-11-22T15:51:47.3516044Z' while content on disk has modification time of '2025-11-22T15:52:06.3580811Z'
Number of updated asset objects reloaded before import = 0Number of asset objects unloaded after import = 0

========================================================================
Received Import Request.
  Time since last request: 0.000021 seconds.
  path: Assets/Scripts/LevelManager.cs
  artifactKey: Guid(547b8f3c9f5c9e04295d83de967a37b5) Importer(815301076,1909f56bfc062723c751e8b465ee728b)
Start importing Assets/Scripts/LevelManager.cs using Guid(547b8f3c9f5c9e04295d83de967a37b5) Importer(815301076,1909f56bfc062723c751e8b465ee728b) (PreviewImporter) -> (artifact id: '00000000000000000000000000000000') in 0.0006127 seconds
Import Error Code:(4)
Message: Build asset version error: assets/scripts/levelmanager.cs in SourceAssetDB has modification time of '2025-11-22T15:51:47.3516044Z' while content on disk has modification time of '2025-11-22T15:52:06.3580811Z'
  ERROR: Build asset version error: assets/scripts/levelmanager.cs in SourceAssetDB has modification time of '2025-11-22T15:51:47.3516044Z' while content on disk has modification time of '2025-11-22T15:52:06.3580811Z'
Number of updated asset objects reloaded before import = 0Number of asset objects unloaded after import = 0

========================================================================
Received Import Request.
  Time since last request: 0.000035 seconds.
  path: Assets/Scripts/LevelManager.cs
  artifactKey: Guid(547b8f3c9f5c9e04295d83de967a37b5) Importer(815301076,1909f56bfc062723c751e8b465ee728b)
Start importing Assets/Scripts/LevelManager.cs using Guid(547b8f3c9f5c9e04295d83de967a37b5) Importer(815301076,1909f56bfc062723c751e8b465ee728b) (PreviewImporter) -> (artifact id: '00000000000000000000000000000000') in 0.0005762 seconds
Import Error Code:(4)
Message: Build asset version error: assets/scripts/levelmanager.cs in SourceAssetDB has modification time of '2025-11-22T15:51:47.3516044Z' while content on disk has modification time of '2025-11-22T15:52:06.3580811Z'
  ERROR: Build asset version error: assets/scripts/levelmanager.cs in SourceAssetDB has modification time of '2025-11-22T15:51:47.3516044Z' while content on disk has modification time of '2025-11-22T15:52:06.3580811Z'
Number of updated asset objects reloaded before import = 0Number of asset objects unloaded after import = 0

========================================================================
Received Import Request.
  Time since last request: 0.000017 seconds.
  path: Assets/Scripts/LevelManager.cs
  artifactKey: Guid(547b8f3c9f5c9e04295d83de967a37b5) Importer(815301076,1909f56bfc062723c751e8b465ee728b)
Start importing Assets/Scripts/LevelManager.cs using Guid(547b8f3c9f5c9e04295d83de967a37b5) Importer(815301076,1909f56bfc062723c751e8b465ee728b) (PreviewImporter) -> (artifact id: '00000000000000000000000000000000') in 0.0006541 seconds
Import Error Code:(4)
Message: Build asset version error: assets/scripts/levelmanager.cs in SourceAssetDB has modification time of '2025-11-22T15:51:47.3516044Z' while content on disk has modification time of '2025-11-22T15:52:06.3580811Z'
  ERROR: Build asset version error: assets/scripts/levelmanager.cs in SourceAssetDB has modification time of '2025-11-22T15:51:47.3516044Z' while content on disk has modification time of '2025-11-22T15:52:06.3580811Z'
Number of updated asset objects reloaded before import = 0Number of asset objects unloaded after import = 0

========================================================================
Received Import Request.
  Time since last request: 0.000021 seconds.
  path: Assets/Scripts/LevelManager.cs
  artifactKey: Guid(547b8f3c9f5c9e04295d83de967a37b5) Importer(815301076,1909f56bfc062723c751e8b465ee728b)
Start importing Assets/Scripts/LevelManager.cs using Guid(547b8f3c9f5c9e04295d83de967a37b5) Importer(815301076,1909f56bfc062723c751e8b465ee728b) (PreviewImporter) -> (artifact id: '00000000000000000000000000000000') in 0.0005773 seconds
Import Error Code:(4)
Message: Build asset version error: assets/scripts/levelmanager.cs in SourceAssetDB has modification time of '2025-11-22T15:51:47.3516044Z' while content on disk has modification time of '2025-11-22T15:52:06.3580811Z'
  ERROR: Build asset version error: assets/scripts/levelmanager.cs in SourceAssetDB has modification time of '2025-11-22T15:51:47.3516044Z' while content on disk has modification time of '2025-11-22T15:52:06.3580811Z'
Number of updated asset objects reloaded before import = 0Number of asset objects unloaded after import = 0

========================================================================
Received Import Request.
  Time since last request: 0.000021 seconds.
  path: Assets/Scripts/LevelManager.cs
  artifactKey: Guid(547b8f3c9f5c9e04295d83de967a37b5) Importer(815301076,1909f56bfc062723c751e8b465ee728b)
Start importing Assets/Scripts/LevelManager.cs using Guid(547b8f3c9f5c9e04295d83de967a37b5) Importer(815301076,1909f56bfc062723c751e8b465ee728b) (PreviewImporter) -> (artifact id: '00000000000000000000000000000000') in 0.000615 seconds
Import Error Code:(4)
Message: Build asset version error: assets/scripts/levelmanager.cs in SourceAssetDB has modification time of '2025-11-22T15:51:47.3516044Z' while content on disk has modification time of '2025-11-22T15:52:06.3580811Z'
  ERROR: Build asset version error: assets/scripts/levelmanager.cs in SourceAssetDB has modification time of '2025-11-22T15:51:47.3516044Z' while content on disk has modification time of '2025-11-22T15:52:06.3580811Z'
Number of updated asset objects reloaded before import = 0Number of asset objects unloaded after import = 0

========================================================================
Received Import Request.
  Time since last request: 0.000026 seconds.
  path: Assets/Scripts/LevelManager.cs
  artifactKey: Guid(547b8f3c9f5c9e04295d83de967a37b5) Importer(815301076,1909f56bfc062723c751e8b465ee728b)
Start importing Assets/Scripts/LevelManager.cs using Guid(547b8f3c9f5c9e04295d83de967a37b5) Importer(815301076,1909f56bfc062723c751e8b465ee728b) (PreviewImporter) -> (artifact id: '00000000000000000000000000000000') in 0.0008615 seconds
Import Error Code:(4)
Message: Build asset version error: assets/scripts/levelmanager.cs in SourceAssetDB has modification time of '2025-11-22T15:51:47.3516044Z' while content on disk has modification time of '2025-11-22T15:52:06.3580811Z'
  ERROR: Build asset version error: assets/scripts/levelmanager.cs in SourceAssetDB has modification time of '2025-11-22T15:51:47.3516044Z' while content on disk has modification time of '2025-11-22T15:52:06.3580811Z'
Number of updated asset objects reloaded before import = 0Number of asset objects unloaded after import = 0

========================================================================
Received Import Request.
  Time since last request: 0.000026 seconds.
  path: Assets/Scripts/LevelManager.cs
  artifactKey: Guid(547b8f3c9f5c9e04295d83de967a37b5) Importer(815301076,1909f56bfc062723c751e8b465ee728b)
Start importing Assets/Scripts/LevelManager.cs using Guid(547b8f3c9f5c9e04295d83de967a37b5) Importer(815301076,1909f56bfc062723c751e8b465ee728b) (PreviewImporter) -> (artifact id: '00000000000000000000000000000000') in 0.0007716 seconds
Import Error Code:(4)
Message: Build asset version error: assets/scripts/levelmanager.cs in SourceAssetDB has modification time of '2025-11-22T15:51:47.3516044Z' while content on disk has modification time of '2025-11-22T15:52:06.3580811Z'
  ERROR: Build asset version error: assets/scripts/levelmanager.cs in SourceAssetDB has modification time of '2025-11-22T15:51:47.3516044Z' while content on disk has modification time of '2025-11-22T15:52:06.3580811Z'
Number of updated asset objects reloaded before import = 0Number of asset objects unloaded after import = 0

========================================================================
Received Import Request.
  Time since last request: 0.000022 seconds.
  path: Assets/Scripts/LevelManager.cs
  artifactKey: Guid(547b8f3c9f5c9e04295d83de967a37b5) Importer(815301076,1909f56bfc062723c751e8b465ee728b)
Start importing Assets/Scripts/LevelManager.cs using Guid(547b8f3c9f5c9e04295d83de967a37b5) Importer(815301076,1909f56bfc062723c751e8b465ee728b) (PreviewImporter) -> (artifact id: '00000000000000000000000000000000') in 0.0006183 seconds
Import Error Code:(4)
Message: Build asset version error: assets/scripts/levelmanager.cs in SourceAssetDB has modification time of '2025-11-22T15:51:47.3516044Z' while content on disk has modification time of '2025-11-22T15:52:06.3580811Z'
  ERROR: Build asset version error: assets/scripts/levelmanager.cs in SourceAssetDB has modification time of '2025-11-22T15:51:47.3516044Z' while content on disk has modification time of '2025-11-22T15:52:06.3580811Z'
Number of updated asset objects reloaded before import = 0Number of asset objects unloaded after import = 0

========================================================================
Received Import Request.
  Time since last request: 0.000022 seconds.
  path: Assets/Scripts/LevelManager.cs
  artifactKey: Guid(547b8f3c9f5c9e04295d83de967a37b5) Importer(815301076,1909f56bfc062723c751e8b465ee728b)
Start importing Assets/Scripts/LevelManager.cs using Guid(547b8f3c9f5c9e04295d83de967a37b5) Importer(815301076,1909f56bfc062723c751e8b465ee728b) (PreviewImporter) -> (artifact id: '00000000000000000000000000000000') in 0.0006145 seconds
Import Error Code:(4)
Message: Build asset version error: assets/scripts/levelmanager.cs in SourceAssetDB has modification time of '2025-11-22T15:51:47.3516044Z' while content on disk has modification time of '2025-11-22T15:52:06.3580811Z'
  ERROR: Build asset version error: assets/scripts/levelmanager.cs in SourceAssetDB has modification time of '2025-11-22T15:51:47.3516044Z' while content on disk has modification time of '2025-11-22T15:52:06.3580811Z'
Number of updated asset objects reloaded before import = 0Number of asset objects unloaded after import = 0

========================================================================
Received Import Request.
  Time since last request: 0.000022 seconds.
  path: Assets/Scripts/LevelManager.cs
  artifactKey: Guid(547b8f3c9f5c9e04295d83de967a37b5) Importer(815301076,1909f56bfc062723c751e8b465ee728b)
Start importing Assets/Scripts/LevelManager.cs using Guid(547b8f3c9f5c9e04295d83de967a37b5) Importer(815301076,1909f56bfc062723c751e8b465ee728b) (PreviewImporter) -> (artifact id: '00000000000000000000000000000000') in 0.0005506 seconds
Import Error Code:(4)
Message: Build asset version error: assets/scripts/levelmanager.cs in SourceAssetDB has modification time of '2025-11-22T15:51:47.3516044Z' while content on disk has modification time of '2025-11-22T15:52:06.3580811Z'
  ERROR: Build asset version error: assets/scripts/levelmanager.cs in SourceAssetDB has modification time of '2025-11-22T15:51:47.3516044Z' while content on disk has modification time of '2025-11-22T15:52:06.3580811Z'
Number of updated asset objects reloaded before import = 0Number of asset objects unloaded after import = 0

========================================================================
Received Import Request.
  Time since last request: 0.000032 seconds.
  path: Assets/Scripts/LevelManager.cs
  artifactKey: Guid(547b8f3c9f5c9e04295d83de967a37b5) Importer(815301076,1909f56bfc062723c751e8b465ee728b)
Start importing Assets/Scripts/LevelManager.cs using Guid(547b8f3c9f5c9e04295d83de967a37b5) Importer(815301076,1909f56bfc062723c751e8b465ee728b) (PreviewImporter) -> (artifact id: '00000000000000000000000000000000') in 0.0005621 seconds
Import Error Code:(4)
Message: Build asset version error: assets/scripts/levelmanager.cs in SourceAssetDB has modification time of '2025-11-22T15:51:47.3516044Z' while content on disk has modification time of '2025-11-22T15:52:06.3580811Z'
  ERROR: Build asset version error: assets/scripts/levelmanager.cs in SourceAssetDB has modification time of '2025-11-22T15:51:47.3516044Z' while content on disk has modification time of '2025-11-22T15:52:06.3580811Z'
Number of updated asset objects reloaded before import = 0Number of asset objects unloaded after import = 0

========================================================================
Received Import Request.
  Time since last request: 0.000030 seconds.
  path: Assets/Scripts/LevelManager.cs
  artifactKey: Guid(547b8f3c9f5c9e04295d83de967a37b5) Importer(815301076,1909f56bfc062723c751e8b465ee728b)
Start importing Assets/Scripts/LevelManager.cs using Guid(547b8f3c9f5c9e04295d83de967a37b5) Importer(815301076,1909f56bfc062723c751e8b465ee728b) (PreviewImporter) -> (artifact id: '00000000000000000000000000000000') in 0.0006789 seconds
Import Error Code:(4)
Message: Build asset version error: assets/scripts/levelmanager.cs in SourceAssetDB has modification time of '2025-11-22T15:51:47.3516044Z' while content on disk has modification time of '2025-11-22T15:52:06.3580811Z'
  ERROR: Build asset version error: assets/scripts/levelmanager.cs in SourceAssetDB has modification time of '2025-11-22T15:51:47.3516044Z' while content on disk has modification time of '2025-11-22T15:52:06.3580811Z'
Number of updated asset objects reloaded before import = 0Number of asset objects unloaded after import = 0

========================================================================
Received Import Request.
  Time since last request: 0.000022 seconds.
  path: Assets/Scripts/LevelManager.cs
  artifactKey: Guid(547b8f3c9f5c9e04295d83de967a37b5) Importer(815301076,1909f56bfc062723c751e8b465ee728b)
Start importing Assets/Scripts/LevelManager.cs using Guid(547b8f3c9f5c9e04295d83de967a37b5) Importer(815301076,1909f56bfc062723c751e8b465ee728b) (PreviewImporter) -> (artifact id: '00000000000000000000000000000000') in 0.0006322 seconds
Import Error Code:(4)
Message: Build asset version error: assets/scripts/levelmanager.cs in SourceAssetDB has modification time of '2025-11-22T15:51:47.3516044Z' while content on disk has modification time of '2025-11-22T15:52:06.3580811Z'
  ERROR: Build asset version error: assets/scripts/levelmanager.cs in SourceAssetDB has modification time of '2025-11-22T15:51:47.3516044Z' while content on disk has modification time of '2025-11-22T15:52:06.3580811Z'
Number of updated asset objects reloaded before import = 0Number of asset objects unloaded after import = 0

========================================================================
Received Import Request.
  Time since last request: 0.000024 seconds.
  path: Assets/Scripts/LevelManager.cs
  artifactKey: Guid(547b8f3c9f5c9e04295d83de967a37b5) Importer(815301076,1909f56bfc062723c751e8b465ee728b)
Start importing Assets/Scripts/LevelManager.cs using Guid(547b8f3c9f5c9e04295d83de967a37b5) Importer(815301076,1909f56bfc062723c751e8b465ee728b) (PreviewImporter) -> (artifact id: '00000000000000000000000000000000') in 0.0006253 seconds
Import Error Code:(4)
Message: Build asset version error: assets/scripts/levelmanager.cs in SourceAssetDB has modification time of '2025-11-22T15:51:47.3516044Z' while content on disk has modification time of '2025-11-22T15:52:06.3580811Z'
  ERROR: Build asset version error: assets/scripts/levelmanager.cs in SourceAssetDB has modification time of '2025-11-22T15:51:47.3516044Z' while content on disk has modification time of '2025-11-22T15:52:06.3580811Z'
Number of updated asset objects reloaded before import = 0Number of asset objects unloaded after import = 0

========================================================================
Received Import Request.
  Time since last request: 0.000023 seconds.
  path: Assets/Scripts/LevelManager.cs
  artifactKey: Guid(547b8f3c9f5c9e04295d83de967a37b5) Importer(815301076,1909f56bfc062723c751e8b465ee728b)
Start importing Assets/Scripts/LevelManager.cs using Guid(547b8f3c9f5c9e04295d83de967a37b5) Importer(815301076,1909f56bfc062723c751e8b465ee728b) (PreviewImporter) -> (artifact id: '00000000000000000000000000000000') in 0.0007125 seconds
Import Error Code:(4)
Message: Build asset version error: assets/scripts/levelmanager.cs in SourceAssetDB has modification time of '2025-11-22T15:51:47.3516044Z' while content on disk has modification time of '2025-11-22T15:52:06.3580811Z'
  ERROR: Build asset version error: assets/scripts/levelmanager.cs in SourceAssetDB has modification time of '2025-11-22T15:51:47.3516044Z' while content on disk has modification time of '2025-11-22T15:52:06.3580811Z'
Number of updated asset objects reloaded before import = 0Number of asset objects unloaded after import = 0

========================================================================
Received Import Request.
  Time since last request: 0.000027 seconds.
  path: Assets/Scripts/LevelManager.cs
  artifactKey: Guid(547b8f3c9f5c9e04295d83de967a37b5) Importer(815301076,1909f56bfc062723c751e8b465ee728b)
Start importing Assets/Scripts/LevelManager.cs using Guid(547b8f3c9f5c9e04295d83de967a37b5) Importer(815301076,1909f56bfc062723c751e8b465ee728b) (PreviewImporter) -> (artifact id: '00000000000000000000000000000000') in 0.0005629 seconds
Import Error Code:(4)
Message: Build asset version error: assets/scripts/levelmanager.cs in SourceAssetDB has modification time of '2025-11-22T15:51:47.3516044Z' while content on disk has modification time of '2025-11-22T15:52:06.3580811Z'
  ERROR: Build asset version error: assets/scripts/levelmanager.cs in SourceAssetDB has modification time of '2025-11-22T15:51:47.3516044Z' while content on disk has modification time of '2025-11-22T15:52:06.3580811Z'
Number of updated asset objects reloaded before import = 0Number of asset objects unloaded after import = 0

========================================================================
Received Import Request.
  Time since last request: 0.000033 seconds.
  path: Assets/Scripts/LevelManager.cs
  artifactKey: Guid(547b8f3c9f5c9e04295d83de967a37b5) Importer(815301076,1909f56bfc062723c751e8b465ee728b)
Start importing Assets/Scripts/LevelManager.cs using Guid(547b8f3c9f5c9e04295d83de967a37b5) Importer(815301076,1909f56bfc062723c751e8b465ee728b) (PreviewImporter) -> (artifact id: '00000000000000000000000000000000') in 0.0006029 seconds
Import Error Code:(4)
Message: Build asset version error: assets/scripts/levelmanager.cs in SourceAssetDB has modification time of '2025-11-22T15:51:47.3516044Z' while content on disk has modification time of '2025-11-22T15:52:06.3580811Z'
  ERROR: Build asset version error: assets/scripts/levelmanager.cs in SourceAssetDB has modification time of '2025-11-22T15:51:47.3516044Z' while content on disk has modification time of '2025-11-22T15:52:06.3580811Z'
Number of updated asset objects reloaded before import = 0Number of asset objects unloaded after import = 0

========================================================================
Received Import Request.
  Time since last request: 0.000026 seconds.
  path: Assets/Scripts/LevelManager.cs
  artifactKey: Guid(547b8f3c9f5c9e04295d83de967a37b5) Importer(815301076,1909f56bfc062723c751e8b465ee728b)
Start importing Assets/Scripts/LevelManager.cs using Guid(547b8f3c9f5c9e04295d83de967a37b5) Importer(815301076,1909f56bfc062723c751e8b465ee728b) (PreviewImporter) -> (artifact id: '00000000000000000000000000000000') in 0.0006375 seconds
Import Error Code:(4)
Message: Build asset version error: assets/scripts/levelmanager.cs in SourceAssetDB has modification time of '2025-11-22T15:51:47.3516044Z' while content on disk has modification time of '2025-11-22T15:52:06.3580811Z'
  ERROR: Build asset version error: assets/scripts/levelmanager.cs in SourceAssetDB has modification time of '2025-11-22T15:51:47.3516044Z' while content on disk has modification time of '2025-11-22T15:52:06.3580811Z'
Number of updated asset objects reloaded before import = 0Number of asset objects unloaded after import = 0

========================================================================
Received Import Request.
  Time since last request: 0.000022 seconds.
  path: Assets/Scripts/LevelManager.cs
  artifactKey: Guid(547b8f3c9f5c9e04295d83de967a37b5) Importer(815301076,1909f56bfc062723c751e8b465ee728b)
Start importing Assets/Scripts/LevelManager.cs using Guid(547b8f3c9f5c9e04295d83de967a37b5) Importer(815301076,1909f56bfc062723c751e8b465ee728b) (PreviewImporter) -> (artifact id: '00000000000000000000000000000000') in 0.0008197 seconds
Import Error Code:(4)
Message: Build asset version error: assets/scripts/levelmanager.cs in SourceAssetDB has modification time of '2025-11-22T15:51:47.3516044Z' while content on disk has modification time of '2025-11-22T15:52:06.3580811Z'
  ERROR: Build asset version error: assets/scripts/levelmanager.cs in SourceAssetDB has modification time of '2025-11-22T15:51:47.3516044Z' while content on disk has modification time of '2025-11-22T15:52:06.3580811Z'
Number of updated asset objects reloaded before import = 0Number of asset objects unloaded after import = 0

========================================================================
Received Import Request.
  Time since last request: 0.000020 seconds.
  path: Assets/Scripts/LevelManager.cs
  artifactKey: Guid(547b8f3c9f5c9e04295d83de967a37b5) Importer(815301076,1909f56bfc062723c751e8b465ee728b)
Start importing Assets/Scripts/LevelManager.cs using Guid(547b8f3c9f5c9e04295d83de967a37b5) Importer(815301076,1909f56bfc062723c751e8b465ee728b) (PreviewImporter) -> (artifact id: '00000000000000000000000000000000') in 0.0007024 seconds
Import Error Code:(4)
Message: Build asset version error: assets/scripts/levelmanager.cs in SourceAssetDB has modification time of '2025-11-22T15:51:47.3516044Z' while content on disk has modification time of '2025-11-22T15:52:06.3580811Z'
  ERROR: Build asset version error: assets/scripts/levelmanager.cs in SourceAssetDB has modification time of '2025-11-22T15:51:47.3516044Z' while content on disk has modification time of '2025-11-22T15:52:06.3580811Z'
Number of updated asset objects reloaded before import = 0Number of asset objects unloaded after import = 0

========================================================================
Received Import Request.
  Time since last request: 0.000048 seconds.
  path: Assets/Scripts/LevelManager.cs
  artifactKey: Guid(547b8f3c9f5c9e04295d83de967a37b5) Importer(815301076,1909f56bfc062723c751e8b465ee728b)
Start importing Assets/Scripts/LevelManager.cs using Guid(547b8f3c9f5c9e04295d83de967a37b5) Importer(815301076,1909f56bfc062723c751e8b465ee728b) (PreviewImporter) -> (artifact id: '00000000000000000000000000000000') in 0.0006237 seconds
Import Error Code:(4)
Message: Build asset version error: assets/scripts/levelmanager.cs in SourceAssetDB has modification time of '2025-11-22T15:51:47.3516044Z' while content on disk has modification time of '2025-11-22T15:52:06.3580811Z'
  ERROR: Build asset version error: assets/scripts/levelmanager.cs in SourceAssetDB has modification time of '2025-11-22T15:51:47.3516044Z' while content on disk has modification time of '2025-11-22T15:52:06.3580811Z'
Number of updated asset objects reloaded before import = 0Number of asset objects unloaded after import = 0

========================================================================
Received Import Request.
  Time since last request: 0.000024 seconds.
  path: Assets/Scripts/LevelManager.cs
  artifactKey: Guid(547b8f3c9f5c9e04295d83de967a37b5) Importer(815301076,1909f56bfc062723c751e8b465ee728b)
Start importing Assets/Scripts/LevelManager.cs using Guid(547b8f3c9f5c9e04295d83de967a37b5) Importer(815301076,1909f56bfc062723c751e8b465ee728b) (PreviewImporter) -> (artifact id: '00000000000000000000000000000000') in 0.0005776 seconds
Import Error Code:(4)
Message: Build asset version error: assets/scripts/levelmanager.cs in SourceAssetDB has modification time of '2025-11-22T15:51:47.3516044Z' while content on disk has modification time of '2025-11-22T15:52:06.3580811Z'
  ERROR: Build asset version error: assets/scripts/levelmanager.cs in SourceAssetDB has modification time of '2025-11-22T15:51:47.3516044Z' while content on disk has modification time of '2025-11-22T15:52:06.3580811Z'
Number of updated asset objects reloaded before import = 0Number of asset objects unloaded after import = 0

========================================================================
Received Import Request.
  Time since last request: 0.000021 seconds.
  path: Assets/Scripts/LevelManager.cs
  artifactKey: Guid(547b8f3c9f5c9e04295d83de967a37b5) Importer(815301076,1909f56bfc062723c751e8b465ee728b)
Start importing Assets/Scripts/LevelManager.cs using Guid(547b8f3c9f5c9e04295d83de967a37b5) Importer(815301076,1909f56bfc062723c751e8b465ee728b) (PreviewImporter) -> (artifact id: '00000000000000000000000000000000') in 0.0005602 seconds
Import Error Code:(4)
Message: Build asset version error: assets/scripts/levelmanager.cs in SourceAssetDB has modification time of '2025-11-22T15:51:47.3516044Z' while content on disk has modification time of '2025-11-22T15:52:06.3580811Z'
  ERROR: Build asset version error: assets/scripts/levelmanager.cs in SourceAssetDB has modification time of '2025-11-22T15:51:47.3516044Z' while content on disk has modification time of '2025-11-22T15:52:06.3580811Z'
Number of updated asset objects reloaded before import = 0Number of asset objects unloaded after import = 0

========================================================================
Received Import Request.
  Time since last request: 0.000022 seconds.
  path: Assets/Scripts/LevelManager.cs
  artifactKey: Guid(547b8f3c9f5c9e04295d83de967a37b5) Importer(815301076,1909f56bfc062723c751e8b465ee728b)
Start importing Assets/Scripts/LevelManager.cs using Guid(547b8f3c9f5c9e04295d83de967a37b5) Importer(815301076,1909f56bfc062723c751e8b465ee728b) (PreviewImporter) -> (artifact id: '00000000000000000000000000000000') in 0.0005114 seconds
Import Error Code:(4)
Message: Build asset version error: assets/scripts/levelmanager.cs in SourceAssetDB has modification time of '2025-11-22T15:51:47.3516044Z' while content on disk has modification time of '2025-11-22T15:52:06.3580811Z'
  ERROR: Build asset version error: assets/scripts/levelmanager.cs in SourceAssetDB has modification time of '2025-11-22T15:51:47.3516044Z' while content on disk has modification time of '2025-11-22T15:52:06.3580811Z'
Number of updated asset objects reloaded before import = 0Number of asset objects unloaded after import = 0

========================================================================
Received Import Request.
  Time since last request: 0.000027 seconds.
  path: Assets/Scripts/LevelManager.cs
  artifactKey: Guid(547b8f3c9f5c9e04295d83de967a37b5) Importer(815301076,1909f56bfc062723c751e8b465ee728b)
Start importing Assets/Scripts/LevelManager.cs using Guid(547b8f3c9f5c9e04295d83de967a37b5) Importer(815301076,1909f56bfc062723c751e8b465ee728b) (PreviewImporter) -> (artifact id: '00000000000000000000000000000000') in 0.0006312 seconds
Import Error Code:(4)
Message: Build asset version error: assets/scripts/levelmanager.cs in SourceAssetDB has modification time of '2025-11-22T15:51:47.3516044Z' while content on disk has modification time of '2025-11-22T15:52:06.3580811Z'
  ERROR: Build asset version error: assets/scripts/levelmanager.cs in SourceAssetDB has modification time of '2025-11-22T15:51:47.3516044Z' while content on disk has modification time of '2025-11-22T15:52:06.3580811Z'
Number of updated asset objects reloaded before import = 0Number of asset objects unloaded after import = 0

========================================================================
Received Import Request.
  Time since last request: 0.000032 seconds.
  path: Assets/Scripts/LevelManager.cs
  artifactKey: Guid(547b8f3c9f5c9e04295d83de967a37b5) Importer(815301076,1909f56bfc062723c751e8b465ee728b)
Start importing Assets/Scripts/LevelManager.cs using Guid(547b8f3c9f5c9e04295d83de967a37b5) Importer(815301076,1909f56bfc062723c751e8b465ee728b) (PreviewImporter) -> (artifact id: '00000000000000000000000000000000') in 0.0005957 seconds
Import Error Code:(4)
Message: Build asset version error: assets/scripts/levelmanager.cs in SourceAssetDB has modification time of '2025-11-22T15:51:47.3516044Z' while content on disk has modification time of '2025-11-22T15:52:06.3580811Z'
  ERROR: Build asset version error: assets/scripts/levelmanager.cs in SourceAssetDB has modification time of '2025-11-22T15:51:47.3516044Z' while content on disk has modification time of '2025-11-22T15:52:06.3580811Z'
Number of updated asset objects reloaded before import = 0Number of asset objects unloaded after import = 0

========================================================================
Received Import Request.
  Time since last request: 0.000022 seconds.
  path: Assets/Scripts/LevelManager.cs
  artifactKey: Guid(547b8f3c9f5c9e04295d83de967a37b5) Importer(815301076,1909f56bfc062723c751e8b465ee728b)
Start importing Assets/Scripts/LevelManager.cs using Guid(547b8f3c9f5c9e04295d83de967a37b5) Importer(815301076,1909f56bfc062723c751e8b465ee728b) (PreviewImporter) -> (artifact id: '00000000000000000000000000000000') in 0.0006636 seconds
Import Error Code:(4)
Message: Build asset version error: assets/scripts/levelmanager.cs in SourceAssetDB has modification time of '2025-11-22T15:51:47.3516044Z' while content on disk has modification time of '2025-11-22T15:52:06.3580811Z'
  ERROR: Build asset version error: assets/scripts/levelmanager.cs in SourceAssetDB has modification time of '2025-11-22T15:51:47.3516044Z' while content on disk has modification time of '2025-11-22T15:52:06.3580811Z'
Number of updated asset objects reloaded before import = 0Number of asset objects unloaded after import = 0

========================================================================
Received Import Request.
  Time since last request: 0.000023 seconds.
  path: Assets/Scripts/LevelManager.cs
  artifactKey: Guid(547b8f3c9f5c9e04295d83de967a37b5) Importer(815301076,1909f56bfc062723c751e8b465ee728b)
Start importing Assets/Scripts/LevelManager.cs using Guid(547b8f3c9f5c9e04295d83de967a37b5) Importer(815301076,1909f56bfc062723c751e8b465ee728b) (PreviewImporter) -> (artifact id: '00000000000000000000000000000000') in 0.0006427 seconds
Import Error Code:(4)
Message: Build asset version error: assets/scripts/levelmanager.cs in SourceAssetDB has modification time of '2025-11-22T15:51:47.3516044Z' while content on disk has modification time of '2025-11-22T15:52:06.3580811Z'
  ERROR: Build asset version error: assets/scripts/levelmanager.cs in SourceAssetDB has modification time of '2025-11-22T15:51:47.3516044Z' while content on disk has modification time of '2025-11-22T15:52:06.3580811Z'
Number of updated asset objects reloaded before import = 0Number of asset objects unloaded after import = 0

========================================================================
Received Import Request.
  Time since last request: 0.000024 seconds.
  path: Assets/Scripts/LevelManager.cs
  artifactKey: Guid(547b8f3c9f5c9e04295d83de967a37b5) Importer(815301076,1909f56bfc062723c751e8b465ee728b)
Start importing Assets/Scripts/LevelManager.cs using Guid(547b8f3c9f5c9e04295d83de967a37b5) Importer(815301076,1909f56bfc062723c751e8b465ee728b) (PreviewImporter) -> (artifact id: '00000000000000000000000000000000') in 0.0006616 seconds
Import Error Code:(4)
Message: Build asset version error: assets/scripts/levelmanager.cs in SourceAssetDB has modification time of '2025-11-22T15:51:47.3516044Z' while content on disk has modification time of '2025-11-22T15:52:06.3580811Z'
  ERROR: Build asset version error: assets/scripts/levelmanager.cs in SourceAssetDB has modification time of '2025-11-22T15:51:47.3516044Z' while content on disk has modification time of '2025-11-22T15:52:06.3580811Z'
Number of updated asset objects reloaded before import = 0Number of asset objects unloaded after import = 0

========================================================================
Received Import Request.
  Time since last request: 0.000036 seconds.
  path: Assets/Scripts/LevelManager.cs
  artifactKey: Guid(547b8f3c9f5c9e04295d83de967a37b5) Importer(815301076,1909f56bfc062723c751e8b465ee728b)
Start importing Assets/Scripts/LevelManager.cs using Guid(547b8f3c9f5c9e04295d83de967a37b5) Importer(815301076,1909f56bfc062723c751e8b465ee728b) (PreviewImporter) -> (artifact id: '00000000000000000000000000000000') in 0.0005658 seconds
Import Error Code:(4)
Message: Build asset version error: assets/scripts/levelmanager.cs in SourceAssetDB has modification time of '2025-11-22T15:51:47.3516044Z' while content on disk has modification time of '2025-11-22T15:52:06.3580811Z'
  ERROR: Build asset version error: assets/scripts/levelmanager.cs in SourceAssetDB has modification time of '2025-11-22T15:51:47.3516044Z' while content on disk has modification time of '2025-11-22T15:52:06.3580811Z'
Number of updated asset objects reloaded before import = 0Number of asset objects unloaded after import = 0

========================================================================
Received Import Request.
  Time since last request: 0.000024 seconds.
  path: Assets/Scripts/LevelManager.cs
  artifactKey: Guid(547b8f3c9f5c9e04295d83de967a37b5) Importer(815301076,1909f56bfc062723c751e8b465ee728b)
Start importing Assets/Scripts/LevelManager.cs using Guid(547b8f3c9f5c9e04295d83de967a37b5) Importer(815301076,1909f56bfc062723c751e8b465ee728b) (PreviewImporter) -> (artifact id: '00000000000000000000000000000000') in 0.0006866 seconds
Import Error Code:(4)
Message: Build asset version error: assets/scripts/levelmanager.cs in SourceAssetDB has modification time of '2025-11-22T15:51:47.3516044Z' while content on disk has modification time of '2025-11-22T15:52:06.3580811Z'
  ERROR: Build asset version error: assets/scripts/levelmanager.cs in SourceAssetDB has modification time of '2025-11-22T15:51:47.3516044Z' while content on disk has modification time of '2025-11-22T15:52:06.3580811Z'
Number of updated asset objects reloaded before import = 0Number of asset objects unloaded after import = 0

========================================================================
Received Import Request.
  Time since last request: 0.000020 seconds.
  path: Assets/Scripts/LevelManager.cs
  artifactKey: Guid(547b8f3c9f5c9e04295d83de967a37b5) Importer(815301076,1909f56bfc062723c751e8b465ee728b)
Start importing Assets/Scripts/LevelManager.cs using Guid(547b8f3c9f5c9e04295d83de967a37b5) Importer(815301076,1909f56bfc062723c751e8b465ee728b) (PreviewImporter) -> (artifact id: '00000000000000000000000000000000') in 0.0006173 seconds
Import Error Code:(4)
Message: Build asset version error: assets/scripts/levelmanager.cs in SourceAssetDB has modification time of '2025-11-22T15:51:47.3516044Z' while content on disk has modification time of '2025-11-22T15:52:06.3580811Z'
  ERROR: Build asset version error: assets/scripts/levelmanager.cs in SourceAssetDB has modification time of '2025-11-22T15:51:47.3516044Z' while content on disk has modification time of '2025-11-22T15:52:06.3580811Z'
Number of updated asset objects reloaded before import = 0Number of asset objects unloaded after import = 0

========================================================================
Received Import Request.
  Time since last request: 0.000024 seconds.
  path: Assets/Scripts/LevelManager.cs
  artifactKey: Guid(547b8f3c9f5c9e04295d83de967a37b5) Importer(815301076,1909f56bfc062723c751e8b465ee728b)
Start importing Assets/Scripts/LevelManager.cs using Guid(547b8f3c9f5c9e04295d83de967a37b5) Importer(815301076,1909f56bfc062723c751e8b465ee728b) (PreviewImporter) -> (artifact id: '00000000000000000000000000000000') in 0.0005647 seconds
Import Error Code:(4)
Message: Build asset version error: assets/scripts/levelmanager.cs in SourceAssetDB has modification time of '2025-11-22T15:51:47.3516044Z' while content on disk has modification time of '2025-11-22T15:52:06.3580811Z'
  ERROR: Build asset version error: assets/scripts/levelmanager.cs in SourceAssetDB has modification time of '2025-11-22T15:51:47.3516044Z' while content on disk has modification time of '2025-11-22T15:52:06.3580811Z'
Number of updated asset objects reloaded before import = 0Number of asset objects unloaded after import = 0

========================================================================
Received Import Request.
  Time since last request: 0.000032 seconds.
  path: Assets/Scripts/LevelManager.cs
  artifactKey: Guid(547b8f3c9f5c9e04295d83de967a37b5) Importer(815301076,1909f56bfc062723c751e8b465ee728b)
Start importing Assets/Scripts/LevelManager.cs using Guid(547b8f3c9f5c9e04295d83de967a37b5) Importer(815301076,1909f56bfc062723c751e8b465ee728b) (PreviewImporter) -> (artifact id: '00000000000000000000000000000000') in 0.0006193 seconds
Import Error Code:(4)
Message: Build asset version error: assets/scripts/levelmanager.cs in SourceAssetDB has modification time of '2025-11-22T15:51:47.3516044Z' while content on disk has modification time of '2025-11-22T15:52:06.3580811Z'
  ERROR: Build asset version error: assets/scripts/levelmanager.cs in SourceAssetDB has modification time of '2025-11-22T15:51:47.3516044Z' while content on disk has modification time of '2025-11-22T15:52:06.3580811Z'
Number of updated asset objects reloaded before import = 0Number of asset objects unloaded after import = 0

========================================================================
Received Import Request.
  Time since last request: 0.000025 seconds.
  path: Assets/Scripts/LevelManager.cs
  artifactKey: Guid(547b8f3c9f5c9e04295d83de967a37b5) Importer(815301076,1909f56bfc062723c751e8b465ee728b)
Start importing Assets/Scripts/LevelManager.cs using Guid(547b8f3c9f5c9e04295d83de967a37b5) Importer(815301076,1909f56bfc062723c751e8b465ee728b) (PreviewImporter) -> (artifact id: '00000000000000000000000000000000') in 0.0005479 seconds
Import Error Code:(4)
Message: Build asset version error: assets/scripts/levelmanager.cs in SourceAssetDB has modification time of '2025-11-22T15:51:47.3516044Z' while content on disk has modification time of '2025-11-22T15:52:06.3580811Z'
  ERROR: Build asset version error: assets/scripts/levelmanager.cs in SourceAssetDB has modification time of '2025-11-22T15:51:47.3516044Z' while content on disk has modification time of '2025-11-22T15:52:06.3580811Z'
Number of updated asset objects reloaded before import = 0Number of asset objects unloaded after import = 0

========================================================================
Received Import Request.
  Time since last request: 0.000024 seconds.
  path: Assets/Scripts/LevelManager.cs
  artifactKey: Guid(547b8f3c9f5c9e04295d83de967a37b5) Importer(815301076,1909f56bfc062723c751e8b465ee728b)
Start importing Assets/Scripts/LevelManager.cs using Guid(547b8f3c9f5c9e04295d83de967a37b5) Importer(815301076,1909f56bfc062723c751e8b465ee728b) (PreviewImporter) -> (artifact id: '00000000000000000000000000000000') in 0.0006471 seconds
Import Error Code:(4)
Message: Build asset version error: assets/scripts/levelmanager.cs in SourceAssetDB has modification time of '2025-11-22T15:51:47.3516044Z' while content on disk has modification time of '2025-11-22T15:52:06.3580811Z'
  ERROR: Build asset version error: assets/scripts/levelmanager.cs in SourceAssetDB has modification time of '2025-11-22T15:51:47.3516044Z' while content on disk has modification time of '2025-11-22T15:52:06.3580811Z'
Number of updated asset objects reloaded before import = 0Number of asset objects unloaded after import = 0

========================================================================
Received Import Request.
  Time since last request: 0.000022 seconds.
  path: Assets/Scripts/LevelManager.cs
  artifactKey: Guid(547b8f3c9f5c9e04295d83de967a37b5) Importer(815301076,1909f56bfc062723c751e8b465ee728b)
Start importing Assets/Scripts/LevelManager.cs using Guid(547b8f3c9f5c9e04295d83de967a37b5) Importer(815301076,1909f56bfc062723c751e8b465ee728b) (PreviewImporter) -> (artifact id: '00000000000000000000000000000000') in 0.0006601 seconds
Import Error Code:(4)
Message: Build asset version error: assets/scripts/levelmanager.cs in SourceAssetDB has modification time of '2025-11-22T15:51:47.3516044Z' while content on disk has modification time of '2025-11-22T15:52:06.3580811Z'
  ERROR: Build asset version error: assets/scripts/levelmanager.cs in SourceAssetDB has modification time of '2025-11-22T15:51:47.3516044Z' while content on disk has modification time of '2025-11-22T15:52:06.3580811Z'
Number of updated asset objects reloaded before import = 0Number of asset objects unloaded after import = 0

========================================================================
Received Import Request.
  Time since last request: 0.000029 seconds.
  path: Assets/Scripts/LevelManager.cs
  artifactKey: Guid(547b8f3c9f5c9e04295d83de967a37b5) Importer(815301076,1909f56bfc062723c751e8b465ee728b)
Start importing Assets/Scripts/LevelManager.cs using Guid(547b8f3c9f5c9e04295d83de967a37b5) Importer(815301076,1909f56bfc062723c751e8b465ee728b) (PreviewImporter) -> (artifact id: '00000000000000000000000000000000') in 0.0006586 seconds
Import Error Code:(4)
Message: Build asset version error: assets/scripts/levelmanager.cs in SourceAssetDB has modification time of '2025-11-22T15:51:47.3516044Z' while content on disk has modification time of '2025-11-22T15:52:06.3580811Z'
  ERROR: Build asset version error: assets/scripts/levelmanager.cs in SourceAssetDB has modification time of '2025-11-22T15:51:47.3516044Z' while content on disk has modification time of '2025-11-22T15:52:06.3580811Z'
Number of updated asset objects reloaded before import = 0Number of asset objects unloaded after import = 0

========================================================================
Received Import Request.
  Time since last request: 0.000031 seconds.
  path: Assets/Scripts/LevelManager.cs
  artifactKey: Guid(547b8f3c9f5c9e04295d83de967a37b5) Importer(815301076,1909f56bfc062723c751e8b465ee728b)
Start importing Assets/Scripts/LevelManager.cs using Guid(547b8f3c9f5c9e04295d83de967a37b5) Importer(815301076,1909f56bfc062723c751e8b465ee728b) (PreviewImporter) -> (artifact id: '00000000000000000000000000000000') in 0.0008724 seconds
Import Error Code:(4)
Message: Build asset version error: assets/scripts/levelmanager.cs in SourceAssetDB has modification time of '2025-11-22T15:51:47.3516044Z' while content on disk has modification time of '2025-11-22T15:52:06.3580811Z'
  ERROR: Build asset version error: assets/scripts/levelmanager.cs in SourceAssetDB has modification time of '2025-11-22T15:51:47.3516044Z' while content on disk has modification time of '2025-11-22T15:52:06.3580811Z'
Number of updated asset objects reloaded before import = 0Number of asset objects unloaded after import = 0

========================================================================
Received Import Request.
  Time since last request: 0.000018 seconds.
  path: Assets/Scripts/LevelManager.cs
  artifactKey: Guid(547b8f3c9f5c9e04295d83de967a37b5) Importer(815301076,1909f56bfc062723c751e8b465ee728b)
Start importing Assets/Scripts/LevelManager.cs using Guid(547b8f3c9f5c9e04295d83de967a37b5) Importer(815301076,1909f56bfc062723c751e8b465ee728b) (PreviewImporter) -> (artifact id: '00000000000000000000000000000000') in 0.0005427 seconds
Import Error Code:(4)
Message: Build asset version error: assets/scripts/levelmanager.cs in SourceAssetDB has modification time of '2025-11-22T15:51:47.3516044Z' while content on disk has modification time of '2025-11-22T15:52:06.3580811Z'
  ERROR: Build asset version error: assets/scripts/levelmanager.cs in SourceAssetDB has modification time of '2025-11-22T15:51:47.3516044Z' while content on disk has modification time of '2025-11-22T15:52:06.3580811Z'
Number of updated asset objects reloaded before import = 0Number of asset objects unloaded after import = 0

========================================================================
Received Import Request.
  Time since last request: 0.000022 seconds.
  path: Assets/Scripts/LevelManager.cs
  artifactKey: Guid(547b8f3c9f5c9e04295d83de967a37b5) Importer(815301076,1909f56bfc062723c751e8b465ee728b)
Start importing Assets/Scripts/LevelManager.cs using Guid(547b8f3c9f5c9e04295d83de967a37b5) Importer(815301076,1909f56bfc062723c751e8b465ee728b) (PreviewImporter) -> (artifact id: '00000000000000000000000000000000') in 0.0005455 seconds
Import Error Code:(4)
Message: Build asset version error: assets/scripts/levelmanager.cs in SourceAssetDB has modification time of '2025-11-22T15:51:47.3516044Z' while content on disk has modification time of '2025-11-22T15:52:06.3580811Z'
  ERROR: Build asset version error: assets/scripts/levelmanager.cs in SourceAssetDB has modification time of '2025-11-22T15:51:47.3516044Z' while content on disk has modification time of '2025-11-22T15:52:06.3580811Z'
Number of updated asset objects reloaded before import = 0Number of asset objects unloaded after import = 0

========================================================================
Received Import Request.
  Time since last request: 0.000022 seconds.
  path: Assets/Scripts/LevelManager.cs
  artifactKey: Guid(547b8f3c9f5c9e04295d83de967a37b5) Importer(815301076,1909f56bfc062723c751e8b465ee728b)
Start importing Assets/Scripts/LevelManager.cs using Guid(547b8f3c9f5c9e04295d83de967a37b5) Importer(815301076,1909f56bfc062723c751e8b465ee728b) (PreviewImporter) -> (artifact id: '00000000000000000000000000000000') in 0.000573 seconds
Import Error Code:(4)
Message: Build asset version error: assets/scripts/levelmanager.cs in SourceAssetDB has modification time of '2025-11-22T15:51:47.3516044Z' while content on disk has modification time of '2025-11-22T15:52:06.3580811Z'
  ERROR: Build asset version error: assets/scripts/levelmanager.cs in SourceAssetDB has modification time of '2025-11-22T15:51:47.3516044Z' while content on disk has modification time of '2025-11-22T15:52:06.3580811Z'
Number of updated asset objects reloaded before import = 0Number of asset objects unloaded after import = 0

========================================================================
Received Import Request.
  Time since last request: 0.000025 seconds.
  path: Assets/Scripts/LevelManager.cs
  artifactKey: Guid(547b8f3c9f5c9e04295d83de967a37b5) Importer(815301076,1909f56bfc062723c751e8b465ee728b)
Start importing Assets/Scripts/LevelManager.cs using Guid(547b8f3c9f5c9e04295d83de967a37b5) Importer(815301076,1909f56bfc062723c751e8b465ee728b) (PreviewImporter) -> (artifact id: '00000000000000000000000000000000') in 0.0006287 seconds
Import Error Code:(4)
Message: Build asset version error: assets/scripts/levelmanager.cs in SourceAssetDB has modification time of '2025-11-22T15:51:47.3516044Z' while content on disk has modification time of '2025-11-22T15:52:06.3580811Z'
  ERROR: Build asset version error: assets/scripts/levelmanager.cs in SourceAssetDB has modification time of '2025-11-22T15:51:47.3516044Z' while content on disk has modification time of '2025-11-22T15:52:06.3580811Z'
Number of updated asset objects reloaded before import = 0Number of asset objects unloaded after import = 0

========================================================================
Received Import Request.
  Time since last request: 0.000035 seconds.
  path: Assets/Scripts/LevelManager.cs
  artifactKey: Guid(547b8f3c9f5c9e04295d83de967a37b5) Importer(815301076,1909f56bfc062723c751e8b465ee728b)
Start importing Assets/Scripts/LevelManager.cs using Guid(547b8f3c9f5c9e04295d83de967a37b5) Importer(815301076,1909f56bfc062723c751e8b465ee728b) (PreviewImporter) -> (artifact id: '00000000000000000000000000000000') in 0.0006287 seconds
Import Error Code:(4)
Message: Build asset version error: assets/scripts/levelmanager.cs in SourceAssetDB has modification time of '2025-11-22T15:51:47.3516044Z' while content on disk has modification time of '2025-11-22T15:52:06.3580811Z'
  ERROR: Build asset version error: assets/scripts/levelmanager.cs in SourceAssetDB has modification time of '2025-11-22T15:51:47.3516044Z' while content on disk has modification time of '2025-11-22T15:52:06.3580811Z'
Number of updated asset objects reloaded before import = 0Number of asset objects unloaded after import = 0

========================================================================
Received Import Request.
  Time since last request: 0.000019 seconds.
  path: Assets/Scripts/LevelManager.cs
  artifactKey: Guid(547b8f3c9f5c9e04295d83de967a37b5) Importer(815301076,1909f56bfc062723c751e8b465ee728b)
Start importing Assets/Scripts/LevelManager.cs using Guid(547b8f3c9f5c9e04295d83de967a37b5) Importer(815301076,1909f56bfc062723c751e8b465ee728b) (PreviewImporter) -> (artifact id: '00000000000000000000000000000000') in 0.0007343 seconds
Import Error Code:(4)
Message: Build asset version error: assets/scripts/levelmanager.cs in SourceAssetDB has modification time of '2025-11-22T15:51:47.3516044Z' while content on disk has modification time of '2025-11-22T15:52:06.3580811Z'
  ERROR: Build asset version error: assets/scripts/levelmanager.cs in SourceAssetDB has modification time of '2025-11-22T15:51:47.3516044Z' while content on disk has modification time of '2025-11-22T15:52:06.3580811Z'
Number of updated asset objects reloaded before import = 0Number of asset objects unloaded after import = 0

========================================================================
Received Import Request.
  Time since last request: 0.000022 seconds.
  path: Assets/Scripts/LevelManager.cs
  artifactKey: Guid(547b8f3c9f5c9e04295d83de967a37b5) Importer(815301076,1909f56bfc062723c751e8b465ee728b)
Start importing Assets/Scripts/LevelManager.cs using Guid(547b8f3c9f5c9e04295d83de967a37b5) Importer(815301076,1909f56bfc062723c751e8b465ee728b) (PreviewImporter) -> (artifact id: '00000000000000000000000000000000') in 0.0005454 seconds
Import Error Code:(4)
Message: Build asset version error: assets/scripts/levelmanager.cs in SourceAssetDB has modification time of '2025-11-22T15:51:47.3516044Z' while content on disk has modification time of '2025-11-22T15:52:06.3580811Z'
  ERROR: Build asset version error: assets/scripts/levelmanager.cs in SourceAssetDB has modification time of '2025-11-22T15:51:47.3516044Z' while content on disk has modification time of '2025-11-22T15:52:06.3580811Z'
Number of updated asset objects reloaded before import = 0Number of asset objects unloaded after import = 0

========================================================================
Received Import Request.
  Time since last request: 0.000015 seconds.
  path: Assets/Scripts/LevelManager.cs
  artifactKey: Guid(547b8f3c9f5c9e04295d83de967a37b5) Importer(815301076,1909f56bfc062723c751e8b465ee728b)
Start importing Assets/Scripts/LevelManager.cs using Guid(547b8f3c9f5c9e04295d83de967a37b5) Importer(815301076,1909f56bfc062723c751e8b465ee728b) (PreviewImporter) -> (artifact id: '00000000000000000000000000000000') in 0.0006293 seconds
Import Error Code:(4)
Message: Build asset version error: assets/scripts/levelmanager.cs in SourceAssetDB has modification time of '2025-11-22T15:51:47.3516044Z' while content on disk has modification time of '2025-11-22T15:52:06.3580811Z'
  ERROR: Build asset version error: assets/scripts/levelmanager.cs in SourceAssetDB has modification time of '2025-11-22T15:51:47.3516044Z' while content on disk has modification time of '2025-11-22T15:52:06.3580811Z'
Number of updated asset objects reloaded before import = 0Number of asset objects unloaded after import = 0

========================================================================
Received Import Request.
  Time since last request: 0.000030 seconds.
  path: Assets/Scripts/LevelManager.cs
  artifactKey: Guid(547b8f3c9f5c9e04295d83de967a37b5) Importer(815301076,1909f56bfc062723c751e8b465ee728b)
Start importing Assets/Scripts/LevelManager.cs using Guid(547b8f3c9f5c9e04295d83de967a37b5) Importer(815301076,1909f56bfc062723c751e8b465ee728b) (PreviewImporter) -> (artifact id: 'c1569b5a0eac127fa1b8936859f4249f') in 0.0006223 seconds
Number of updated asset objects reloaded before import = 0Number of asset objects unloaded after import = 0

========================================================================
Received Prepare
Begin MonoManager ReloadAssembly
Duplicate assembly 'System.Runtime.CompilerServices.Unsafe.dll' with different versions detected, using 'Packages/com.unity.collections/Unity.Collections.Tests/System.Runtime.CompilerServices.Unsafe/System.Runtime.CompilerServices.Unsafe.dll, AssemblyName=System.Runtime.CompilerServices.Unsafe, Version=6.0.0.0, Culture=neutral, PublicKeyToken=b03f5f7f11d50a3a' and ignoring 'Packages/com.unity.ai.assistant/Plugins/Markdig/Dependencies/System.Runtime.CompilerServices.Unsafe.dll, AssemblyName=System.Runtime.CompilerServices.Unsafe, Version=4.0.6.0, Culture=neutral, PublicKeyToken=b03f5f7f11d50a3a'.Symbol file LoadedFromMemory is not a mono symbol file
Symbol file LoadedFromMemory is not a mono symbol file
- Loaded All Assemblies, in  1.052 seconds
Refreshing native plugins compatible for Editor in 3.26 ms, found 5 plugins.
Native extension for WindowsStandalone target not found
[Package Manager] Failed to launch server process. Reason: Unity was launched with the -noUpm command-line argument
[Package Manager] Unable to send message (not connected to server process).
[Package Manager] Cannot connect to Unity Package Manager local server
[Package Manager] Failed to launch server process. Reason: Unity was launched with the -noUpm command-line argument
[Package Manager] Unable to send message (not connected to server process).
[Package Manager] Cannot connect to Unity Package Manager local server
Mono: successfully reloaded assembly
- Finished resetting the current domain, in  1.074 seconds
Domain Reload Profiling: 2128ms
	BeginReloadAssembly (268ms)
		ExecutionOrderSort (0ms)
		DisableScriptedObjects (15ms)
		BackupInstance (0ms)
		ReleaseScriptingObjects (0ms)
		CreateAndSetChildDomain (76ms)
	RebuildCommonClasses (41ms)
	RebuildNativeTypeToScriptingClass (13ms)
	initialDomainReloadingComplete (40ms)
	LoadAllAssembliesAndSetupDomain (691ms)
		LoadAssemblies (494ms)
		RebuildTransferFunctionScriptingTraits (0ms)
		AnalyzeDomain (313ms)
			TypeCache.Refresh (13ms)
				TypeCache.ScanAssembly (2ms)
			BuildScriptInfoCaches (284ms)
			ResolveRequiredComponents (11ms)
	FinalizeReload (1075ms)
		ReleaseScriptCaches (0ms)
		RebuildScriptCaches (0ms)
		SetupLoadedEditorAssemblies (864ms)
			LogAssemblyErrors (0ms)
			InitializePlatformSupportModulesInManaged (2ms)
			SetLoadedEditorAssemblies (4ms)
			BeforeProcessingInitializeOnLoad (189ms)
			ProcessInitializeOnLoadAttributes (365ms)
			ProcessInitializeOnLoadMethodAttributes (289ms)
			AfterProcessingInitializeOnLoad (15ms)
			EditorAssembliesLoaded (1ms)
		ExecutionOrderSort2 (0ms)
		AwakeInstancesAfterBackupRestoration (38ms)
Refreshing native plugins compatible for Editor in 7.29 ms, found 5 plugins.
Preloading 1 native plugins for Editor in 0.07 ms.
Unloading 53 Unused Serialized files (Serialized files now loaded: 0)
Unloading 9407 unused Assets / (19.3 MB). Loaded Objects now: 10187.
Memory consumption went from 191.9 MB to 172.5 MB.
Total: 28.291200 ms (FindLiveObjects: 0.987300 ms CreateObjectMapping: 1.988300 ms MarkObjects: 14.777700 ms  DeleteObjects: 10.535600 ms)

Prepare: number of updated asset objects reloaded= 0
========================================================================
Received Import Request.
  Time since last request: 9.395188 seconds.
  path: Assets/Scripts/RecoleccionDeFrutas.cs
  artifactKey: Guid(d9b381f1652593947a57fa293221158a) Importer(815301076,1909f56bfc062723c751e8b465ee728b)
Start importing Assets/Scripts/RecoleccionDeFrutas.cs using Guid(d9b381f1652593947a57fa293221158a) Importer(815301076,1909f56bfc062723c751e8b465ee728b) (PreviewImporter) -> (artifact id: 'bbfa0f7f86de0b9e56bbe224f64e5d98') in 0.003704 seconds
Number of updated asset objects reloaded before import = 0Number of asset objects unloaded after import = 0

========================================================================
Received Import Request.
  Time since last request: 0.000038 seconds.
  path: Assets/Scripts/LevelManager.cs
  artifactKey: Guid(547b8f3c9f5c9e04295d83de967a37b5) Importer(815301076,1909f56bfc062723c751e8b465ee728b)
Start importing Assets/Scripts/LevelManager.cs using Guid(547b8f3c9f5c9e04295d83de967a37b5) Importer(815301076,1909f56bfc062723c751e8b465ee728b) (PreviewImporter) -> (artifact id: '4a675a23cbc44f1037341c02005c372c') in 0.0009485 seconds
Number of updated asset objects reloaded before import = 0Number of asset objects unloaded after import = 0

========================================================================
Received Prepare
Begin MonoManager ReloadAssembly
[Licensing::Client] Successfully resolved entitlement details
Duplicate assembly 'System.Runtime.CompilerServices.Unsafe.dll' with different versions detected, using 'Packages/com.unity.collections/Unity.Collections.Tests/System.Runtime.CompilerServices.Unsafe/System.Runtime.CompilerServices.Unsafe.dll, AssemblyName=System.Runtime.CompilerServices.Unsafe, Version=6.0.0.0, Culture=neutral, PublicKeyToken=b03f5f7f11d50a3a' and ignoring 'Packages/com.unity.ai.assistant/Plugins/Markdig/Dependencies/System.Runtime.CompilerServices.Unsafe.dll, AssemblyName=System.Runtime.CompilerServices.Unsafe, Version=4.0.6.0, Culture=neutral, PublicKeyToken=b03f5f7f11d50a3a'.Symbol file LoadedFromMemory is not a mono symbol file
Symbol file LoadedFromMemory is not a mono symbol file
- Loaded All Assemblies, in  0.996 seconds
Refreshing native plugins compatible for Editor in 2.97 ms, found 5 plugins.
Native extension for WindowsStandalone target not found
[Package Manager] Failed to launch server process. Reason: Unity was launched with the -noUpm command-line argument
[Package Manager] Unable to send message (not connected to server process).
[Package Manager] Cannot connect to Unity Package Manager local server
[Package Manager] Failed to launch server process. Reason: Unity was launched with the -noUpm command-line argument
[Package Manager] Unable to send message (not connected to server process).
[Package Manager] Cannot connect to Unity Package Manager local server
Mono: successfully reloaded assembly
- Finished resetting the current domain, in  0.929 seconds
Domain Reload Profiling: 1927ms
	BeginReloadAssembly (241ms)
		ExecutionOrderSort (0ms)
		DisableScriptedObjects (15ms)
		BackupInstance (0ms)
		ReleaseScriptingObjects (0ms)
		CreateAndSetChildDomain (72ms)
	RebuildCommonClasses (34ms)
	RebuildNativeTypeToScriptingClass (12ms)
	initialDomainReloadingComplete (36ms)
	LoadAllAssembliesAndSetupDomain (675ms)
		LoadAssemblies (450ms)
		RebuildTransferFunctionScriptingTraits (0ms)
		AnalyzeDomain (319ms)
			TypeCache.Refresh (12ms)
				TypeCache.ScanAssembly (2ms)
			BuildScriptInfoCaches (287ms)
			ResolveRequiredComponents (14ms)
	FinalizeReload (930ms)
		ReleaseScriptCaches (0ms)
		RebuildScriptCaches (0ms)
		SetupLoadedEditorAssemblies (748ms)
			LogAssemblyErrors (0ms)
			InitializePlatformSupportModulesInManaged (2ms)
			SetLoadedEditorAssemblies (4ms)
			BeforeProcessingInitializeOnLoad (189ms)
			ProcessInitializeOnLoadAttributes (357ms)
			ProcessInitializeOnLoadMethodAttributes (188ms)
			AfterProcessingInitializeOnLoad (7ms)
			EditorAssembliesLoaded (0ms)
		ExecutionOrderSort2 (0ms)
		AwakeInstancesAfterBackupRestoration (21ms)
Refreshing native plugins compatible for Editor in 3.09 ms, found 5 plugins.
Preloading 1 native plugins for Editor in 0.06 ms.
Unloading 53 Unused Serialized files (Serialized files now loaded: 0)
Unloading 9407 unused Assets / (17.7 MB). Loaded Objects now: 10190.
Memory consumption went from 191.9 MB to 174.2 MB.
Total: 14.831000 ms (FindLiveObjects: 1.001100 ms CreateObjectMapping: 1.237100 ms MarkObjects: 7.231000 ms  DeleteObjects: 5.360200 ms)

Prepare: number of updated asset objects reloaded= 0
========================================================================
Received Prepare
Begin MonoManager ReloadAssembly
[Licensing::Client] Successfully resolved entitlement details
Duplicate assembly 'System.Runtime.CompilerServices.Unsafe.dll' with different versions detected, using 'Packages/com.unity.collections/Unity.Collections.Tests/System.Runtime.CompilerServices.Unsafe/System.Runtime.CompilerServices.Unsafe.dll, AssemblyName=System.Runtime.CompilerServices.Unsafe, Version=6.0.0.0, Culture=neutral, PublicKeyToken=b03f5f7f11d50a3a' and ignoring 'Packages/com.unity.ai.assistant/Plugins/Markdig/Dependencies/System.Runtime.CompilerServices.Unsafe.dll, AssemblyName=System.Runtime.CompilerServices.Unsafe, Version=4.0.6.0, Culture=neutral, PublicKeyToken=b03f5f7f11d50a3a'.Symbol file LoadedFromMemory is not a mono symbol file
Symbol file LoadedFromMemory is not a mono symbol file
- Loaded All Assemblies, in  0.979 seconds
Refreshing native plugins compatible for Editor in 3.27 ms, found 5 plugins.
Native extension for WindowsStandalone target not found
[Package Manager] Failed to launch server process. Reason: Unity was launched with the -noUpm command-line argument
[Package Manager] Unable to send message (not connected to server process).
[Package Manager] Cannot connect to Unity Package Manager local server
[Package Manager] Failed to launch server process. Reason: Unity was launched with the -noUpm command-line argument
[Package Manager] Unable to send message (not connected to server process).
[Package Manager] Cannot connect to Unity Package Manager local server
Mono: successfully reloaded assembly
- Finished resetting the current domain, in  0.969 seconds
Domain Reload Profiling: 1949ms
	BeginReloadAssembly (224ms)
		ExecutionOrderSort (0ms)
		DisableScriptedObjects (14ms)
		BackupInstance (0ms)
		ReleaseScriptingObjects (0ms)
		CreateAndSetChildDomain (66ms)
	RebuildCommonClasses (34ms)
	RebuildNativeTypeToScriptingClass (12ms)
	initialDomainReloadingComplete (35ms)
	LoadAllAssembliesAndSetupDomain (676ms)
		LoadAssemblies (449ms)
		RebuildTransferFunctionScriptingTraits (0ms)
		AnalyzeDomain (314ms)
			TypeCache.Refresh (9ms)
				TypeCache.ScanAssembly (0ms)
			BuildScriptInfoCaches (288ms)
			ResolveRequiredComponents (11ms)
	FinalizeReload (969ms)
		ReleaseScriptCaches (0ms)
		RebuildScriptCaches (0ms)
		SetupLoadedEditorAssemblies (801ms)
			LogAssemblyErrors (0ms)
			InitializePlatformSupportModulesInManaged (2ms)
			SetLoadedEditorAssemblies (4ms)
			BeforeProcessingInitializeOnLoad (188ms)
			ProcessInitializeOnLoadAttributes (398ms)
			ProcessInitializeOnLoadMethodAttributes (201ms)
			AfterProcessingInitializeOnLoad (9ms)
			EditorAssembliesLoaded (0ms)
		ExecutionOrderSort2 (0ms)
		AwakeInstancesAfterBackupRestoration (22ms)
Refreshing native plugins compatible for Editor in 3.56 ms, found 5 plugins.
Preloading 1 native plugins for Editor in 0.05 ms.
Unloading 53 Unused Serialized files (Serialized files now loaded: 0)
Unloading 9407 unused Assets / (17.5 MB). Loaded Objects now: 10193.
Memory consumption went from 194.7 MB to 177.2 MB.
Total: 17.994700 ms (FindLiveObjects: 1.014400 ms CreateObjectMapping: 1.967700 ms MarkObjects: 8.812800 ms  DeleteObjects: 6.197700 ms)

Prepare: number of updated asset objects reloaded= 0
========================================================================
Received Prepare
Begin MonoManager ReloadAssembly
[Licensing::Client] Successfully resolved entitlement details
Duplicate assembly 'System.Runtime.CompilerServices.Unsafe.dll' with different versions detected, using 'Packages/com.unity.collections/Unity.Collections.Tests/System.Runtime.CompilerServices.Unsafe/System.Runtime.CompilerServices.Unsafe.dll, AssemblyName=System.Runtime.CompilerServices.Unsafe, Version=6.0.0.0, Culture=neutral, PublicKeyToken=b03f5f7f11d50a3a' and ignoring 'Packages/com.unity.ai.assistant/Plugins/Markdig/Dependencies/System.Runtime.CompilerServices.Unsafe.dll, AssemblyName=System.Runtime.CompilerServices.Unsafe, Version=4.0.6.0, Culture=neutral, PublicKeyToken=b03f5f7f11d50a3a'.Symbol file LoadedFromMemory is not a mono symbol file
Symbol file LoadedFromMemory is not a mono symbol file
- Loaded All Assemblies, in  0.949 seconds
Refreshing native plugins compatible for Editor in 4.13 ms, found 5 plugins.
Native extension for WindowsStandalone target not found
[Package Manager] Failed to launch server process. Reason: Unity was launched with the -noUpm command-line argument
[Package Manager] Unable to send message (not connected to server process).
[Package Manager] Cannot connect to Unity Package Manager local server
[Package Manager] Failed to launch server process. Reason: Unity was launched with the -noUpm command-line argument
[Package Manager] Unable to send message (not connected to server process).
[Package Manager] Cannot connect to Unity Package Manager local server
Mono: successfully reloaded assembly
- Finished resetting the current domain, in  0.973 seconds
Domain Reload Profiling: 1925ms
	BeginReloadAssembly (226ms)
		ExecutionOrderSort (0ms)
		DisableScriptedObjects (15ms)
		BackupInstance (0ms)
		ReleaseScriptingObjects (0ms)
		CreateAndSetChildDomain (67ms)
	RebuildCommonClasses (31ms)
	RebuildNativeTypeToScriptingClass (17ms)
	initialDomainReloadingComplete (32ms)
	LoadAllAssembliesAndSetupDomain (645ms)
		LoadAssemblies (419ms)
		RebuildTransferFunctionScriptingTraits (0ms)
		AnalyzeDomain (312ms)
			TypeCache.Refresh (8ms)
				TypeCache.ScanAssembly (0ms)
			BuildScriptInfoCaches (291ms)
			ResolveRequiredComponents (10ms)
	FinalizeReload (973ms)
		ReleaseScriptCaches (0ms)
		RebuildScriptCaches (0ms)
		SetupLoadedEditorAssemblies (808ms)
			LogAssemblyErrors (0ms)
			InitializePlatformSupportModulesInManaged (2ms)
			SetLoadedEditorAssemblies (3ms)
			BeforeProcessingInitializeOnLoad (181ms)
			ProcessInitializeOnLoadAttributes (404ms)
			ProcessInitializeOnLoadMethodAttributes (209ms)
			AfterProcessingInitializeOnLoad (9ms)
			EditorAssembliesLoaded (0ms)
		ExecutionOrderSort2 (0ms)
		AwakeInstancesAfterBackupRestoration (22ms)
Refreshing native plugins compatible for Editor in 3.41 ms, found 5 plugins.
Preloading 1 native plugins for Editor in 0.06 ms.
Unloading 53 Unused Serialized files (Serialized files now loaded: 0)
Unloading 9407 unused Assets / (17.7 MB). Loaded Objects now: 10196.
Memory consumption went from 197.4 MB to 179.7 MB.
Total: 15.786300 ms (FindLiveObjects: 1.378700 ms CreateObjectMapping: 1.630400 ms MarkObjects: 6.854100 ms  DeleteObjects: 5.921700 ms)

Prepare: number of updated asset objects reloaded= 0
========================================================================
Received Prepare
Begin MonoManager ReloadAssembly
[Licensing::Client] Successfully resolved entitlement details
Duplicate assembly 'System.Runtime.CompilerServices.Unsafe.dll' with different versions detected, using 'Packages/com.unity.collections/Unity.Collections.Tests/System.Runtime.CompilerServices.Unsafe/System.Runtime.CompilerServices.Unsafe.dll, AssemblyName=System.Runtime.CompilerServices.Unsafe, Version=6.0.0.0, Culture=neutral, PublicKeyToken=b03f5f7f11d50a3a' and ignoring 'Packages/com.unity.ai.assistant/Plugins/Markdig/Dependencies/System.Runtime.CompilerServices.Unsafe.dll, AssemblyName=System.Runtime.CompilerServices.Unsafe, Version=4.0.6.0, Culture=neutral, PublicKeyToken=b03f5f7f11d50a3a'.Symbol file LoadedFromMemory is not a mono symbol file
Symbol file LoadedFromMemory is not a mono symbol file
- Loaded All Assemblies, in  0.935 seconds
Refreshing native plugins compatible for Editor in 3.41 ms, found 5 plugins.
Native extension for WindowsStandalone target not found
[Package Manager] Failed to launch server process. Reason: Unity was launched with the -noUpm command-line argument
[Package Manager] Unable to send message (not connected to server process).
[Package Manager] Cannot connect to Unity Package Manager local server
[Package Manager] Failed to launch server process. Reason: Unity was launched with the -noUpm command-line argument
[Package Manager] Unable to send message (not connected to server process).
[Package Manager] Cannot connect to Unity Package Manager local server
Mono: successfully reloaded assembly
- Finished resetting the current domain, in  1.030 seconds
Domain Reload Profiling: 1966ms
	BeginReloadAssembly (227ms)
		ExecutionOrderSort (0ms)
		DisableScriptedObjects (14ms)
		BackupInstance (0ms)
		ReleaseScriptingObjects (0ms)
		CreateAndSetChildDomain (66ms)
	RebuildCommonClasses (32ms)
	RebuildNativeTypeToScriptingClass (11ms)
	initialDomainReloadingComplete (32ms)
	LoadAllAssembliesAndSetupDomain (634ms)
		LoadAssemblies (429ms)
		RebuildTransferFunctionScriptingTraits (0ms)
		AnalyzeDomain (295ms)
			TypeCache.Refresh (8ms)
				TypeCache.ScanAssembly (0ms)
			BuildScriptInfoCaches (271ms)
			ResolveRequiredComponents (12ms)
	FinalizeReload (1031ms)
		ReleaseScriptCaches (0ms)
		RebuildScriptCaches (0ms)
		SetupLoadedEditorAssemblies (850ms)
			LogAssemblyErrors (0ms)
			InitializePlatformSupportModulesInManaged (2ms)
			SetLoadedEditorAssemblies (4ms)
			BeforeProcessingInitializeOnLoad (209ms)
			ProcessInitializeOnLoadAttributes (429ms)
			ProcessInitializeOnLoadMethodAttributes (196ms)
			AfterProcessingInitializeOnLoad (10ms)
			EditorAssembliesLoaded (1ms)
		ExecutionOrderSort2 (0ms)
		AwakeInstancesAfterBackupRestoration (19ms)
Refreshing native plugins compatible for Editor in 3.69 ms, found 5 plugins.
Preloading 1 native plugins for Editor in 0.06 ms.
Unloading 53 Unused Serialized files (Serialized files now loaded: 0)
Unloading 9407 unused Assets / (17.2 MB). Loaded Objects now: 10199.
Memory consumption went from 200.2 MB to 183.0 MB.
Total: 16.070500 ms (FindLiveObjects: 0.991000 ms CreateObjectMapping: 1.931600 ms MarkObjects: 7.502300 ms  DeleteObjects: 5.644200 ms)

Prepare: number of updated asset objects reloaded= 0
========================================================================
Received Import Request.
  Time since last request: 3228.049270 seconds.
  path: Assets/Scripts/LevelManager.cs
  artifactKey: Guid(547b8f3c9f5c9e04295d83de967a37b5) Importer(815301076,1909f56bfc062723c751e8b465ee728b)
Start importing Assets/Scripts/LevelManager.cs using Guid(547b8f3c9f5c9e04295d83de967a37b5) Importer(815301076,1909f56bfc062723c751e8b465ee728b) (PreviewImporter) -> (artifact id: '57dcf65da7836091de5b52724670419f') in 0.0024215 seconds
Number of updated asset objects reloaded before import = 0Number of asset objects unloaded after import = 0

========================================================================
Received Prepare
Begin MonoManager ReloadAssembly
[Licensing::Client] Successfully resolved entitlement details
Duplicate assembly 'System.Runtime.CompilerServices.Unsafe.dll' with different versions detected, using 'Packages/com.unity.collections/Unity.Collections.Tests/System.Runtime.CompilerServices.Unsafe/System.Runtime.CompilerServices.Unsafe.dll, AssemblyName=System.Runtime.CompilerServices.Unsafe, Version=6.0.0.0, Culture=neutral, PublicKeyToken=b03f5f7f11d50a3a' and ignoring 'Packages/com.unity.ai.assistant/Plugins/Markdig/Dependencies/System.Runtime.CompilerServices.Unsafe.dll, AssemblyName=System.Runtime.CompilerServices.Unsafe, Version=4.0.6.0, Culture=neutral, PublicKeyToken=b03f5f7f11d50a3a'.Symbol file LoadedFromMemory is not a mono symbol file
Symbol file LoadedFromMemory is not a mono symbol file
- Loaded All Assemblies, in  0.966 seconds
Refreshing native plugins compatible for Editor in 3.10 ms, found 5 plugins.
Native extension for WindowsStandalone target not found
[Package Manager] Failed to launch server process. Reason: Unity was launched with the -noUpm command-line argument
[Package Manager] Unable to send message (not connected to server process).
[Package Manager] Cannot connect to Unity Package Manager local server
[Package Manager] Failed to launch server process. Reason: Unity was launched with the -noUpm command-line argument
[Package Manager] Unable to send message (not connected to server process).
[Package Manager] Cannot connect to Unity Package Manager local server
Mono: successfully reloaded assembly
- Finished resetting the current domain, in  0.960 seconds
Domain Reload Profiling: 1928ms
	BeginReloadAssembly (239ms)
		ExecutionOrderSort (0ms)
		DisableScriptedObjects (16ms)
		BackupInstance (0ms)
		ReleaseScriptingObjects (0ms)
		CreateAndSetChildDomain (69ms)
	RebuildCommonClasses (35ms)
	RebuildNativeTypeToScriptingClass (13ms)
	initialDomainReloadingComplete (35ms)
	LoadAllAssembliesAndSetupDomain (646ms)
		LoadAssemblies (445ms)
		RebuildTransferFunctionScriptingTraits (0ms)
		AnalyzeDomain (296ms)
			TypeCache.Refresh (12ms)
				TypeCache.ScanAssembly (2ms)
			BuildScriptInfoCaches (270ms)
			ResolveRequiredComponents (10ms)
	FinalizeReload (960ms)
		ReleaseScriptCaches (0ms)
		RebuildScriptCaches (0ms)
		SetupLoadedEditorAssemblies (790ms)
			LogAssemblyErrors (0ms)
			InitializePlatformSupportModulesInManaged (2ms)
			SetLoadedEditorAssemblies (3ms)
			BeforeProcessingInitializeOnLoad (201ms)
			ProcessInitializeOnLoadAttributes (389ms)
			ProcessInitializeOnLoadMethodAttributes (186ms)
			AfterProcessingInitializeOnLoad (8ms)
			EditorAssembliesLoaded (0ms)
		ExecutionOrderSort2 (0ms)
		AwakeInstancesAfterBackupRestoration (15ms)
Refreshing native plugins compatible for Editor in 3.21 ms, found 5 plugins.
Preloading 1 native plugins for Editor in 0.06 ms.
Unloading 53 Unused Serialized files (Serialized files now loaded: 0)
Unloading 9407 unused Assets / (17.6 MB). Loaded Objects now: 10202.
Memory consumption went from 192.2 MB to 174.6 MB.
Total: 12.671600 ms (FindLiveObjects: 0.933900 ms CreateObjectMapping: 0.967700 ms MarkObjects: 5.928000 ms  DeleteObjects: 4.840000 ms)

Prepare: number of updated asset objects reloaded= 0
========================================================================
Received Prepare
Begin MonoManager ReloadAssembly
Duplicate assembly 'System.Runtime.CompilerServices.Unsafe.dll' with different versions detected, using 'Packages/com.unity.collections/Unity.Collections.Tests/System.Runtime.CompilerServices.Unsafe/System.Runtime.CompilerServices.Unsafe.dll, AssemblyName=System.Runtime.CompilerServices.Unsafe, Version=6.0.0.0, Culture=neutral, PublicKeyToken=b03f5f7f11d50a3a' and ignoring 'Packages/com.unity.ai.assistant/Plugins/Markdig/Dependencies/System.Runtime.CompilerServices.Unsafe.dll, AssemblyName=System.Runtime.CompilerServices.Unsafe, Version=4.0.6.0, Culture=neutral, PublicKeyToken=b03f5f7f11d50a3a'.Symbol file LoadedFromMemory is not a mono symbol file
Symbol file LoadedFromMemory is not a mono symbol file
- Loaded All Assemblies, in  0.951 seconds
Refreshing native plugins compatible for Editor in 3.27 ms, found 5 plugins.
Native extension for WindowsStandalone target not found
[Package Manager] Failed to launch server process. Reason: Unity was launched with the -noUpm command-line argument
[Package Manager] Unable to send message (not connected to server process).
[Package Manager] Cannot connect to Unity Package Manager local server
[Package Manager] Failed to launch server process. Reason: Unity was launched with the -noUpm command-line argument
[Package Manager] Unable to send message (not connected to server process).
[Package Manager] Cannot connect to Unity Package Manager local server
Mono: successfully reloaded assembly
- Finished resetting the current domain, in  1.013 seconds
Domain Reload Profiling: 1967ms
	BeginReloadAssembly (231ms)
		ExecutionOrderSort (0ms)
		DisableScriptedObjects (14ms)
		BackupInstance (0ms)
		ReleaseScriptingObjects (0ms)
		CreateAndSetChildDomain (63ms)
	RebuildCommonClasses (32ms)
	RebuildNativeTypeToScriptingClass (14ms)
	initialDomainReloadingComplete (37ms)
	LoadAllAssembliesAndSetupDomain (640ms)
		LoadAssemblies (445ms)
		RebuildTransferFunctionScriptingTraits (0ms)
		AnalyzeDomain (292ms)
			TypeCache.Refresh (8ms)
				TypeCache.ScanAssembly (0ms)
			BuildScriptInfoCaches (270ms)
			ResolveRequiredComponents (10ms)
	FinalizeReload (1013ms)
		ReleaseScriptCaches (0ms)
		RebuildScriptCaches (0ms)
		SetupLoadedEditorAssemblies (836ms)
			LogAssemblyErrors (0ms)
			InitializePlatformSupportModulesInManaged (2ms)
			SetLoadedEditorAssemblies (4ms)
			BeforeProcessingInitializeOnLoad (203ms)
			ProcessInitializeOnLoadAttributes (414ms)
			ProcessInitializeOnLoadMethodAttributes (203ms)
			AfterProcessingInitializeOnLoad (10ms)
			EditorAssembliesLoaded (0ms)
		ExecutionOrderSort2 (0ms)
		AwakeInstancesAfterBackupRestoration (19ms)
Refreshing native plugins compatible for Editor in 3.67 ms, found 5 plugins.
Preloading 1 native plugins for Editor in 0.09 ms.
Unloading 53 Unused Serialized files (Serialized files now loaded: 0)
Unloading 9407 unused Assets / (18.0 MB). Loaded Objects now: 10205.
Memory consumption went from 194.9 MB to 176.8 MB.
Total: 16.425800 ms (FindLiveObjects: 1.028100 ms CreateObjectMapping: 1.639300 ms MarkObjects: 7.151800 ms  DeleteObjects: 6.605400 ms)

Prepare: number of updated asset objects reloaded= 0
========================================================================
Received Prepare
Begin MonoManager ReloadAssembly
[Licensing::Client] Successfully resolved entitlement details
Duplicate assembly 'System.Runtime.CompilerServices.Unsafe.dll' with different versions detected, using 'Packages/com.unity.collections/Unity.Collections.Tests/System.Runtime.CompilerServices.Unsafe/System.Runtime.CompilerServices.Unsafe.dll, AssemblyName=System.Runtime.CompilerServices.Unsafe, Version=6.0.0.0, Culture=neutral, PublicKeyToken=b03f5f7f11d50a3a' and ignoring 'Packages/com.unity.ai.assistant/Plugins/Markdig/Dependencies/System.Runtime.CompilerServices.Unsafe.dll, AssemblyName=System.Runtime.CompilerServices.Unsafe, Version=4.0.6.0, Culture=neutral, PublicKeyToken=b03f5f7f11d50a3a'.Symbol file LoadedFromMemory is not a mono symbol file
Symbol file LoadedFromMemory is not a mono symbol file
- Loaded All Assemblies, in  0.988 seconds
Refreshing native plugins compatible for Editor in 3.83 ms, found 5 plugins.
Native extension for WindowsStandalone target not found
[Package Manager] Failed to launch server process. Reason: Unity was launched with the -noUpm command-line argument
[Package Manager] Unable to send message (not connected to server process).
[Package Manager] Cannot connect to Unity Package Manager local server
[Package Manager] Failed to launch server process. Reason: Unity was launched with the -noUpm command-line argument
[Package Manager] Unable to send message (not connected to server process).
[Package Manager] Cannot connect to Unity Package Manager local server
Mono: successfully reloaded assembly
- Finished resetting the current domain, in  1.001 seconds
Domain Reload Profiling: 1988ms
	BeginReloadAssembly (252ms)
		ExecutionOrderSort (0ms)
		DisableScriptedObjects (19ms)
		BackupInstance (0ms)
		ReleaseScriptingObjects (0ms)
		CreateAndSetChildDomain (72ms)
	RebuildCommonClasses (35ms)
	RebuildNativeTypeToScriptingClass (11ms)
	initialDomainReloadingComplete (40ms)
	LoadAllAssembliesAndSetupDomain (649ms)
		LoadAssemblies (438ms)
		RebuildTransferFunctionScriptingTraits (0ms)
		AnalyzeDomain (305ms)
			TypeCache.Refresh (13ms)
				TypeCache.ScanAssembly (2ms)
			BuildScriptInfoCaches (277ms)
			ResolveRequiredComponents (10ms)
	FinalizeReload (1001ms)
		ReleaseScriptCaches (0ms)
		RebuildScriptCaches (0ms)
		SetupLoadedEditorAssemblies (803ms)
			LogAssemblyErrors (0ms)
			InitializePlatformSupportModulesInManaged (2ms)
			SetLoadedEditorAssemblies (4ms)
			BeforeProcessingInitializeOnLoad (207ms)
			ProcessInitializeOnLoadAttributes (393ms)
			ProcessInitializeOnLoadMethodAttributes (187ms)
			AfterProcessingInitializeOnLoad (8ms)
			EditorAssembliesLoaded (1ms)
		ExecutionOrderSort2 (0ms)
		AwakeInstancesAfterBackupRestoration (15ms)
Refreshing native plugins compatible for Editor in 3.40 ms, found 5 plugins.
Preloading 1 native plugins for Editor in 0.07 ms.
Unloading 53 Unused Serialized files (Serialized files now loaded: 0)
Unloading 9407 unused Assets / (16.9 MB). Loaded Objects now: 10208.
Memory consumption went from 197.6 MB to 180.7 MB.
Total: 13.108500 ms (FindLiveObjects: 0.972700 ms CreateObjectMapping: 0.816900 ms MarkObjects: 6.272100 ms  DeleteObjects: 5.045500 ms)

Prepare: number of updated asset objects reloaded= 0
========================================================================
Received Prepare
Begin MonoManager ReloadAssembly
Duplicate assembly 'System.Runtime.CompilerServices.Unsafe.dll' with different versions detected, using 'Packages/com.unity.collections/Unity.Collections.Tests/System.Runtime.CompilerServices.Unsafe/System.Runtime.CompilerServices.Unsafe.dll, AssemblyName=System.Runtime.CompilerServices.Unsafe, Version=6.0.0.0, Culture=neutral, PublicKeyToken=b03f5f7f11d50a3a' and ignoring 'Packages/com.unity.ai.assistant/Plugins/Markdig/Dependencies/System.Runtime.CompilerServices.Unsafe.dll, AssemblyName=System.Runtime.CompilerServices.Unsafe, Version=4.0.6.0, Culture=neutral, PublicKeyToken=b03f5f7f11d50a3a'.Symbol file LoadedFromMemory is not a mono symbol file
Symbol file LoadedFromMemory is not a mono symbol file
- Loaded All Assemblies, in  0.949 seconds
Refreshing native plugins compatible for Editor in 3.19 ms, found 5 plugins.
Native extension for WindowsStandalone target not found
[Package Manager] Failed to launch server process. Reason: Unity was launched with the -noUpm command-line argument
[Package Manager] Unable to send message (not connected to server process).
[Package Manager] Cannot connect to Unity Package Manager local server
[Package Manager] Failed to launch server process. Reason: Unity was launched with the -noUpm command-line argument
[Package Manager] Unable to send message (not connected to server process).
[Package Manager] Cannot connect to Unity Package Manager local server
Mono: successfully reloaded assembly
- Finished resetting the current domain, in  1.009 seconds
Domain Reload Profiling: 1959ms
	BeginReloadAssembly (221ms)
		ExecutionOrderSort (0ms)
		DisableScriptedObjects (14ms)
		BackupInstance (0ms)
		ReleaseScriptingObjects (0ms)
		CreateAndSetChildDomain (64ms)
	RebuildCommonClasses (33ms)
	RebuildNativeTypeToScriptingClass (11ms)
	initialDomainReloadingComplete (34ms)
	LoadAllAssembliesAndSetupDomain (651ms)
		LoadAssemblies (438ms)
		RebuildTransferFunctionScriptingTraits (0ms)
		AnalyzeDomain (300ms)
			TypeCache.Refresh (8ms)
				TypeCache.ScanAssembly (0ms)
			BuildScriptInfoCaches (277ms)
			ResolveRequiredComponents (10ms)
	FinalizeReload (1009ms)
		ReleaseScriptCaches (0ms)
		RebuildScriptCaches (0ms)
		SetupLoadedEditorAssemblies (831ms)
			LogAssemblyErrors (0ms)
			InitializePlatformSupportModulesInManaged (2ms)
			SetLoadedEditorAssemblies (3ms)
			BeforeProcessingInitializeOnLoad (203ms)
			ProcessInitializeOnLoadAttributes (401ms)
			ProcessInitializeOnLoadMethodAttributes (212ms)
			AfterProcessingInitializeOnLoad (10ms)
			EditorAssembliesLoaded (1ms)
		ExecutionOrderSort2 (0ms)
		AwakeInstancesAfterBackupRestoration (20ms)
Refreshing native plugins compatible for Editor in 3.76 ms, found 5 plugins.
Preloading 1 native plugins for Editor in 0.06 ms.
Unloading 53 Unused Serialized files (Serialized files now loaded: 0)
Unloading 9407 unused Assets / (16.9 MB). Loaded Objects now: 10211.
Memory consumption went from 200.3 MB to 183.5 MB.
Total: 15.908400 ms (FindLiveObjects: 1.132900 ms CreateObjectMapping: 1.326300 ms MarkObjects: 7.296800 ms  DeleteObjects: 6.151000 ms)

Prepare: number of updated asset objects reloaded= 0
========================================================================
Received Prepare
Begin MonoManager ReloadAssembly
[Licensing::Client] Successfully resolved entitlement details
Duplicate assembly 'System.Runtime.CompilerServices.Unsafe.dll' with different versions detected, using 'Packages/com.unity.collections/Unity.Collections.Tests/System.Runtime.CompilerServices.Unsafe/System.Runtime.CompilerServices.Unsafe.dll, AssemblyName=System.Runtime.CompilerServices.Unsafe, Version=6.0.0.0, Culture=neutral, PublicKeyToken=b03f5f7f11d50a3a' and ignoring 'Packages/com.unity.ai.assistant/Plugins/Markdig/Dependencies/System.Runtime.CompilerServices.Unsafe.dll, AssemblyName=System.Runtime.CompilerServices.Unsafe, Version=4.0.6.0, Culture=neutral, PublicKeyToken=b03f5f7f11d50a3a'.Symbol file LoadedFromMemory is not a mono symbol file
Symbol file LoadedFromMemory is not a mono symbol file
- Loaded All Assemblies, in  0.978 seconds
Refreshing native plugins compatible for Editor in 4.43 ms, found 5 plugins.
Native extension for WindowsStandalone target not found
[Package Manager] Failed to launch server process. Reason: Unity was launched with the -noUpm command-line argument
[Package Manager] Unable to send message (not connected to server process).
[Package Manager] Cannot connect to Unity Package Manager local server
[Package Manager] Failed to launch server process. Reason: Unity was launched with the -noUpm command-line argument
[Package Manager] Unable to send message (not connected to server process).
[Package Manager] Cannot connect to Unity Package Manager local server
Mono: successfully reloaded assembly
- Finished resetting the current domain, in  1.023 seconds
Domain Reload Profiling: 2003ms
	BeginReloadAssembly (231ms)
		ExecutionOrderSort (0ms)
		DisableScriptedObjects (15ms)
		BackupInstance (0ms)
		ReleaseScriptingObjects (0ms)
		CreateAndSetChildDomain (66ms)
	RebuildCommonClasses (33ms)
	RebuildNativeTypeToScriptingClass (14ms)
	initialDomainReloadingComplete (36ms)
	LoadAllAssembliesAndSetupDomain (665ms)
		LoadAssemblies (439ms)
		RebuildTransferFunctionScriptingTraits (0ms)
		AnalyzeDomain (319ms)
			TypeCache.Refresh (8ms)
				TypeCache.ScanAssembly (0ms)
			BuildScriptInfoCaches (295ms)
			ResolveRequiredComponents (11ms)
	FinalizeReload (1024ms)
		ReleaseScriptCaches (0ms)
		RebuildScriptCaches (0ms)
		SetupLoadedEditorAssemblies (842ms)
			LogAssemblyErrors (0ms)
			InitializePlatformSupportModulesInManaged (2ms)
			SetLoadedEditorAssemblies (4ms)
			BeforeProcessingInitializeOnLoad (205ms)
			ProcessInitializeOnLoadAttributes (419ms)
			ProcessInitializeOnLoadMethodAttributes (202ms)
			AfterProcessingInitializeOnLoad (9ms)
			EditorAssembliesLoaded (0ms)
		ExecutionOrderSort2 (0ms)
		AwakeInstancesAfterBackupRestoration (18ms)
Refreshing native plugins compatible for Editor in 3.82 ms, found 5 plugins.
Preloading 1 native plugins for Editor in 0.06 ms.
Unloading 53 Unused Serialized files (Serialized files now loaded: 0)
Unloading 9407 unused Assets / (17.0 MB). Loaded Objects now: 10214.
Memory consumption went from 203.1 MB to 186.1 MB.
Total: 15.131600 ms (FindLiveObjects: 1.066400 ms CreateObjectMapping: 1.240500 ms MarkObjects: 7.300000 ms  DeleteObjects: 5.522700 ms)

Prepare: number of updated asset objects reloaded= 0
========================================================================
Received Prepare
Begin MonoManager ReloadAssembly
[Licensing::Client] Successfully resolved entitlement details
Duplicate assembly 'System.Runtime.CompilerServices.Unsafe.dll' with different versions detected, using 'Packages/com.unity.collections/Unity.Collections.Tests/System.Runtime.CompilerServices.Unsafe/System.Runtime.CompilerServices.Unsafe.dll, AssemblyName=System.Runtime.CompilerServices.Unsafe, Version=6.0.0.0, Culture=neutral, PublicKeyToken=b03f5f7f11d50a3a' and ignoring 'Packages/com.unity.ai.assistant/Plugins/Markdig/Dependencies/System.Runtime.CompilerServices.Unsafe.dll, AssemblyName=System.Runtime.CompilerServices.Unsafe, Version=4.0.6.0, Culture=neutral, PublicKeyToken=b03f5f7f11d50a3a'.Symbol file LoadedFromMemory is not a mono symbol file
Symbol file LoadedFromMemory is not a mono symbol file
- Loaded All Assemblies, in  0.959 seconds
Refreshing native plugins compatible for Editor in 2.93 ms, found 5 plugins.
Native extension for WindowsStandalone target not found
[Package Manager] Failed to launch server process. Reason: Unity was launched with the -noUpm command-line argument
[Package Manager] Unable to send message (not connected to server process).
[Package Manager] Cannot connect to Unity Package Manager local server
[Package Manager] Failed to launch server process. Reason: Unity was launched with the -noUpm command-line argument
[Package Manager] Unable to send message (not connected to server process).
[Package Manager] Cannot connect to Unity Package Manager local server
Mono: successfully reloaded assembly
- Finished resetting the current domain, in  0.923 seconds
Domain Reload Profiling: 1884ms
	BeginReloadAssembly (233ms)
		ExecutionOrderSort (0ms)
		DisableScriptedObjects (15ms)
		BackupInstance (0ms)
		ReleaseScriptingObjects (0ms)
		CreateAndSetChildDomain (67ms)
	RebuildCommonClasses (32ms)
	RebuildNativeTypeToScriptingClass (12ms)
	initialDomainReloadingComplete (37ms)
	LoadAllAssembliesAndSetupDomain (646ms)
		LoadAssemblies (444ms)
		RebuildTransferFunctionScriptingTraits (0ms)
		AnalyzeDomain (293ms)
			TypeCache.Refresh (8ms)
				TypeCache.ScanAssembly (0ms)
			BuildScriptInfoCaches (270ms)
			ResolveRequiredComponents (10ms)
	FinalizeReload (924ms)
		ReleaseScriptCaches (0ms)
		RebuildScriptCaches (0ms)
		SetupLoadedEditorAssemblies (750ms)
			LogAssemblyErrors (0ms)
			InitializePlatformSupportModulesInManaged (2ms)
			SetLoadedEditorAssemblies (4ms)
			BeforeProcessingInitializeOnLoad (175ms)
			ProcessInitializeOnLoadAttributes (358ms)
			ProcessInitializeOnLoadMethodAttributes (203ms)
			AfterProcessingInitializeOnLoad (9ms)
			EditorAssembliesLoaded (0ms)
		ExecutionOrderSort2 (0ms)
		AwakeInstancesAfterBackupRestoration (18ms)
Refreshing native plugins compatible for Editor in 3.23 ms, found 5 plugins.
Preloading 1 native plugins for Editor in 0.06 ms.
Unloading 53 Unused Serialized files (Serialized files now loaded: 0)
Unloading 9407 unused Assets / (17.1 MB). Loaded Objects now: 10217.
Memory consumption went from 205.9 MB to 188.7 MB.
Total: 16.359800 ms (FindLiveObjects: 1.063600 ms CreateObjectMapping: 1.476700 ms MarkObjects: 7.421500 ms  DeleteObjects: 6.396400 ms)

Prepare: number of updated asset objects reloaded= 0
========================================================================
Received Import Request.
  Time since last request: 1879.676295 seconds.
  path: Assets/Scripts/RecoleccionDeFrutas.cs
  artifactKey: Guid(d9b381f1652593947a57fa293221158a) Importer(815301076,1909f56bfc062723c751e8b465ee728b)
Start importing Assets/Scripts/RecoleccionDeFrutas.cs using Guid(d9b381f1652593947a57fa293221158a) Importer(815301076,1909f56bfc062723c751e8b465ee728b) (PreviewImporter) -> (artifact id: 'ac039b07bdf196cc804a510a347dcf58') in 0.0021538 seconds
Number of updated asset objects reloaded before import = 0Number of asset objects unloaded after import = 0

========================================================================
Received Prepare
Begin MonoManager ReloadAssembly
[Licensing::Client] Successfully resolved entitlement details
Duplicate assembly 'System.Runtime.CompilerServices.Unsafe.dll' with different versions detected, using 'Packages/com.unity.collections/Unity.Collections.Tests/System.Runtime.CompilerServices.Unsafe/System.Runtime.CompilerServices.Unsafe.dll, AssemblyName=System.Runtime.CompilerServices.Unsafe, Version=6.0.0.0, Culture=neutral, PublicKeyToken=b03f5f7f11d50a3a' and ignoring 'Packages/com.unity.ai.assistant/Plugins/Markdig/Dependencies/System.Runtime.CompilerServices.Unsafe.dll, AssemblyName=System.Runtime.CompilerServices.Unsafe, Version=4.0.6.0, Culture=neutral, PublicKeyToken=b03f5f7f11d50a3a'.Symbol file LoadedFromMemory is not a mono symbol file
Symbol file LoadedFromMemory is not a mono symbol file
- Loaded All Assemblies, in  1.041 seconds
Refreshing native plugins compatible for Editor in 3.09 ms, found 5 plugins.
Native extension for WindowsStandalone target not found
[Package Manager] Failed to launch server process. Reason: Unity was launched with the -noUpm command-line argument
[Package Manager] Unable to send message (not connected to server process).
[Package Manager] Cannot connect to Unity Package Manager local server
[Package Manager] Failed to launch server process. Reason: Unity was launched with the -noUpm command-line argument
[Package Manager] Unable to send message (not connected to server process).
[Package Manager] Cannot connect to Unity Package Manager local server
Mono: successfully reloaded assembly
- Finished resetting the current domain, in  0.872 seconds
Domain Reload Profiling: 1914ms
	BeginReloadAssembly (245ms)
		ExecutionOrderSort (0ms)
		DisableScriptedObjects (16ms)
		BackupInstance (0ms)
		ReleaseScriptingObjects (0ms)
		CreateAndSetChildDomain (74ms)
	RebuildCommonClasses (33ms)
	RebuildNativeTypeToScriptingClass (12ms)
	initialDomainReloadingComplete (34ms)
	LoadAllAssembliesAndSetupDomain (717ms)
		LoadAssemblies (440ms)
		RebuildTransferFunctionScriptingTraits (0ms)
		AnalyzeDomain (371ms)
			TypeCache.Refresh (12ms)
				TypeCache.ScanAssembly (2ms)
			BuildScriptInfoCaches (344ms)
			ResolveRequiredComponents (10ms)
	FinalizeReload (872ms)
		ReleaseScriptCaches (0ms)
		RebuildScriptCaches (0ms)
		SetupLoadedEditorAssemblies (713ms)
			LogAssemblyErrors (0ms)
			InitializePlatformSupportModulesInManaged (2ms)
			SetLoadedEditorAssemblies (4ms)
			BeforeProcessingInitializeOnLoad (194ms)
			ProcessInitializeOnLoadAttributes (341ms)
			ProcessInitializeOnLoadMethodAttributes (165ms)
			AfterProcessingInitializeOnLoad (8ms)
			EditorAssembliesLoaded (0ms)
		ExecutionOrderSort2 (0ms)
		AwakeInstancesAfterBackupRestoration (15ms)
Refreshing native plugins compatible for Editor in 3.34 ms, found 5 plugins.
Preloading 1 native plugins for Editor in 0.06 ms.
Unloading 53 Unused Serialized files (Serialized files now loaded: 0)
Unloading 9407 unused Assets / (17.1 MB). Loaded Objects now: 10220.
Memory consumption went from 192.4 MB to 175.4 MB.
Total: 14.745200 ms (FindLiveObjects: 1.116100 ms CreateObjectMapping: 1.040200 ms MarkObjects: 7.241800 ms  DeleteObjects: 5.346100 ms)

Prepare: number of updated asset objects reloaded= 0
========================================================================
Received Prepare
Begin MonoManager ReloadAssembly
Duplicate assembly 'System.Runtime.CompilerServices.Unsafe.dll' with different versions detected, using 'Packages/com.unity.collections/Unity.Collections.Tests/System.Runtime.CompilerServices.Unsafe/System.Runtime.CompilerServices.Unsafe.dll, AssemblyName=System.Runtime.CompilerServices.Unsafe, Version=6.0.0.0, Culture=neutral, PublicKeyToken=b03f5f7f11d50a3a' and ignoring 'Packages/com.unity.ai.assistant/Plugins/Markdig/Dependencies/System.Runtime.CompilerServices.Unsafe.dll, AssemblyName=System.Runtime.CompilerServices.Unsafe, Version=4.0.6.0, Culture=neutral, PublicKeyToken=b03f5f7f11d50a3a'.Symbol file LoadedFromMemory is not a mono symbol file
Symbol file LoadedFromMemory is not a mono symbol file
- Loaded All Assemblies, in  0.943 seconds
Refreshing native plugins compatible for Editor in 3.05 ms, found 5 plugins.
Native extension for WindowsStandalone target not found
[Package Manager] Failed to launch server process. Reason: Unity was launched with the -noUpm command-line argument
[Package Manager] Unable to send message (not connected to server process).
[Package Manager] Cannot connect to Unity Package Manager local server
[Package Manager] Failed to launch server process. Reason: Unity was launched with the -noUpm command-line argument
[Package Manager] Unable to send message (not connected to server process).
[Package Manager] Cannot connect to Unity Package Manager local server
Mono: successfully reloaded assembly
- Finished resetting the current domain, in  0.953 seconds
Domain Reload Profiling: 1899ms
	BeginReloadAssembly (227ms)
		ExecutionOrderSort (0ms)
		DisableScriptedObjects (13ms)
		BackupInstance (0ms)
		ReleaseScriptingObjects (0ms)
		CreateAndSetChildDomain (73ms)
	RebuildCommonClasses (31ms)
	RebuildNativeTypeToScriptingClass (12ms)
	initialDomainReloadingComplete (35ms)
	LoadAllAssembliesAndSetupDomain (641ms)
		LoadAssemblies (425ms)
		RebuildTransferFunctionScriptingTraits (0ms)
		AnalyzeDomain (303ms)
			TypeCache.Refresh (8ms)
				TypeCache.ScanAssembly (0ms)
			BuildScriptInfoCaches (281ms)
			ResolveRequiredComponents (10ms)
	FinalizeReload (953ms)
		ReleaseScriptCaches (0ms)
		RebuildScriptCaches (0ms)
		SetupLoadedEditorAssemblies (777ms)
			LogAssemblyErrors (0ms)
			InitializePlatformSupportModulesInManaged (2ms)
			SetLoadedEditorAssemblies (3ms)
			BeforeProcessingInitializeOnLoad (182ms)
			ProcessInitializeOnLoadAttributes (393ms)
			ProcessInitializeOnLoadMethodAttributes (186ms)
			AfterProcessingInitializeOnLoad (10ms)
			EditorAssembliesLoaded (0ms)
		ExecutionOrderSort2 (0ms)
		AwakeInstancesAfterBackupRestoration (21ms)
Refreshing native plugins compatible for Editor in 3.65 ms, found 5 plugins.
Preloading 1 native plugins for Editor in 0.06 ms.
Unloading 53 Unused Serialized files (Serialized files now loaded: 0)
Unloading 9407 unused Assets / (17.6 MB). Loaded Objects now: 10223.
Memory consumption went from 195.2 MB to 177.6 MB.
Total: 16.702400 ms (FindLiveObjects: 1.091200 ms CreateObjectMapping: 1.616800 ms MarkObjects: 7.494200 ms  DeleteObjects: 6.498500 ms)

Prepare: number of updated asset objects reloaded= 0
========================================================================
Received Prepare
Begin MonoManager ReloadAssembly
[Licensing::Client] Successfully resolved entitlement details
Duplicate assembly 'System.Runtime.CompilerServices.Unsafe.dll' with different versions detected, using 'Packages/com.unity.collections/Unity.Collections.Tests/System.Runtime.CompilerServices.Unsafe/System.Runtime.CompilerServices.Unsafe.dll, AssemblyName=System.Runtime.CompilerServices.Unsafe, Version=6.0.0.0, Culture=neutral, PublicKeyToken=b03f5f7f11d50a3a' and ignoring 'Packages/com.unity.ai.assistant/Plugins/Markdig/Dependencies/System.Runtime.CompilerServices.Unsafe.dll, AssemblyName=System.Runtime.CompilerServices.Unsafe, Version=4.0.6.0, Culture=neutral, PublicKeyToken=b03f5f7f11d50a3a'.Symbol file LoadedFromMemory is not a mono symbol file
Symbol file LoadedFromMemory is not a mono symbol file
- Loaded All Assemblies, in  0.943 seconds
Refreshing native plugins compatible for Editor in 3.75 ms, found 5 plugins.
Native extension for WindowsStandalone target not found
[Package Manager] Failed to launch server process. Reason: Unity was launched with the -noUpm command-line argument
[Package Manager] Unable to send message (not connected to server process).
[Package Manager] Cannot connect to Unity Package Manager local server
[Package Manager] Failed to launch server process. Reason: Unity was launched with the -noUpm command-line argument
[Package Manager] Unable to send message (not connected to server process).
[Package Manager] Cannot connect to Unity Package Manager local server
Mono: successfully reloaded assembly
- Finished resetting the current domain, in  0.967 seconds
Domain Reload Profiling: 1911ms
	BeginReloadAssembly (222ms)
		ExecutionOrderSort (0ms)
		DisableScriptedObjects (14ms)
		BackupInstance (0ms)
		ReleaseScriptingObjects (0ms)
		CreateAndSetChildDomain (62ms)
	RebuildCommonClasses (33ms)
	RebuildNativeTypeToScriptingClass (11ms)
	initialDomainReloadingComplete (33ms)
	LoadAllAssembliesAndSetupDomain (644ms)
		LoadAssemblies (419ms)
		RebuildTransferFunctionScriptingTraits (0ms)
		AnalyzeDomain (314ms)
			TypeCache.Refresh (8ms)
				TypeCache.ScanAssembly (0ms)
			BuildScriptInfoCaches (292ms)
			ResolveRequiredComponents (10ms)
	FinalizeReload (967ms)
		ReleaseScriptCaches (0ms)
		RebuildScriptCaches (0ms)
		SetupLoadedEditorAssemblies (802ms)
			LogAssemblyErrors (0ms)
			InitializePlatformSupportModulesInManaged (2ms)
			SetLoadedEditorAssemblies (3ms)
			BeforeProcessingInitializeOnLoad (177ms)
			ProcessInitializeOnLoadAttributes (411ms)
			ProcessInitializeOnLoadMethodAttributes (201ms)
			AfterProcessingInitializeOnLoad (9ms)
			EditorAssembliesLoaded (0ms)
		ExecutionOrderSort2 (0ms)
		AwakeInstancesAfterBackupRestoration (19ms)
Refreshing native plugins compatible for Editor in 4.18 ms, found 5 plugins.
Preloading 1 native plugins for Editor in 0.06 ms.
Unloading 53 Unused Serialized files (Serialized files now loaded: 0)
Unloading 9407 unused Assets / (17.4 MB). Loaded Objects now: 10226.
Memory consumption went from 197.9 MB to 180.4 MB.
Total: 18.385000 ms (FindLiveObjects: 1.497300 ms CreateObjectMapping: 1.733200 ms MarkObjects: 8.073900 ms  DeleteObjects: 7.079400 ms)

Prepare: number of updated asset objects reloaded= 0
========================================================================
Received Prepare
Begin MonoManager ReloadAssembly
[Licensing::Client] Successfully resolved entitlement details
Duplicate assembly 'System.Runtime.CompilerServices.Unsafe.dll' with different versions detected, using 'Packages/com.unity.collections/Unity.Collections.Tests/System.Runtime.CompilerServices.Unsafe/System.Runtime.CompilerServices.Unsafe.dll, AssemblyName=System.Runtime.CompilerServices.Unsafe, Version=6.0.0.0, Culture=neutral, PublicKeyToken=b03f5f7f11d50a3a' and ignoring 'Packages/com.unity.ai.assistant/Plugins/Markdig/Dependencies/System.Runtime.CompilerServices.Unsafe.dll, AssemblyName=System.Runtime.CompilerServices.Unsafe, Version=4.0.6.0, Culture=neutral, PublicKeyToken=b03f5f7f11d50a3a'.Symbol file LoadedFromMemory is not a mono symbol file
Symbol file LoadedFromMemory is not a mono symbol file
- Loaded All Assemblies, in  0.966 seconds
Refreshing native plugins compatible for Editor in 3.58 ms, found 5 plugins.
Native extension for WindowsStandalone target not found
[Package Manager] Failed to launch server process. Reason: Unity was launched with the -noUpm command-line argument
[Package Manager] Unable to send message (not connected to server process).
[Package Manager] Cannot connect to Unity Package Manager local server
[Package Manager] Failed to launch server process. Reason: Unity was launched with the -noUpm command-line argument
[Package Manager] Unable to send message (not connected to server process).
[Package Manager] Cannot connect to Unity Package Manager local server
Mono: successfully reloaded assembly
- Finished resetting the current domain, in  0.985 seconds
Domain Reload Profiling: 1953ms
	BeginReloadAssembly (236ms)
		ExecutionOrderSort (0ms)
		DisableScriptedObjects (14ms)
		BackupInstance (0ms)
		ReleaseScriptingObjects (0ms)
		CreateAndSetChildDomain (68ms)
	RebuildCommonClasses (37ms)
	RebuildNativeTypeToScriptingClass (13ms)
	initialDomainReloadingComplete (37ms)
	LoadAllAssembliesAndSetupDomain (645ms)
		LoadAssemblies (435ms)
		RebuildTransferFunctionScriptingTraits (0ms)
		AnalyzeDomain (302ms)
			TypeCache.Refresh (8ms)
				TypeCache.ScanAssembly (0ms)
			BuildScriptInfoCaches (280ms)
			ResolveRequiredComponents (10ms)
	FinalizeReload (986ms)
		ReleaseScriptCaches (0ms)
		RebuildScriptCaches (0ms)
		SetupLoadedEditorAssemblies (812ms)
			LogAssemblyErrors (0ms)
			InitializePlatformSupportModulesInManaged (2ms)
			SetLoadedEditorAssemblies (3ms)
			BeforeProcessingInitializeOnLoad (184ms)
			ProcessInitializeOnLoadAttributes (392ms)
			ProcessInitializeOnLoadMethodAttributes (220ms)
			AfterProcessingInitializeOnLoad (11ms)
			EditorAssembliesLoaded (0ms)
		ExecutionOrderSort2 (0ms)
		AwakeInstancesAfterBackupRestoration (24ms)
Refreshing native plugins compatible for Editor in 4.35 ms, found 5 plugins.
Preloading 1 native plugins for Editor in 0.06 ms.
Unloading 53 Unused Serialized files (Serialized files now loaded: 0)
Unloading 9407 unused Assets / (17.8 MB). Loaded Objects now: 10229.
Memory consumption went from 200.6 MB to 182.8 MB.
Total: 17.292900 ms (FindLiveObjects: 0.995900 ms CreateObjectMapping: 1.494100 ms MarkObjects: 8.156300 ms  DeleteObjects: 6.645400 ms)

Prepare: number of updated asset objects reloaded= 0
========================================================================
Received Import Request.
  Time since last request: 265.753692 seconds.
  path: Assets/WLawren/Idle/WLawren.anim
  artifactKey: Guid(6e5d10942090f4947b9fa09e6e11d17d) Importer(815301076,1909f56bfc062723c751e8b465ee728b)
Start importing Assets/WLawren/Idle/WLawren.anim using Guid(6e5d10942090f4947b9fa09e6e11d17d) Importer(815301076,1909f56bfc062723c751e8b465ee728b) (PreviewImporter) -> (artifact id: 'cdd1996469b33b020ff4b351a27a0e29') in 0.0803055 seconds
Number of updated asset objects reloaded before import = 0Number of asset objects unloaded after import = 1

========================================================================
Received Prepare
Begin MonoManager ReloadAssembly
[Licensing::Client] Successfully resolved entitlement details
Duplicate assembly 'System.Runtime.CompilerServices.Unsafe.dll' with different versions detected, using 'Packages/com.unity.collections/Unity.Collections.Tests/System.Runtime.CompilerServices.Unsafe/System.Runtime.CompilerServices.Unsafe.dll, AssemblyName=System.Runtime.CompilerServices.Unsafe, Version=6.0.0.0, Culture=neutral, PublicKeyToken=b03f5f7f11d50a3a' and ignoring 'Packages/com.unity.ai.assistant/Plugins/Markdig/Dependencies/System.Runtime.CompilerServices.Unsafe.dll, AssemblyName=System.Runtime.CompilerServices.Unsafe, Version=4.0.6.0, Culture=neutral, PublicKeyToken=b03f5f7f11d50a3a'.Symbol file LoadedFromMemory is not a mono symbol file
Symbol file LoadedFromMemory is not a mono symbol file
- Loaded All Assemblies, in  0.935 seconds
Refreshing native plugins compatible for Editor in 3.42 ms, found 5 plugins.
Native extension for WindowsStandalone target not found
[Package Manager] Failed to launch server process. Reason: Unity was launched with the -noUpm command-line argument
[Package Manager] Unable to send message (not connected to server process).
[Package Manager] Cannot connect to Unity Package Manager local server
[Package Manager] Failed to launch server process. Reason: Unity was launched with the -noUpm command-line argument
[Package Manager] Unable to send message (not connected to server process).
[Package Manager] Cannot connect to Unity Package Manager local server
Mono: successfully reloaded assembly
- Finished resetting the current domain, in  0.907 seconds
Domain Reload Profiling: 1845ms
	BeginReloadAssembly (224ms)
		ExecutionOrderSort (0ms)
		DisableScriptedObjects (14ms)
		BackupInstance (0ms)
		ReleaseScriptingObjects (0ms)
		CreateAndSetChildDomain (64ms)
	RebuildCommonClasses (34ms)
	RebuildNativeTypeToScriptingClass (11ms)
	initialDomainReloadingComplete (35ms)
	LoadAllAssembliesAndSetupDomain (634ms)
		LoadAssemblies (423ms)
		RebuildTransferFunctionScriptingTraits (0ms)
		AnalyzeDomain (294ms)
			TypeCache.Refresh (8ms)
				TypeCache.ScanAssembly (0ms)
			BuildScriptInfoCaches (271ms)
			ResolveRequiredComponents (11ms)
	FinalizeReload (908ms)
		ReleaseScriptCaches (0ms)
		RebuildScriptCaches (0ms)
		SetupLoadedEditorAssemblies (727ms)
			LogAssemblyErrors (0ms)
			InitializePlatformSupportModulesInManaged (2ms)
			SetLoadedEditorAssemblies (4ms)
			BeforeProcessingInitializeOnLoad (178ms)
			ProcessInitializeOnLoadAttributes (344ms)
			ProcessInitializeOnLoadMethodAttributes (191ms)
			AfterProcessingInitializeOnLoad (8ms)
			EditorAssembliesLoaded (1ms)
		ExecutionOrderSort2 (0ms)
		AwakeInstancesAfterBackupRestoration (25ms)
Refreshing native plugins compatible for Editor in 3.72 ms, found 5 plugins.
Preloading 1 native plugins for Editor in 0.06 ms.
Unloading 53 Unused Serialized files (Serialized files now loaded: 0)
Unloading 9407 unused Assets / (17.2 MB). Loaded Objects now: 10233.
Memory consumption went from 192.6 MB to 175.4 MB.
Total: 13.823700 ms (FindLiveObjects: 1.188100 ms CreateObjectMapping: 1.315000 ms MarkObjects: 6.440000 ms  DeleteObjects: 4.878400 ms)

Prepare: number of updated asset objects reloaded= 0
========================================================================
Received Import Request.
  Time since last request: 1314.780861 seconds.
  path: Assets/Scripts/MovimientosDelJugador.cs
  artifactKey: Guid(2891b6916641185438b752745f8b4f5a) Importer(815301076,1909f56bfc062723c751e8b465ee728b)
Start importing Assets/Scripts/MovimientosDelJugador.cs using Guid(2891b6916641185438b752745f8b4f5a) Importer(815301076,1909f56bfc062723c751e8b465ee728b) (PreviewImporter) -> (artifact id: 'ae28b47f1797be7095cef5858d5327c5') in 0.0018975 seconds
Number of updated asset objects reloaded before import = 0Number of asset objects unloaded after import = 0

========================================================================
Received Prepare
Begin MonoManager ReloadAssembly
[Licensing::Client] Successfully resolved entitlement details
Duplicate assembly 'System.Runtime.CompilerServices.Unsafe.dll' with different versions detected, using 'Packages/com.unity.collections/Unity.Collections.Tests/System.Runtime.CompilerServices.Unsafe/System.Runtime.CompilerServices.Unsafe.dll, AssemblyName=System.Runtime.CompilerServices.Unsafe, Version=6.0.0.0, Culture=neutral, PublicKeyToken=b03f5f7f11d50a3a' and ignoring 'Packages/com.unity.ai.assistant/Plugins/Markdig/Dependencies/System.Runtime.CompilerServices.Unsafe.dll, AssemblyName=System.Runtime.CompilerServices.Unsafe, Version=4.0.6.0, Culture=neutral, PublicKeyToken=b03f5f7f11d50a3a'.Symbol file LoadedFromMemory is not a mono symbol file
Symbol file LoadedFromMemory is not a mono symbol file
- Loaded All Assemblies, in  1.006 seconds
Refreshing native plugins compatible for Editor in 3.36 ms, found 5 plugins.
Native extension for WindowsStandalone target not found
[Package Manager] Failed to launch server process. Reason: Unity was launched with the -noUpm command-line argument
[Package Manager] Unable to send message (not connected to server process).
[Package Manager] Cannot connect to Unity Package Manager local server
[Package Manager] Failed to launch server process. Reason: Unity was launched with the -noUpm command-line argument
[Package Manager] Unable to send message (not connected to server process).
[Package Manager] Cannot connect to Unity Package Manager local server
Mono: successfully reloaded assembly
- Finished resetting the current domain, in  0.943 seconds
Domain Reload Profiling: 1950ms
	BeginReloadAssembly (250ms)
		ExecutionOrderSort (0ms)
		DisableScriptedObjects (20ms)
		BackupInstance (0ms)
		ReleaseScriptingObjects (0ms)
		CreateAndSetChildDomain (73ms)
	RebuildCommonClasses (39ms)
	RebuildNativeTypeToScriptingClass (11ms)
	initialDomainReloadingComplete (36ms)
	LoadAllAssembliesAndSetupDomain (671ms)
		LoadAssemblies (455ms)
		RebuildTransferFunctionScriptingTraits (0ms)
		AnalyzeDomain (309ms)
			TypeCache.Refresh (14ms)
				TypeCache.ScanAssembly (2ms)
			BuildScriptInfoCaches (280ms)
			ResolveRequiredComponents (10ms)
	FinalizeReload (943ms)
		ReleaseScriptCaches (0ms)
		RebuildScriptCaches (0ms)
		SetupLoadedEditorAssemblies (775ms)
			LogAssemblyErrors (0ms)
			InitializePlatformSupportModulesInManaged (2ms)
			SetLoadedEditorAssemblies (4ms)
			BeforeProcessingInitializeOnLoad (180ms)
			ProcessInitializeOnLoadAttributes (396ms)
			ProcessInitializeOnLoadMethodAttributes (187ms)
			AfterProcessingInitializeOnLoad (8ms)
			EditorAssembliesLoaded (0ms)
		ExecutionOrderSort2 (0ms)
		AwakeInstancesAfterBackupRestoration (21ms)
Refreshing native plugins compatible for Editor in 3.30 ms, found 5 plugins.
Preloading 1 native plugins for Editor in 0.06 ms.
Unloading 53 Unused Serialized files (Serialized files now loaded: 0)
Unloading 9407 unused Assets / (17.2 MB). Loaded Objects now: 10236.
Memory consumption went from 192.6 MB to 175.4 MB.
Total: 13.585300 ms (FindLiveObjects: 0.953600 ms CreateObjectMapping: 0.783600 ms MarkObjects: 7.026500 ms  DeleteObjects: 4.820500 ms)

Prepare: number of updated asset objects reloaded= 0
========================================================================
Received Import Request.
  Time since last request: 25.885555 seconds.
  path: Assets/Scripts/MovimientosDelJugador.cs
  artifactKey: Guid(2891b6916641185438b752745f8b4f5a) Importer(815301076,1909f56bfc062723c751e8b465ee728b)
Start importing Assets/Scripts/MovimientosDelJugador.cs using Guid(2891b6916641185438b752745f8b4f5a) Importer(815301076,1909f56bfc062723c751e8b465ee728b) (PreviewImporter) -> (artifact id: '2ddef343014428c59b15e561c6b7ba6b') in 0.0017399 seconds
Number of updated asset objects reloaded before import = 0Number of asset objects unloaded after import = 0

========================================================================
Received Prepare
Begin MonoManager ReloadAssembly
Duplicate assembly 'System.Runtime.CompilerServices.Unsafe.dll' with different versions detected, using 'Packages/com.unity.collections/Unity.Collections.Tests/System.Runtime.CompilerServices.Unsafe/System.Runtime.CompilerServices.Unsafe.dll, AssemblyName=System.Runtime.CompilerServices.Unsafe, Version=6.0.0.0, Culture=neutral, PublicKeyToken=b03f5f7f11d50a3a' and ignoring 'Packages/com.unity.ai.assistant/Plugins/Markdig/Dependencies/System.Runtime.CompilerServices.Unsafe.dll, AssemblyName=System.Runtime.CompilerServices.Unsafe, Version=4.0.6.0, Culture=neutral, PublicKeyToken=b03f5f7f11d50a3a'.Symbol file LoadedFromMemory is not a mono symbol file
Symbol file LoadedFromMemory is not a mono symbol file
- Loaded All Assemblies, in  0.954 seconds
Refreshing native plugins compatible for Editor in 3.54 ms, found 5 plugins.
Native extension for WindowsStandalone target not found
[Package Manager] Failed to launch server process. Reason: Unity was launched with the -noUpm command-line argument
[Package Manager] Unable to send message (not connected to server process).
[Package Manager] Cannot connect to Unity Package Manager local server
[Package Manager] Failed to launch server process. Reason: Unity was launched with the -noUpm command-line argument
[Package Manager] Unable to send message (not connected to server process).
[Package Manager] Cannot connect to Unity Package Manager local server
Mono: successfully reloaded assembly
- Finished resetting the current domain, in  0.926 seconds
Domain Reload Profiling: 1882ms
	BeginReloadAssembly (233ms)
		ExecutionOrderSort (0ms)
		DisableScriptedObjects (14ms)
		BackupInstance (0ms)
		ReleaseScriptingObjects (0ms)
		CreateAndSetChildDomain (68ms)
	RebuildCommonClasses (33ms)
	RebuildNativeTypeToScriptingClass (13ms)
	initialDomainReloadingComplete (33ms)
	LoadAllAssembliesAndSetupDomain (643ms)
		LoadAssemblies (433ms)
		RebuildTransferFunctionScriptingTraits (0ms)
		AnalyzeDomain (303ms)
			TypeCache.Refresh (8ms)
				TypeCache.ScanAssembly (0ms)
			BuildScriptInfoCaches (281ms)
			ResolveRequiredComponents (10ms)
	FinalizeReload (926ms)
		ReleaseScriptCaches (0ms)
		RebuildScriptCaches (0ms)
		SetupLoadedEditorAssemblies (759ms)
			LogAssemblyErrors (0ms)
			InitializePlatformSupportModulesInManaged (2ms)
			SetLoadedEditorAssemblies (4ms)
			BeforeProcessingInitializeOnLoad (178ms)
			ProcessInitializeOnLoadAttributes (361ms)
			ProcessInitializeOnLoadMethodAttributes (204ms)
			AfterProcessingInitializeOnLoad (9ms)
			EditorAssembliesLoaded (0ms)
		ExecutionOrderSort2 (0ms)
		AwakeInstancesAfterBackupRestoration (18ms)
Refreshing native plugins compatible for Editor in 3.97 ms, found 5 plugins.
Preloading 1 native plugins for Editor in 0.06 ms.
Unloading 53 Unused Serialized files (Serialized files now loaded: 0)
Unloading 9407 unused Assets / (17.5 MB). Loaded Objects now: 10239.
Memory consumption went from 192.7 MB to 175.2 MB.
Total: 18.038300 ms (FindLiveObjects: 1.123700 ms CreateObjectMapping: 1.721600 ms MarkObjects: 8.970300 ms  DeleteObjects: 6.221000 ms)

Prepare: number of updated asset objects reloaded= 0
========================================================================
Received Prepare
Begin MonoManager ReloadAssembly
[Licensing::Client] Successfully resolved entitlement details
Duplicate assembly 'System.Runtime.CompilerServices.Unsafe.dll' with different versions detected, using 'Packages/com.unity.collections/Unity.Collections.Tests/System.Runtime.CompilerServices.Unsafe/System.Runtime.CompilerServices.Unsafe.dll, AssemblyName=System.Runtime.CompilerServices.Unsafe, Version=6.0.0.0, Culture=neutral, PublicKeyToken=b03f5f7f11d50a3a' and ignoring 'Packages/com.unity.ai.assistant/Plugins/Markdig/Dependencies/System.Runtime.CompilerServices.Unsafe.dll, AssemblyName=System.Runtime.CompilerServices.Unsafe, Version=4.0.6.0, Culture=neutral, PublicKeyToken=b03f5f7f11d50a3a'.Symbol file LoadedFromMemory is not a mono symbol file
Symbol file LoadedFromMemory is not a mono symbol file
- Loaded All Assemblies, in  0.981 seconds
Refreshing native plugins compatible for Editor in 3.33 ms, found 5 plugins.
Native extension for WindowsStandalone target not found
[Package Manager] Failed to launch server process. Reason: Unity was launched with the -noUpm command-line argument
[Package Manager] Unable to send message (not connected to server process).
[Package Manager] Cannot connect to Unity Package Manager local server
[Package Manager] Failed to launch server process. Reason: Unity was launched with the -noUpm command-line argument
[Package Manager] Unable to send message (not connected to server process).
[Package Manager] Cannot connect to Unity Package Manager local server
Mono: successfully reloaded assembly
- Finished resetting the current domain, in  0.971 seconds
Domain Reload Profiling: 1952ms
	BeginReloadAssembly (233ms)
		ExecutionOrderSort (0ms)
		DisableScriptedObjects (14ms)
		BackupInstance (0ms)
		ReleaseScriptingObjects (0ms)
		CreateAndSetChildDomain (70ms)
	RebuildCommonClasses (35ms)
	RebuildNativeTypeToScriptingClass (11ms)
	initialDomainReloadingComplete (34ms)
	LoadAllAssembliesAndSetupDomain (669ms)
		LoadAssemblies (448ms)
		RebuildTransferFunctionScriptingTraits (0ms)
		AnalyzeDomain (311ms)
			TypeCache.Refresh (13ms)
				TypeCache.ScanAssembly (2ms)
			BuildScriptInfoCaches (282ms)
			ResolveRequiredComponents (11ms)
	FinalizeReload (971ms)
		ReleaseScriptCaches (0ms)
		RebuildScriptCaches (0ms)
		SetupLoadedEditorAssemblies (809ms)
			LogAssemblyErrors (0ms)
			InitializePlatformSupportModulesInManaged (2ms)
			SetLoadedEditorAssemblies (3ms)
			BeforeProcessingInitializeOnLoad (190ms)
			ProcessInitializeOnLoadAttributes (423ms)
			ProcessInitializeOnLoadMethodAttributes (183ms)
			AfterProcessingInitializeOnLoad (8ms)
			EditorAssembliesLoaded (0ms)
		ExecutionOrderSort2 (0ms)
		AwakeInstancesAfterBackupRestoration (15ms)
Refreshing native plugins compatible for Editor in 3.77 ms, found 5 plugins.
Preloading 1 native plugins for Editor in 0.06 ms.
Unloading 53 Unused Serialized files (Serialized files now loaded: 0)
Unloading 9407 unused Assets / (18.6 MB). Loaded Objects now: 10242.
Memory consumption went from 195.4 MB to 176.8 MB.
Total: 13.647300 ms (FindLiveObjects: 0.927800 ms CreateObjectMapping: 1.064300 ms MarkObjects: 5.985700 ms  DeleteObjects: 5.668700 ms)

Prepare: number of updated asset objects reloaded= 0
========================================================================
Received Prepare
Begin MonoManager ReloadAssembly
Duplicate assembly 'System.Runtime.CompilerServices.Unsafe.dll' with different versions detected, using 'Packages/com.unity.collections/Unity.Collections.Tests/System.Runtime.CompilerServices.Unsafe/System.Runtime.CompilerServices.Unsafe.dll, AssemblyName=System.Runtime.CompilerServices.Unsafe, Version=6.0.0.0, Culture=neutral, PublicKeyToken=b03f5f7f11d50a3a' and ignoring 'Packages/com.unity.ai.assistant/Plugins/Markdig/Dependencies/System.Runtime.CompilerServices.Unsafe.dll, AssemblyName=System.Runtime.CompilerServices.Unsafe, Version=4.0.6.0, Culture=neutral, PublicKeyToken=b03f5f7f11d50a3a'.Symbol file LoadedFromMemory is not a mono symbol file
Symbol file LoadedFromMemory is not a mono symbol file
- Loaded All Assemblies, in  0.952 seconds
Refreshing native plugins compatible for Editor in 3.92 ms, found 5 plugins.
Native extension for WindowsStandalone target not found
[Package Manager] Failed to launch server process. Reason: Unity was launched with the -noUpm command-line argument
[Package Manager] Unable to send message (not connected to server process).
[Package Manager] Cannot connect to Unity Package Manager local server
[Package Manager] Failed to launch server process. Reason: Unity was launched with the -noUpm command-line argument
[Package Manager] Unable to send message (not connected to server process).
[Package Manager] Cannot connect to Unity Package Manager local server
Mono: successfully reloaded assembly
- Finished resetting the current domain, in  1.045 seconds
Domain Reload Profiling: 1998ms
	BeginReloadAssembly (221ms)
		ExecutionOrderSort (0ms)
		DisableScriptedObjects (16ms)
		BackupInstance (0ms)
		ReleaseScriptingObjects (0ms)
		CreateAndSetChildDomain (63ms)
	RebuildCommonClasses (32ms)
	RebuildNativeTypeToScriptingClass (11ms)
	initialDomainReloadingComplete (34ms)
	LoadAllAssembliesAndSetupDomain (655ms)
		LoadAssemblies (437ms)
		RebuildTransferFunctionScriptingTraits (0ms)
		AnalyzeDomain (306ms)
			TypeCache.Refresh (7ms)
				TypeCache.ScanAssembly (0ms)
			BuildScriptInfoCaches (279ms)
			ResolveRequiredComponents (14ms)
	FinalizeReload (1045ms)
		ReleaseScriptCaches (0ms)
		RebuildScriptCaches (0ms)
		SetupLoadedEditorAssemblies (876ms)
			LogAssemblyErrors (0ms)
			InitializePlatformSupportModulesInManaged (2ms)
			SetLoadedEditorAssemblies (4ms)
			BeforeProcessingInitializeOnLoad (203ms)
			ProcessInitializeOnLoadAttributes (450ms)
			ProcessInitializeOnLoadMethodAttributes (208ms)
			AfterProcessingInitializeOnLoad (9ms)
			EditorAssembliesLoaded (1ms)
		ExecutionOrderSort2 (0ms)
		AwakeInstancesAfterBackupRestoration (19ms)
Refreshing native plugins compatible for Editor in 4.62 ms, found 5 plugins.
Preloading 1 native plugins for Editor in 0.07 ms.
Unloading 53 Unused Serialized files (Serialized files now loaded: 0)
Unloading 9407 unused Assets / (17.5 MB). Loaded Objects now: 10245.
Memory consumption went from 198.1 MB to 180.7 MB.
Total: 16.547700 ms (FindLiveObjects: 1.162100 ms CreateObjectMapping: 1.222800 ms MarkObjects: 7.862400 ms  DeleteObjects: 6.298800 ms)

Prepare: number of updated asset objects reloaded= 0
========================================================================
Received Prepare
Begin MonoManager ReloadAssembly
[Licensing::Client] Successfully resolved entitlement details
Duplicate assembly 'System.Runtime.CompilerServices.Unsafe.dll' with different versions detected, using 'Packages/com.unity.collections/Unity.Collections.Tests/System.Runtime.CompilerServices.Unsafe/System.Runtime.CompilerServices.Unsafe.dll, AssemblyName=System.Runtime.CompilerServices.Unsafe, Version=6.0.0.0, Culture=neutral, PublicKeyToken=b03f5f7f11d50a3a' and ignoring 'Packages/com.unity.ai.assistant/Plugins/Markdig/Dependencies/System.Runtime.CompilerServices.Unsafe.dll, AssemblyName=System.Runtime.CompilerServices.Unsafe, Version=4.0.6.0, Culture=neutral, PublicKeyToken=b03f5f7f11d50a3a'.Symbol file LoadedFromMemory is not a mono symbol file
Symbol file LoadedFromMemory is not a mono symbol file
- Loaded All Assemblies, in  0.981 seconds
Refreshing native plugins compatible for Editor in 3.44 ms, found 5 plugins.
Native extension for WindowsStandalone target not found
[Package Manager] Failed to launch server process. Reason: Unity was launched with the -noUpm command-line argument
[Package Manager] Unable to send message (not connected to server process).
[Package Manager] Cannot connect to Unity Package Manager local server
[Package Manager] Failed to launch server process. Reason: Unity was launched with the -noUpm command-line argument
[Package Manager] Unable to send message (not connected to server process).
[Package Manager] Cannot connect to Unity Package Manager local server
Mono: successfully reloaded assembly
- Finished resetting the current domain, in  0.845 seconds
Domain Reload Profiling: 1826ms
	BeginReloadAssembly (238ms)
		ExecutionOrderSort (0ms)
		DisableScriptedObjects (15ms)
		BackupInstance (0ms)
		ReleaseScriptingObjects (0ms)
		CreateAndSetChildDomain (69ms)
	RebuildCommonClasses (34ms)
	RebuildNativeTypeToScriptingClass (12ms)
	initialDomainReloadingComplete (34ms)
	LoadAllAssembliesAndSetupDomain (663ms)
		LoadAssemblies (449ms)
		RebuildTransferFunctionScriptingTraits (0ms)
		AnalyzeDomain (309ms)
			TypeCache.Refresh (14ms)
				TypeCache.ScanAssembly (2ms)
			BuildScriptInfoCaches (280ms)
			ResolveRequiredComponents (10ms)
	FinalizeReload (845ms)
		ReleaseScriptCaches (0ms)
		RebuildScriptCaches (0ms)
		SetupLoadedEditorAssemblies (679ms)
			LogAssemblyErrors (0ms)
			InitializePlatformSupportModulesInManaged (2ms)
			SetLoadedEditorAssemblies (3ms)
			BeforeProcessingInitializeOnLoad (179ms)
			ProcessInitializeOnLoadAttributes (329ms)
			ProcessInitializeOnLoadMethodAttributes (158ms)
			AfterProcessingInitializeOnLoad (9ms)
			EditorAssembliesLoaded (0ms)
		ExecutionOrderSort2 (0ms)
		AwakeInstancesAfterBackupRestoration (15ms)
Refreshing native plugins compatible for Editor in 3.92 ms, found 5 plugins.
Preloading 1 native plugins for Editor in 0.06 ms.
Unloading 53 Unused Serialized files (Serialized files now loaded: 0)
Unloading 9407 unused Assets / (17.2 MB). Loaded Objects now: 10248.
Memory consumption went from 200.9 MB to 183.6 MB.
Total: 12.773200 ms (FindLiveObjects: 0.951700 ms CreateObjectMapping: 0.617300 ms MarkObjects: 6.012000 ms  DeleteObjects: 5.190800 ms)

Prepare: number of updated asset objects reloaded= 0
========================================================================
Received Prepare
Begin MonoManager ReloadAssembly
Duplicate assembly 'System.Runtime.CompilerServices.Unsafe.dll' with different versions detected, using 'Packages/com.unity.collections/Unity.Collections.Tests/System.Runtime.CompilerServices.Unsafe/System.Runtime.CompilerServices.Unsafe.dll, AssemblyName=System.Runtime.CompilerServices.Unsafe, Version=6.0.0.0, Culture=neutral, PublicKeyToken=b03f5f7f11d50a3a' and ignoring 'Packages/com.unity.ai.assistant/Plugins/Markdig/Dependencies/System.Runtime.CompilerServices.Unsafe.dll, AssemblyName=System.Runtime.CompilerServices.Unsafe, Version=4.0.6.0, Culture=neutral, PublicKeyToken=b03f5f7f11d50a3a'.Symbol file LoadedFromMemory is not a mono symbol file
Symbol file LoadedFromMemory is not a mono symbol file
- Loaded All Assemblies, in  0.940 seconds
Refreshing native plugins compatible for Editor in 3.03 ms, found 5 plugins.
Native extension for WindowsStandalone target not found
[Package Manager] Failed to launch server process. Reason: Unity was launched with the -noUpm command-line argument
[Package Manager] Unable to send message (not connected to server process).
[Package Manager] Cannot connect to Unity Package Manager local server
[Package Manager] Failed to launch server process. Reason: Unity was launched with the -noUpm command-line argument
[Package Manager] Unable to send message (not connected to server process).
[Package Manager] Cannot connect to Unity Package Manager local server
Mono: successfully reloaded assembly
- Finished resetting the current domain, in  1.022 seconds
Domain Reload Profiling: 1964ms
	BeginReloadAssembly (219ms)
		ExecutionOrderSort (0ms)
		DisableScriptedObjects (13ms)
		BackupInstance (0ms)
		ReleaseScriptingObjects (0ms)
		CreateAndSetChildDomain (62ms)
	RebuildCommonClasses (33ms)
	RebuildNativeTypeToScriptingClass (14ms)
	initialDomainReloadingComplete (32ms)
	LoadAllAssembliesAndSetupDomain (643ms)
		LoadAssemblies (424ms)
		RebuildTransferFunctionScriptingTraits (0ms)
		AnalyzeDomain (307ms)
			TypeCache.Refresh (8ms)
				TypeCache.ScanAssembly (0ms)
			BuildScriptInfoCaches (279ms)
			ResolveRequiredComponents (14ms)
	FinalizeReload (1023ms)
		ReleaseScriptCaches (0ms)
		RebuildScriptCaches (0ms)
		SetupLoadedEditorAssemblies (842ms)
			LogAssemblyErrors (0ms)
			InitializePlatformSupportModulesInManaged (2ms)
			SetLoadedEditorAssemblies (4ms)
			BeforeProcessingInitializeOnLoad (184ms)
			ProcessInitializeOnLoadAttributes (433ms)
			ProcessInitializeOnLoadMethodAttributes (210ms)
			AfterProcessingInitializeOnLoad (10ms)
			EditorAssembliesLoaded (1ms)
		ExecutionOrderSort2 (0ms)
		AwakeInstancesAfterBackupRestoration (21ms)
Refreshing native plugins compatible for Editor in 4.99 ms, found 5 plugins.
Preloading 1 native plugins for Editor in 0.09 ms.
Unloading 53 Unused Serialized files (Serialized files now loaded: 0)
Unloading 9407 unused Assets / (17.6 MB). Loaded Objects now: 10251.
Memory consumption went from 203.6 MB to 186.0 MB.
Total: 16.926700 ms (FindLiveObjects: 1.264600 ms CreateObjectMapping: 1.484100 ms MarkObjects: 8.164200 ms  DeleteObjects: 6.012100 ms)

Prepare: number of updated asset objects reloaded= 0
========================================================================
Received Prepare
Begin MonoManager ReloadAssembly
Duplicate assembly 'System.Runtime.CompilerServices.Unsafe.dll' with different versions detected, using 'Packages/com.unity.collections/Unity.Collections.Tests/System.Runtime.CompilerServices.Unsafe/System.Runtime.CompilerServices.Unsafe.dll, AssemblyName=System.Runtime.CompilerServices.Unsafe, Version=6.0.0.0, Culture=neutral, PublicKeyToken=b03f5f7f11d50a3a' and ignoring 'Packages/com.unity.ai.assistant/Plugins/Markdig/Dependencies/System.Runtime.CompilerServices.Unsafe.dll, AssemblyName=System.Runtime.CompilerServices.Unsafe, Version=4.0.6.0, Culture=neutral, PublicKeyToken=b03f5f7f11d50a3a'.Symbol file LoadedFromMemory is not a mono symbol file
Symbol file LoadedFromMemory is not a mono symbol file
- Loaded All Assemblies, in  0.979 seconds
Refreshing native plugins compatible for Editor in 3.04 ms, found 5 plugins.
Native extension for WindowsStandalone target not found
[Package Manager] Failed to launch server process. Reason: Unity was launched with the -noUpm command-line argument
[Package Manager] Unable to send message (not connected to server process).
[Package Manager] Cannot connect to Unity Package Manager local server
[Package Manager] Failed to launch server process. Reason: Unity was launched with the -noUpm command-line argument
[Package Manager] Unable to send message (not connected to server process).
[Package Manager] Cannot connect to Unity Package Manager local server
Mono: successfully reloaded assembly
- Finished resetting the current domain, in  0.963 seconds
Domain Reload Profiling: 1944ms
	BeginReloadAssembly (237ms)
		ExecutionOrderSort (0ms)
		DisableScriptedObjects (14ms)
		BackupInstance (0ms)
		ReleaseScriptingObjects (0ms)
		CreateAndSetChildDomain (74ms)
	RebuildCommonClasses (34ms)
	RebuildNativeTypeToScriptingClass (12ms)
	initialDomainReloadingComplete (34ms)
	LoadAllAssembliesAndSetupDomain (664ms)
		LoadAssemblies (445ms)
		RebuildTransferFunctionScriptingTraits (0ms)
		AnalyzeDomain (310ms)
			TypeCache.Refresh (13ms)
				TypeCache.ScanAssembly (2ms)
			BuildScriptInfoCaches (281ms)
			ResolveRequiredComponents (11ms)
	FinalizeReload (963ms)
		ReleaseScriptCaches (0ms)
		RebuildScriptCaches (0ms)
		SetupLoadedEditorAssemblies (799ms)
			LogAssemblyErrors (0ms)
			InitializePlatformSupportModulesInManaged (2ms)
			SetLoadedEditorAssemblies (3ms)
			BeforeProcessingInitializeOnLoad (195ms)
			ProcessInitializeOnLoadAttributes (410ms)
			ProcessInitializeOnLoadMethodAttributes (179ms)
			AfterProcessingInitializeOnLoad (9ms)
			EditorAssembliesLoaded (1ms)
		ExecutionOrderSort2 (0ms)
		AwakeInstancesAfterBackupRestoration (17ms)
Refreshing native plugins compatible for Editor in 3.31 ms, found 5 plugins.
Preloading 1 native plugins for Editor in 0.06 ms.
Unloading 53 Unused Serialized files (Serialized files now loaded: 0)
Unloading 9407 unused Assets / (18.1 MB). Loaded Objects now: 10254.
Memory consumption went from 206.3 MB to 188.2 MB.
Total: 13.176300 ms (FindLiveObjects: 0.938300 ms CreateObjectMapping: 0.868400 ms MarkObjects: 5.896200 ms  DeleteObjects: 5.472200 ms)

Prepare: number of updated asset objects reloaded= 0
========================================================================
Received Prepare
Begin MonoManager ReloadAssembly
Duplicate assembly 'System.Runtime.CompilerServices.Unsafe.dll' with different versions detected, using 'Packages/com.unity.collections/Unity.Collections.Tests/System.Runtime.CompilerServices.Unsafe/System.Runtime.CompilerServices.Unsafe.dll, AssemblyName=System.Runtime.CompilerServices.Unsafe, Version=6.0.0.0, Culture=neutral, PublicKeyToken=b03f5f7f11d50a3a' and ignoring 'Packages/com.unity.ai.assistant/Plugins/Markdig/Dependencies/System.Runtime.CompilerServices.Unsafe.dll, AssemblyName=System.Runtime.CompilerServices.Unsafe, Version=4.0.6.0, Culture=neutral, PublicKeyToken=b03f5f7f11d50a3a'.Symbol file LoadedFromMemory is not a mono symbol file
Symbol file LoadedFromMemory is not a mono symbol file
- Loaded All Assemblies, in  0.953 seconds
Refreshing native plugins compatible for Editor in 3.60 ms, found 5 plugins.
Native extension for WindowsStandalone target not found
[Package Manager] Failed to launch server process. Reason: Unity was launched with the -noUpm command-line argument
[Package Manager] Unable to send message (not connected to server process).
[Package Manager] Cannot connect to Unity Package Manager local server
[Package Manager] Failed to launch server process. Reason: Unity was launched with the -noUpm command-line argument
[Package Manager] Unable to send message (not connected to server process).
[Package Manager] Cannot connect to Unity Package Manager local server
Could not open file D:/UH_Proyects/My project - 2Avance/UserSettings/AI.Generators/DragAndDropCache.asset for read
UnityEngine.Debug:ExtractStackTraceNoAlloc (byte*,int,string)
UnityEngine.StackTraceUtility:ExtractStackTrace ()
UnityEditorInternal.InternalEditorUtility:SaveToSerializedFileAndForgetInternal (string,UnityEngine.Object[],bool)
UnityEditorInternal.InternalEditorUtility:SaveToSerializedFileAndForget (UnityEngine.Object[],string,bool)
UnityEditor.ScriptableSingleton`1<Unity.AI.Generators.UI.Utilities.DragAndDropCache>:Save (bool)
Unity.AI.Generators.UI.Utilities.DragAndDropCache:EnsureSaved () (at ./Library/PackageCache/com.unity.ai.generators@f55909672e13/Modules/Unity.AI.Generators.UI/Utilities/DragAndDropCache.cs:17)
Unity.AI.Generators.UI.Utilities.ExternalFileDragDrop:Init () (at ./Library/PackageCache/com.unity.ai.generators@f55909672e13/Modules/Unity.AI.Generators.UI/Utilities/ExternalFileDragDrop.cs:51)
System.Reflection.RuntimeMethodInfo:Invoke (object,System.Reflection.BindingFlags,System.Reflection.Binder,object[],System.Globalization.CultureInfo)
System.Reflection.MethodBase:Invoke (object,object[])
UnityEditor.EditorAssemblies:ProcessInitializeOnLoadMethodAttributes ()

[./Library/PackageCache/com.unity.ai.generators@f55909672e13/Modules/Unity.AI.Generators.UI/Utilities/DragAndDropCache.cs line 17]

Assertion failed on expression: 'res'
UnityEngine.Debug:ExtractStackTraceNoAlloc (byte*,int,string)
UnityEngine.StackTraceUtility:ExtractStackTrace ()
UnityEditorInternal.InternalEditorUtility:SaveToSerializedFileAndForgetInternal (string,UnityEngine.Object[],bool)
UnityEditorInternal.InternalEditorUtility:SaveToSerializedFileAndForget (UnityEngine.Object[],string,bool)
UnityEditor.ScriptableSingleton`1<Unity.AI.Generators.UI.Utilities.DragAndDropCache>:Save (bool)
Unity.AI.Generators.UI.Utilities.DragAndDropCache:EnsureSaved () (at ./Library/PackageCache/com.unity.ai.generators@f55909672e13/Modules/Unity.AI.Generators.UI/Utilities/DragAndDropCache.cs:17)
Unity.AI.Generators.UI.Utilities.ExternalFileDragDrop:Init () (at ./Library/PackageCache/com.unity.ai.generators@f55909672e13/Modules/Unity.AI.Generators.UI/Utilities/ExternalFileDragDrop.cs:51)
System.Reflection.RuntimeMethodInfo:Invoke (object,System.Reflection.BindingFlags,System.Reflection.Binder,object[],System.Globalization.CultureInfo)
System.Reflection.MethodBase:Invoke (object,object[])
UnityEditor.EditorAssemblies:ProcessInitializeOnLoadMethodAttributes ()

[./Library/PackageCache/com.unity.ai.generators@f55909672e13/Modules/Unity.AI.Generators.UI/Utilities/DragAndDropCache.cs line 17]

Unknown error occurred while loading 'UserSettings/AI.Generators/DragAndDropCache.asset'.
UnityEngine.Debug:ExtractStackTraceNoAlloc (byte*,int,string)
UnityEngine.StackTraceUtility:ExtractStackTrace ()
UnityEditorInternal.InternalEditorUtility:SaveToSerializedFileAndForgetInternal (string,UnityEngine.Object[],bool)
UnityEditorInternal.InternalEditorUtility:SaveToSerializedFileAndForget (UnityEngine.Object[],string,bool)
UnityEditor.ScriptableSingleton`1<Unity.AI.Generators.UI.Utilities.DragAndDropCache>:Save (bool)
Unity.AI.Generators.UI.Utilities.DragAndDropCache:EnsureSaved () (at ./Library/PackageCache/com.unity.ai.generators@f55909672e13/Modules/Unity.AI.Generators.UI/Utilities/DragAndDropCache.cs:17)
Unity.AI.Generators.UI.Utilities.ExternalFileDragDrop:Init () (at ./Library/PackageCache/com.unity.ai.generators@f55909672e13/Modules/Unity.AI.Generators.UI/Utilities/ExternalFileDragDrop.cs:51)
System.Reflection.RuntimeMethodInfo:Invoke (object,System.Reflection.BindingFlags,System.Reflection.Binder,object[],System.Globalization.CultureInfo)
System.Reflection.MethodBase:Invoke (object,object[])
UnityEditor.EditorAssemblies:ProcessInitializeOnLoadMethodAttributes ()

[./Library/PackageCache/com.unity.ai.generators@f55909672e13/Modules/Unity.AI.Generators.UI/Utilities/DragAndDropCache.cs line 17]

Mono: successfully reloaded assembly
- Finished resetting the current domain, in  1.024 seconds
Domain Reload Profiling: 1980ms
	BeginReloadAssembly (233ms)
		ExecutionOrderSort (0ms)
		DisableScriptedObjects (14ms)
		BackupInstance (0ms)
		ReleaseScriptingObjects (0ms)
		CreateAndSetChildDomain (71ms)
	RebuildCommonClasses (34ms)
	RebuildNativeTypeToScriptingClass (12ms)
	initialDomainReloadingComplete (34ms)
	LoadAllAssembliesAndSetupDomain (642ms)
		LoadAssemblies (429ms)
		RebuildTransferFunctionScriptingTraits (0ms)
		AnalyzeDomain (302ms)
			TypeCache.Refresh (8ms)
				TypeCache.ScanAssembly (0ms)
			BuildScriptInfoCaches (279ms)
			ResolveRequiredComponents (10ms)
	FinalizeReload (1025ms)
		ReleaseScriptCaches (0ms)
		RebuildScriptCaches (0ms)
		SetupLoadedEditorAssemblies (853ms)
			LogAssemblyErrors (0ms)
			InitializePlatformSupportModulesInManaged (2ms)
			SetLoadedEditorAssemblies (3ms)
			BeforeProcessingInitializeOnLoad (211ms)
			ProcessInitializeOnLoadAttributes (413ms)
			ProcessInitializeOnLoadMethodAttributes (214ms)
			AfterProcessingInitializeOnLoad (10ms)
			EditorAssembliesLoaded (0ms)
		ExecutionOrderSort2 (0ms)
		AwakeInstancesAfterBackupRestoration (20ms)
Refreshing native plugins compatible for Editor in 3.64 ms, found 5 plugins.
Preloading 1 native plugins for Editor in 0.06 ms.
Unloading 53 Unused Serialized files (Serialized files now loaded: 0)
Unloading 9407 unused Assets / (17.6 MB). Loaded Objects now: 10257.
Memory consumption went from 209.1 MB to 191.5 MB.
Total: 16.400700 ms (FindLiveObjects: 1.188000 ms CreateObjectMapping: 1.369400 ms MarkObjects: 7.672900 ms  DeleteObjects: 6.169100 ms)

Prepare: number of updated asset objects reloaded= 0
========================================================================
Received Prepare
Begin MonoManager ReloadAssembly
[Licensing::Client] Successfully resolved entitlement details
Duplicate assembly 'System.Runtime.CompilerServices.Unsafe.dll' with different versions detected, using 'Packages/com.unity.collections/Unity.Collections.Tests/System.Runtime.CompilerServices.Unsafe/System.Runtime.CompilerServices.Unsafe.dll, AssemblyName=System.Runtime.CompilerServices.Unsafe, Version=6.0.0.0, Culture=neutral, PublicKeyToken=b03f5f7f11d50a3a' and ignoring 'Packages/com.unity.ai.assistant/Plugins/Markdig/Dependencies/System.Runtime.CompilerServices.Unsafe.dll, AssemblyName=System.Runtime.CompilerServices.Unsafe, Version=4.0.6.0, Culture=neutral, PublicKeyToken=b03f5f7f11d50a3a'.Symbol file LoadedFromMemory is not a mono symbol file
Symbol file LoadedFromMemory is not a mono symbol file
- Loaded All Assemblies, in  0.957 seconds
Refreshing native plugins compatible for Editor in 3.17 ms, found 5 plugins.
Native extension for WindowsStandalone target not found
[Package Manager] Failed to launch server process. Reason: Unity was launched with the -noUpm command-line argument
[Package Manager] Unable to send message (not connected to server process).
[Package Manager] Cannot connect to Unity Package Manager local server
[Package Manager] Failed to launch server process. Reason: Unity was launched with the -noUpm command-line argument
[Package Manager] Unable to send message (not connected to server process).
[Package Manager] Cannot connect to Unity Package Manager local server
Mono: successfully reloaded assembly
- Finished resetting the current domain, in  1.059 seconds
Domain Reload Profiling: 2019ms
	BeginReloadAssembly (225ms)
		ExecutionOrderSort (0ms)
		DisableScriptedObjects (15ms)
		BackupInstance (0ms)
		ReleaseScriptingObjects (0ms)
		CreateAndSetChildDomain (64ms)
	RebuildCommonClasses (34ms)
	RebuildNativeTypeToScriptingClass (11ms)
	initialDomainReloadingComplete (35ms)
	LoadAllAssembliesAndSetupDomain (654ms)
		LoadAssemblies (435ms)
		RebuildTransferFunctionScriptingTraits (0ms)
		AnalyzeDomain (308ms)
			TypeCache.Refresh (8ms)
				TypeCache.ScanAssembly (0ms)
			BuildScriptInfoCaches (283ms)
			ResolveRequiredComponents (11ms)
	FinalizeReload (1060ms)
		ReleaseScriptCaches (0ms)
		RebuildScriptCaches (0ms)
		SetupLoadedEditorAssemblies (869ms)
			LogAssemblyErrors (0ms)
			InitializePlatformSupportModulesInManaged (2ms)
			SetLoadedEditorAssemblies (3ms)
			BeforeProcessingInitializeOnLoad (195ms)
			ProcessInitializeOnLoadAttributes (431ms)
			ProcessInitializeOnLoadMethodAttributes (231ms)
			AfterProcessingInitializeOnLoad (7ms)
			EditorAssembliesLoaded (0ms)
		ExecutionOrderSort2 (0ms)
		AwakeInstancesAfterBackupRestoration (24ms)
Refreshing native plugins compatible for Editor in 3.61 ms, found 5 plugins.
Preloading 1 native plugins for Editor in 0.06 ms.
Unloading 53 Unused Serialized files (Serialized files now loaded: 0)
Unloading 9407 unused Assets / (17.5 MB). Loaded Objects now: 10260.
Memory consumption went from 211.8 MB to 194.4 MB.
Total: 15.873500 ms (FindLiveObjects: 1.153400 ms CreateObjectMapping: 1.364900 ms MarkObjects: 7.633100 ms  DeleteObjects: 5.720700 ms)

Prepare: number of updated asset objects reloaded= 0
========================================================================
Received Prepare
Begin MonoManager ReloadAssembly
[Licensing::Client] Successfully resolved entitlement details
Duplicate assembly 'System.Runtime.CompilerServices.Unsafe.dll' with different versions detected, using 'Packages/com.unity.collections/Unity.Collections.Tests/System.Runtime.CompilerServices.Unsafe/System.Runtime.CompilerServices.Unsafe.dll, AssemblyName=System.Runtime.CompilerServices.Unsafe, Version=6.0.0.0, Culture=neutral, PublicKeyToken=b03f5f7f11d50a3a' and ignoring 'Packages/com.unity.ai.assistant/Plugins/Markdig/Dependencies/System.Runtime.CompilerServices.Unsafe.dll, AssemblyName=System.Runtime.CompilerServices.Unsafe, Version=4.0.6.0, Culture=neutral, PublicKeyToken=b03f5f7f11d50a3a'.Symbol file LoadedFromMemory is not a mono symbol file
Symbol file LoadedFromMemory is not a mono symbol file
- Loaded All Assemblies, in  0.967 seconds
Refreshing native plugins compatible for Editor in 3.23 ms, found 5 plugins.
Native extension for WindowsStandalone target not found
[Package Manager] Failed to launch server process. Reason: Unity was launched with the -noUpm command-line argument
[Package Manager] Unable to send message (not connected to server process).
[Package Manager] Cannot connect to Unity Package Manager local server
[Package Manager] Failed to launch server process. Reason: Unity was launched with the -noUpm command-line argument
[Package Manager] Unable to send message (not connected to server process).
[Package Manager] Cannot connect to Unity Package Manager local server
Mono: successfully reloaded assembly
- Finished resetting the current domain, in  1.019 seconds
Domain Reload Profiling: 1987ms
	BeginReloadAssembly (232ms)
		ExecutionOrderSort (0ms)
		DisableScriptedObjects (14ms)
		BackupInstance (0ms)
		ReleaseScriptingObjects (0ms)
		CreateAndSetChildDomain (68ms)
	RebuildCommonClasses (32ms)
	RebuildNativeTypeToScriptingClass (16ms)
	initialDomainReloadingComplete (36ms)
	LoadAllAssembliesAndSetupDomain (651ms)
		LoadAssemblies (444ms)
		RebuildTransferFunctionScriptingTraits (0ms)
		AnalyzeDomain (300ms)
			TypeCache.Refresh (8ms)
				TypeCache.ScanAssembly (0ms)
			BuildScriptInfoCaches (277ms)
			ResolveRequiredComponents (10ms)
	FinalizeReload (1020ms)
		ReleaseScriptCaches (0ms)
		RebuildScriptCaches (0ms)
		SetupLoadedEditorAssemblies (849ms)
			LogAssemblyErrors (0ms)
			InitializePlatformSupportModulesInManaged (2ms)
			SetLoadedEditorAssemblies (3ms)
			BeforeProcessingInitializeOnLoad (185ms)
			ProcessInitializeOnLoadAttributes (431ms)
			ProcessInitializeOnLoadMethodAttributes (216ms)
			AfterProcessingInitializeOnLoad (11ms)
			EditorAssembliesLoaded (0ms)
		ExecutionOrderSort2 (0ms)
		AwakeInstancesAfterBackupRestoration (19ms)
Refreshing native plugins compatible for Editor in 4.38 ms, found 5 plugins.
Preloading 1 native plugins for Editor in 0.08 ms.
Unloading 53 Unused Serialized files (Serialized files now loaded: 0)
Unloading 9407 unused Assets / (17.4 MB). Loaded Objects now: 10263.
Memory consumption went from 214.6 MB to 197.2 MB.
Total: 15.988400 ms (FindLiveObjects: 1.121600 ms CreateObjectMapping: 1.771700 ms MarkObjects: 7.371400 ms  DeleteObjects: 5.722400 ms)

Prepare: number of updated asset objects reloaded= 0
========================================================================
Received Prepare
Begin MonoManager ReloadAssembly
[Licensing::Client] Successfully resolved entitlement details
Duplicate assembly 'System.Runtime.CompilerServices.Unsafe.dll' with different versions detected, using 'Packages/com.unity.collections/Unity.Collections.Tests/System.Runtime.CompilerServices.Unsafe/System.Runtime.CompilerServices.Unsafe.dll, AssemblyName=System.Runtime.CompilerServices.Unsafe, Version=6.0.0.0, Culture=neutral, PublicKeyToken=b03f5f7f11d50a3a' and ignoring 'Packages/com.unity.ai.assistant/Plugins/Markdig/Dependencies/System.Runtime.CompilerServices.Unsafe.dll, AssemblyName=System.Runtime.CompilerServices.Unsafe, Version=4.0.6.0, Culture=neutral, PublicKeyToken=b03f5f7f11d50a3a'.Symbol file LoadedFromMemory is not a mono symbol file
Symbol file LoadedFromMemory is not a mono symbol file
- Loaded All Assemblies, in  1.002 seconds
Refreshing native plugins compatible for Editor in 3.28 ms, found 5 plugins.
Native extension for WindowsStandalone target not found
[Package Manager] Failed to launch server process. Reason: Unity was launched with the -noUpm command-line argument
[Package Manager] Unable to send message (not connected to server process).
[Package Manager] Cannot connect to Unity Package Manager local server
[Package Manager] Failed to launch server process. Reason: Unity was launched with the -noUpm command-line argument
[Package Manager] Unable to send message (not connected to server process).
[Package Manager] Cannot connect to Unity Package Manager local server
Mono: successfully reloaded assembly
- Finished resetting the current domain, in  1.050 seconds
Domain Reload Profiling: 2054ms
	BeginReloadAssembly (234ms)
		ExecutionOrderSort (0ms)
		DisableScriptedObjects (14ms)
		BackupInstance (0ms)
		ReleaseScriptingObjects (0ms)
		CreateAndSetChildDomain (70ms)
	RebuildCommonClasses (35ms)
	RebuildNativeTypeToScriptingClass (12ms)
	initialDomainReloadingComplete (40ms)
	LoadAllAssembliesAndSetupDomain (682ms)
		LoadAssemblies (443ms)
		RebuildTransferFunctionScriptingTraits (0ms)
		AnalyzeDomain (332ms)
			TypeCache.Refresh (10ms)
				TypeCache.ScanAssembly (0ms)
			BuildScriptInfoCaches (303ms)
			ResolveRequiredComponents (13ms)
	FinalizeReload (1050ms)
		ReleaseScriptCaches (0ms)
		RebuildScriptCaches (0ms)
		SetupLoadedEditorAssemblies (873ms)
			LogAssemblyErrors (0ms)
			InitializePlatformSupportModulesInManaged (2ms)
			SetLoadedEditorAssemblies (4ms)
			BeforeProcessingInitializeOnLoad (205ms)
			ProcessInitializeOnLoadAttributes (443ms)
			ProcessInitializeOnLoadMethodAttributes (210ms)
			AfterProcessingInitializeOnLoad (10ms)
			EditorAssembliesLoaded (0ms)
		ExecutionOrderSort2 (0ms)
		AwakeInstancesAfterBackupRestoration (18ms)
Refreshing native plugins compatible for Editor in 4.69 ms, found 5 plugins.
Preloading 1 native plugins for Editor in 0.06 ms.
Unloading 53 Unused Serialized files (Serialized files now loaded: 0)
Unloading 9407 unused Assets / (17.1 MB). Loaded Objects now: 10266.
Memory consumption went from 217.3 MB to 200.3 MB.
Total: 16.492000 ms (FindLiveObjects: 1.145300 ms CreateObjectMapping: 1.438100 ms MarkObjects: 8.024500 ms  DeleteObjects: 5.882800 ms)

Prepare: number of updated asset objects reloaded= 0
========================================================================
Received Import Request.
  Time since last request: 1233.866481 seconds.
  path: Assets/WLawren/Idle/WLawren(Animado)32x32_0.controller
  artifactKey: Guid(ef6dc203002ed0947898904cb248b100) Importer(815301076,1909f56bfc062723c751e8b465ee728b)
Start importing Assets/WLawren/Idle/WLawren(Animado)32x32_0.controller using Guid(ef6dc203002ed0947898904cb248b100) Importer(815301076,1909f56bfc062723c751e8b465ee728b) (PreviewImporter) -> (artifact id: '2fd551d83af084a6ac2963a74dda3484') in 0.0409906 seconds
Number of updated asset objects reloaded before import = 0Number of asset objects unloaded after import = 23

========================================================================
Received Prepare
Begin MonoManager ReloadAssembly
[Licensing::Client] Successfully resolved entitlement details
Duplicate assembly 'System.Runtime.CompilerServices.Unsafe.dll' with different versions detected, using 'Packages/com.unity.collections/Unity.Collections.Tests/System.Runtime.CompilerServices.Unsafe/System.Runtime.CompilerServices.Unsafe.dll, AssemblyName=System.Runtime.CompilerServices.Unsafe, Version=6.0.0.0, Culture=neutral, PublicKeyToken=b03f5f7f11d50a3a' and ignoring 'Packages/com.unity.ai.assistant/Plugins/Markdig/Dependencies/System.Runtime.CompilerServices.Unsafe.dll, AssemblyName=System.Runtime.CompilerServices.Unsafe, Version=4.0.6.0, Culture=neutral, PublicKeyToken=b03f5f7f11d50a3a'.Symbol file LoadedFromMemory is not a mono symbol file
Symbol file LoadedFromMemory is not a mono symbol file
- Loaded All Assemblies, in  1.032 seconds
Refreshing native plugins compatible for Editor in 3.17 ms, found 5 plugins.
Native extension for WindowsStandalone target not found
[Package Manager] Failed to launch server process. Reason: Unity was launched with the -noUpm command-line argument
[Package Manager] Unable to send message (not connected to server process).
[Package Manager] Cannot connect to Unity Package Manager local server
[Package Manager] Failed to launch server process. Reason: Unity was launched with the -noUpm command-line argument
[Package Manager] Unable to send message (not connected to server process).
[Package Manager] Cannot connect to Unity Package Manager local server
Mono: successfully reloaded assembly
- Finished resetting the current domain, in  0.882 seconds
Domain Reload Profiling: 1916ms
	BeginReloadAssembly (264ms)
		ExecutionOrderSort (0ms)
		DisableScriptedObjects (17ms)
		BackupInstance (0ms)
		ReleaseScriptingObjects (0ms)
		CreateAndSetChildDomain (81ms)
	RebuildCommonClasses (36ms)
	RebuildNativeTypeToScriptingClass (11ms)
	initialDomainReloadingComplete (35ms)
	LoadAllAssembliesAndSetupDomain (688ms)
		LoadAssemblies (480ms)
		RebuildTransferFunctionScriptingTraits (0ms)
		AnalyzeDomain (315ms)
			TypeCache.Refresh (13ms)
				TypeCache.ScanAssembly (2ms)
			BuildScriptInfoCaches (286ms)
			ResolveRequiredComponents (10ms)
	FinalizeReload (882ms)
		ReleaseScriptCaches (0ms)
		RebuildScriptCaches (0ms)
		SetupLoadedEditorAssemblies (716ms)
			LogAssemblyErrors (0ms)
			InitializePlatformSupportModulesInManaged (2ms)
			SetLoadedEditorAssemblies (4ms)
			BeforeProcessingInitializeOnLoad (185ms)
			ProcessInitializeOnLoadAttributes (351ms)
			ProcessInitializeOnLoadMethodAttributes (167ms)
			AfterProcessingInitializeOnLoad (7ms)
			EditorAssembliesLoaded (0ms)
		ExecutionOrderSort2 (0ms)
		AwakeInstancesAfterBackupRestoration (15ms)
Refreshing native plugins compatible for Editor in 3.40 ms, found 5 plugins.
Preloading 1 native plugins for Editor in 0.05 ms.
Unloading 53 Unused Serialized files (Serialized files now loaded: 0)
Unloading 9407 unused Assets / (17.0 MB). Loaded Objects now: 10269.
Memory consumption went from 193.2 MB to 176.2 MB.
Total: 14.311100 ms (FindLiveObjects: 1.045300 ms CreateObjectMapping: 1.241600 ms MarkObjects: 6.594900 ms  DeleteObjects: 5.427800 ms)

Prepare: number of updated asset objects reloaded= 0
========================================================================
Received Prepare
Begin MonoManager ReloadAssembly
Duplicate assembly 'System.Runtime.CompilerServices.Unsafe.dll' with different versions detected, using 'Packages/com.unity.collections/Unity.Collections.Tests/System.Runtime.CompilerServices.Unsafe/System.Runtime.CompilerServices.Unsafe.dll, AssemblyName=System.Runtime.CompilerServices.Unsafe, Version=6.0.0.0, Culture=neutral, PublicKeyToken=b03f5f7f11d50a3a' and ignoring 'Packages/com.unity.ai.assistant/Plugins/Markdig/Dependencies/System.Runtime.CompilerServices.Unsafe.dll, AssemblyName=System.Runtime.CompilerServices.Unsafe, Version=4.0.6.0, Culture=neutral, PublicKeyToken=b03f5f7f11d50a3a'.Symbol file LoadedFromMemory is not a mono symbol file
Symbol file LoadedFromMemory is not a mono symbol file
- Loaded All Assemblies, in  0.951 seconds
Refreshing native plugins compatible for Editor in 4.94 ms, found 5 plugins.
Native extension for WindowsStandalone target not found
[Package Manager] Failed to launch server process. Reason: Unity was launched with the -noUpm command-line argument
[Package Manager] Unable to send message (not connected to server process).
[Package Manager] Cannot connect to Unity Package Manager local server
[Package Manager] Failed to launch server process. Reason: Unity was launched with the -noUpm command-line argument
[Package Manager] Unable to send message (not connected to server process).
[Package Manager] Cannot connect to Unity Package Manager local server
Mono: successfully reloaded assembly
- Finished resetting the current domain, in  0.968 seconds
Domain Reload Profiling: 1921ms
	BeginReloadAssembly (226ms)
		ExecutionOrderSort (0ms)
		DisableScriptedObjects (15ms)
		BackupInstance (0ms)
		ReleaseScriptingObjects (0ms)
		CreateAndSetChildDomain (63ms)
	RebuildCommonClasses (37ms)
	RebuildNativeTypeToScriptingClass (12ms)
	initialDomainReloadingComplete (37ms)
	LoadAllAssembliesAndSetupDomain (640ms)
		LoadAssemblies (433ms)
		RebuildTransferFunctionScriptingTraits (0ms)
		AnalyzeDomain (299ms)
			TypeCache.Refresh (8ms)
				TypeCache.ScanAssembly (0ms)
			BuildScriptInfoCaches (275ms)
			ResolveRequiredComponents (10ms)
	FinalizeReload (969ms)
		ReleaseScriptCaches (0ms)
		RebuildScriptCaches (0ms)
		SetupLoadedEditorAssemblies (799ms)
			LogAssemblyErrors (0ms)
			InitializePlatformSupportModulesInManaged (2ms)
			SetLoadedEditorAssemblies (4ms)
			BeforeProcessingInitializeOnLoad (191ms)
			ProcessInitializeOnLoadAttributes (402ms)
			ProcessInitializeOnLoadMethodAttributes (192ms)
			AfterProcessingInitializeOnLoad (8ms)
			EditorAssembliesLoaded (0ms)
		ExecutionOrderSort2 (0ms)
		AwakeInstancesAfterBackupRestoration (18ms)
Refreshing native plugins compatible for Editor in 3.80 ms, found 5 plugins.
Preloading 1 native plugins for Editor in 0.06 ms.
Unloading 53 Unused Serialized files (Serialized files now loaded: 0)
Unloading 9407 unused Assets / (17.6 MB). Loaded Objects now: 10272.
Memory consumption went from 195.9 MB to 178.4 MB.
Total: 15.284500 ms (FindLiveObjects: 1.115200 ms CreateObjectMapping: 1.223700 ms MarkObjects: 7.227300 ms  DeleteObjects: 5.717100 ms)

Prepare: number of updated asset objects reloaded= 0
========================================================================
Received Prepare
Begin MonoManager ReloadAssembly
Duplicate assembly 'System.Runtime.CompilerServices.Unsafe.dll' with different versions detected, using 'Packages/com.unity.collections/Unity.Collections.Tests/System.Runtime.CompilerServices.Unsafe/System.Runtime.CompilerServices.Unsafe.dll, AssemblyName=System.Runtime.CompilerServices.Unsafe, Version=6.0.0.0, Culture=neutral, PublicKeyToken=b03f5f7f11d50a3a' and ignoring 'Packages/com.unity.ai.assistant/Plugins/Markdig/Dependencies/System.Runtime.CompilerServices.Unsafe.dll, AssemblyName=System.Runtime.CompilerServices.Unsafe, Version=4.0.6.0, Culture=neutral, PublicKeyToken=b03f5f7f11d50a3a'.Symbol file LoadedFromMemory is not a mono symbol file
Symbol file LoadedFromMemory is not a mono symbol file
- Loaded All Assemblies, in  0.947 seconds
Refreshing native plugins compatible for Editor in 3.22 ms, found 5 plugins.
Native extension for WindowsStandalone target not found
[Package Manager] Failed to launch server process. Reason: Unity was launched with the -noUpm command-line argument
[Package Manager] Unable to send message (not connected to server process).
[Package Manager] Cannot connect to Unity Package Manager local server
[Package Manager] Failed to launch server process. Reason: Unity was launched with the -noUpm command-line argument
[Package Manager] Unable to send message (not connected to server process).
[Package Manager] Cannot connect to Unity Package Manager local server
Mono: successfully reloaded assembly
- Finished resetting the current domain, in  0.916 seconds
Domain Reload Profiling: 1865ms
	BeginReloadAssembly (231ms)
		ExecutionOrderSort (0ms)
		DisableScriptedObjects (13ms)
		BackupInstance (0ms)
		ReleaseScriptingObjects (0ms)
		CreateAndSetChildDomain (72ms)
	RebuildCommonClasses (32ms)
	RebuildNativeTypeToScriptingClass (11ms)
	initialDomainReloadingComplete (34ms)
	LoadAllAssembliesAndSetupDomain (641ms)
		LoadAssemblies (426ms)
		RebuildTransferFunctionScriptingTraits (0ms)
		AnalyzeDomain (303ms)
			TypeCache.Refresh (7ms)
				TypeCache.ScanAssembly (0ms)
			BuildScriptInfoCaches (280ms)
			ResolveRequiredComponents (11ms)
	FinalizeReload (917ms)
		ReleaseScriptCaches (0ms)
		RebuildScriptCaches (0ms)
		SetupLoadedEditorAssemblies (736ms)
			LogAssemblyErrors (0ms)
			InitializePlatformSupportModulesInManaged (2ms)
			SetLoadedEditorAssemblies (4ms)
			BeforeProcessingInitializeOnLoad (183ms)
			ProcessInitializeOnLoadAttributes (342ms)
			ProcessInitializeOnLoadMethodAttributes (196ms)
			AfterProcessingInitializeOnLoad (9ms)
			EditorAssembliesLoaded (1ms)
		ExecutionOrderSort2 (0ms)
		AwakeInstancesAfterBackupRestoration (20ms)
Refreshing native plugins compatible for Editor in 4.17 ms, found 5 plugins.
Preloading 1 native plugins for Editor in 0.06 ms.
Unloading 53 Unused Serialized files (Serialized files now loaded: 0)
Unloading 9407 unused Assets / (17.3 MB). Loaded Objects now: 10275.
Memory consumption went from 198.6 MB to 181.4 MB.
Total: 15.248000 ms (FindLiveObjects: 1.239500 ms CreateObjectMapping: 1.328700 ms MarkObjects: 7.138300 ms  DeleteObjects: 5.539900 ms)

Prepare: number of updated asset objects reloaded= 0
========================================================================
Received Import Request.
  Time since last request: 7646.990030 seconds.
  path: Assets/Scenes/MenuPrincipal.unity
  artifactKey: Guid(7a75258b0b240174fb53fbf61aa0f3f9) Importer(815301076,1909f56bfc062723c751e8b465ee728b)
Start importing Assets/Scenes/MenuPrincipal.unity using Guid(7a75258b0b240174fb53fbf61aa0f3f9) Importer(815301076,1909f56bfc062723c751e8b465ee728b) (PreviewImporter) -> (artifact id: '44ff8c93216216ddef3acbe13cdf0c33') in 0.0048876 seconds
Number of updated asset objects reloaded before import = 0Number of asset objects unloaded after import = 0

========================================================================
Received Import Request.
  Time since last request: 24.858161 seconds.
  path: Assets/Scenes/Crimson Harvest(1-3).unity
  artifactKey: Guid(be65642ee73f6864f925e5833907c3b8) Importer(815301076,1909f56bfc062723c751e8b465ee728b)
Start importing Assets/Scenes/Crimson Harvest(1-3).unity using Guid(be65642ee73f6864f925e5833907c3b8) Importer(815301076,1909f56bfc062723c751e8b465ee728b) (PreviewImporter) -> (artifact id: '6f590eca797fb1b69cd9d0c30cbab849') in 0.000959 seconds
Number of updated asset objects reloaded before import = 0Number of asset objects unloaded after import = 0

========================================================================
Received Prepare
Begin MonoManager ReloadAssembly
[Licensing::Client] Successfully resolved entitlement details
Duplicate assembly 'System.Runtime.CompilerServices.Unsafe.dll' with different versions detected, using 'Packages/com.unity.collections/Unity.Collections.Tests/System.Runtime.CompilerServices.Unsafe/System.Runtime.CompilerServices.Unsafe.dll, AssemblyName=System.Runtime.CompilerServices.Unsafe, Version=6.0.0.0, Culture=neutral, PublicKeyToken=b03f5f7f11d50a3a' and ignoring 'Packages/com.unity.ai.assistant/Plugins/Markdig/Dependencies/System.Runtime.CompilerServices.Unsafe.dll, AssemblyName=System.Runtime.CompilerServices.Unsafe, Version=4.0.6.0, Culture=neutral, PublicKeyToken=b03f5f7f11d50a3a'.Symbol file LoadedFromMemory is not a mono symbol file
Symbol file LoadedFromMemory is not a mono symbol file
- Loaded All Assemblies, in  1.120 seconds
Refreshing native plugins compatible for Editor in 3.40 ms, found 5 plugins.
Native extension for WindowsStandalone target not found
[Package Manager] Failed to launch server process. Reason: Unity was launched with the -noUpm command-line argument
[Package Manager] Unable to send message (not connected to server process).
[Package Manager] Cannot connect to Unity Package Manager local server
[Package Manager] Failed to launch server process. Reason: Unity was launched with the -noUpm command-line argument
[Package Manager] Unable to send message (not connected to server process).
[Package Manager] Cannot connect to Unity Package Manager local server
Mono: successfully reloaded assembly
- Finished resetting the current domain, in  1.004 seconds
Domain Reload Profiling: 2127ms
	BeginReloadAssembly (306ms)
		ExecutionOrderSort (0ms)
		DisableScriptedObjects (20ms)
		BackupInstance (0ms)
		ReleaseScriptingObjects (0ms)
		CreateAndSetChildDomain (107ms)
	RebuildCommonClasses (40ms)
	RebuildNativeTypeToScriptingClass (11ms)
	initialDomainReloadingComplete (35ms)
	LoadAllAssembliesAndSetupDomain (731ms)
		LoadAssemblies (512ms)
		RebuildTransferFunctionScriptingTraits (0ms)
		AnalyzeDomain (325ms)
			TypeCache.Refresh (9ms)
				TypeCache.ScanAssembly (0ms)
			BuildScriptInfoCaches (298ms)
			ResolveRequiredComponents (12ms)
	FinalizeReload (1004ms)
		ReleaseScriptCaches (0ms)
		RebuildScriptCaches (0ms)
		SetupLoadedEditorAssemblies (820ms)
			LogAssemblyErrors (0ms)
			InitializePlatformSupportModulesInManaged (2ms)
			SetLoadedEditorAssemblies (4ms)
			BeforeProcessingInitializeOnLoad (191ms)
			ProcessInitializeOnLoadAttributes (395ms)
			ProcessInitializeOnLoadMethodAttributes (218ms)
			AfterProcessingInitializeOnLoad (9ms)
			EditorAssembliesLoaded (1ms)
		ExecutionOrderSort2 (0ms)
		AwakeInstancesAfterBackupRestoration (17ms)
Refreshing native plugins compatible for Editor in 4.01 ms, found 5 plugins.
Preloading 1 native plugins for Editor in 0.05 ms.
Unloading 53 Unused Serialized files (Serialized files now loaded: 0)
Unloading 9407 unused Assets / (17.4 MB). Loaded Objects now: 10278.
Memory consumption went from 193.3 MB to 175.9 MB.
Total: 16.742800 ms (FindLiveObjects: 1.102800 ms CreateObjectMapping: 2.110200 ms MarkObjects: 7.763000 ms  DeleteObjects: 5.765400 ms)

Prepare: number of updated asset objects reloaded= 0
========================================================================
Received Prepare
Begin MonoManager ReloadAssembly
Duplicate assembly 'System.Runtime.CompilerServices.Unsafe.dll' with different versions detected, using 'Packages/com.unity.collections/Unity.Collections.Tests/System.Runtime.CompilerServices.Unsafe/System.Runtime.CompilerServices.Unsafe.dll, AssemblyName=System.Runtime.CompilerServices.Unsafe, Version=6.0.0.0, Culture=neutral, PublicKeyToken=b03f5f7f11d50a3a' and ignoring 'Packages/com.unity.ai.assistant/Plugins/Markdig/Dependencies/System.Runtime.CompilerServices.Unsafe.dll, AssemblyName=System.Runtime.CompilerServices.Unsafe, Version=4.0.6.0, Culture=neutral, PublicKeyToken=b03f5f7f11d50a3a'.Symbol file LoadedFromMemory is not a mono symbol file
Symbol file LoadedFromMemory is not a mono symbol file
- Loaded All Assemblies, in  0.964 seconds
Refreshing native plugins compatible for Editor in 3.72 ms, found 5 plugins.
Native extension for WindowsStandalone target not found
[Package Manager] Failed to launch server process. Reason: Unity was launched with the -noUpm command-line argument
[Package Manager] Unable to send message (not connected to server process).
[Package Manager] Cannot connect to Unity Package Manager local server
[Package Manager] Failed to launch server process. Reason: Unity was launched with the -noUpm command-line argument
[Package Manager] Unable to send message (not connected to server process).
[Package Manager] Cannot connect to Unity Package Manager local server
Mono: successfully reloaded assembly
- Finished resetting the current domain, in  0.944 seconds
Domain Reload Profiling: 1911ms
	BeginReloadAssembly (232ms)
		ExecutionOrderSort (0ms)
		DisableScriptedObjects (14ms)
		BackupInstance (0ms)
		ReleaseScriptingObjects (0ms)
		CreateAndSetChildDomain (68ms)
	RebuildCommonClasses (33ms)
	RebuildNativeTypeToScriptingClass (11ms)
	initialDomainReloadingComplete (35ms)
	LoadAllAssembliesAndSetupDomain (654ms)
		LoadAssemblies (434ms)
		RebuildTransferFunctionScriptingTraits (0ms)
		AnalyzeDomain (313ms)
			TypeCache.Refresh (9ms)
				TypeCache.ScanAssembly (0ms)
			BuildScriptInfoCaches (288ms)
			ResolveRequiredComponents (11ms)
	FinalizeReload (945ms)
		ReleaseScriptCaches (0ms)
		RebuildScriptCaches (0ms)
		SetupLoadedEditorAssemblies (780ms)
			LogAssemblyErrors (0ms)
			InitializePlatformSupportModulesInManaged (2ms)
			SetLoadedEditorAssemblies (4ms)
			BeforeProcessingInitializeOnLoad (181ms)
			ProcessInitializeOnLoadAttributes (379ms)
			ProcessInitializeOnLoadMethodAttributes (204ms)
			AfterProcessingInitializeOnLoad (11ms)
			EditorAssembliesLoaded (1ms)
		ExecutionOrderSort2 (0ms)
		AwakeInstancesAfterBackupRestoration (19ms)
Refreshing native plugins compatible for Editor in 3.24 ms, found 5 plugins.
Preloading 1 native plugins for Editor in 0.05 ms.
Unloading 53 Unused Serialized files (Serialized files now loaded: 0)
Unloading 9407 unused Assets / (17.2 MB). Loaded Objects now: 10281.
Memory consumption went from 196.0 MB to 178.8 MB.
Total: 15.123800 ms (FindLiveObjects: 1.013600 ms CreateObjectMapping: 1.298400 ms MarkObjects: 7.145400 ms  DeleteObjects: 5.664500 ms)

Prepare: number of updated asset objects reloaded= 0
========================================================================
Received Prepare
Begin MonoManager ReloadAssembly
[Licensing::Client] Successfully resolved entitlement details
Duplicate assembly 'System.Runtime.CompilerServices.Unsafe.dll' with different versions detected, using 'Packages/com.unity.collections/Unity.Collections.Tests/System.Runtime.CompilerServices.Unsafe/System.Runtime.CompilerServices.Unsafe.dll, AssemblyName=System.Runtime.CompilerServices.Unsafe, Version=6.0.0.0, Culture=neutral, PublicKeyToken=b03f5f7f11d50a3a' and ignoring 'Packages/com.unity.ai.assistant/Plugins/Markdig/Dependencies/System.Runtime.CompilerServices.Unsafe.dll, AssemblyName=System.Runtime.CompilerServices.Unsafe, Version=4.0.6.0, Culture=neutral, PublicKeyToken=b03f5f7f11d50a3a'.Symbol file LoadedFromMemory is not a mono symbol file
Symbol file LoadedFromMemory is not a mono symbol file
- Loaded All Assemblies, in  1.469 seconds
Refreshing native plugins compatible for Editor in 3.99 ms, found 5 plugins.
Native extension for WindowsStandalone target not found
[Package Manager] Failed to launch server process. Reason: Unity was launched with the -noUpm command-line argument
[Package Manager] Unable to send message (not connected to server process).
[Package Manager] Cannot connect to Unity Package Manager local server
[Package Manager] Failed to launch server process. Reason: Unity was launched with the -noUpm command-line argument
[Package Manager] Unable to send message (not connected to server process).
[Package Manager] Cannot connect to Unity Package Manager local server
Mono: successfully reloaded assembly
- Finished resetting the current domain, in  1.284 seconds
Domain Reload Profiling: 2753ms
	BeginReloadAssembly (318ms)
		ExecutionOrderSort (0ms)
		DisableScriptedObjects (23ms)
		BackupInstance (0ms)
		ReleaseScriptingObjects (0ms)
		CreateAndSetChildDomain (87ms)
	RebuildCommonClasses (53ms)
	RebuildNativeTypeToScriptingClass (18ms)
	initialDomainReloadingComplete (53ms)
	LoadAllAssembliesAndSetupDomain (1026ms)
		LoadAssemblies (655ms)
		RebuildTransferFunctionScriptingTraits (0ms)
		AnalyzeDomain (499ms)
			TypeCache.Refresh (23ms)
				TypeCache.ScanAssembly (3ms)
			BuildScriptInfoCaches (453ms)
			ResolveRequiredComponents (16ms)
	FinalizeReload (1284ms)
		ReleaseScriptCaches (0ms)
		RebuildScriptCaches (0ms)
		SetupLoadedEditorAssemblies (1033ms)
			LogAssemblyErrors (0ms)
			InitializePlatformSupportModulesInManaged (2ms)
			SetLoadedEditorAssemblies (6ms)
			BeforeProcessingInitializeOnLoad (288ms)
			ProcessInitializeOnLoadAttributes (490ms)
			ProcessInitializeOnLoadMethodAttributes (233ms)
			AfterProcessingInitializeOnLoad (12ms)
			EditorAssembliesLoaded (1ms)
		ExecutionOrderSort2 (0ms)
		AwakeInstancesAfterBackupRestoration (23ms)
Refreshing native plugins compatible for Editor in 4.86 ms, found 5 plugins.
Preloading 1 native plugins for Editor in 0.06 ms.
Unloading 53 Unused Serialized files (Serialized files now loaded: 0)
Unloading 9429 unused Assets / (17.6 MB). Loaded Objects now: 10305.
Memory consumption went from 199.0 MB to 181.4 MB.
Total: 19.477000 ms (FindLiveObjects: 1.566700 ms CreateObjectMapping: 1.731300 ms MarkObjects: 9.149200 ms  DeleteObjects: 7.028400 ms)

Prepare: number of updated asset objects reloaded= 0
========================================================================
Received Prepare
Refreshing native plugins compatible for Editor in 4.51 ms, found 5 plugins.
Preloading 1 native plugins for Editor in 0.08 ms.
Unloading 53 Unused Serialized files (Serialized files now loaded: 0)
Unloading 53 unused Assets / (11.7 MB). Loaded Objects now: 10305.
Memory consumption went from 192.2 MB to 180.6 MB.
Total: 16.064000 ms (FindLiveObjects: 0.690800 ms CreateObjectMapping: 0.761200 ms MarkObjects: 11.761800 ms  DeleteObjects: 2.848300 ms)

Prepare: number of updated asset objects reloaded= 168
========================================================================
Received Prepare
Refreshing native plugins compatible for Editor in 5.23 ms, found 5 plugins.
Preloading 1 native plugins for Editor in 0.10 ms.
Unloading 53 Unused Serialized files (Serialized files now loaded: 0)
Unloading 53 unused Assets / (11.7 MB). Loaded Objects now: 10305.
Memory consumption went from 193.8 MB to 182.1 MB.
Total: 19.088700 ms (FindLiveObjects: 1.305700 ms CreateObjectMapping: 1.300400 ms MarkObjects: 12.418400 ms  DeleteObjects: 4.061500 ms)

Prepare: number of updated asset objects reloaded= 0
