[Licensing::Module] Trying to connect to existing licensing client channel...
Built from '6000.2/staging' branch; Version is '6000.2.2f1 (ea398eefe1c2) revision 15350158'; Using compiler version '194234433'; Build Type 'Release'
[Licensing::IpcConnector] Successfully connected to: "LicenseClient-Lawre" at "2025-11-21T23:06:21.0339066Z"
OS: 'Windows 11  (10.0.26200) 64bit CoreSingleLanguage' Language: 'es' Physical Memory: 32584 MB
BatchMode: 1, IsHumanControllingUs: 0, StartBugReporterOnCrash: 0, Is64bit: 1
Date: 2025-11-21T23:06:21Z

COMMAND LINE ARGUMENTS:
C:\Program Files\Unity\Hub\Editor\6000.2.2f1\Editor\Unity.exe
-adb2
-batchMode
-noUpm
-name
AssetImportWorker4
-projectPath
D:/UH_Proyects/My project - 2Avance
-logFile
Logs/AssetImportWorker4.log
-srvPort
56221
-licensingIpc
LicenseClient-Lawre
-job-worker-count
7
-background-job-worker-count
8
-gc-helper-count
1
-name
AssetImport
Successfully changed project path to: D:/UH_Proyects/My project - 2Avance
D:/UH_Proyects/My project - 2Avance
[UnityMemory] Configuration Parameters - Can be set up in boot.config
    "memorysetup-allocator-temp-initial-block-size-main=262144"
    "memorysetup-allocator-temp-initial-block-size-worker=262144"
    "memorysetup-bucket-allocator-granularity=16"
    "memorysetup-bucket-allocator-bucket-count=8"
    "memorysetup-bucket-allocator-block-size=33554432"
    "memorysetup-bucket-allocator-block-count=8"
    "memorysetup-main-allocator-block-size=16777216"
    "memorysetup-thread-allocator-block-size=16777216"
    "memorysetup-gfx-main-allocator-block-size=16777216"
    "memorysetup-gfx-thread-allocator-block-size=16777216"
    "memorysetup-cache-allocator-block-size=4194304"
    "memorysetup-typetree-allocator-block-size=2097152"
    "memorysetup-profiler-bucket-allocator-granularity=16"
    "memorysetup-profiler-bucket-allocator-bucket-count=8"
    "memorysetup-profiler-bucket-allocator-block-size=33554432"
    "memorysetup-profiler-bucket-allocator-block-count=8"
    "memorysetup-profiler-allocator-block-size=16777216"
    "memorysetup-profiler-editor-allocator-block-size=1048576"
    "memorysetup-temp-allocator-size-main=16777216"
    "memorysetup-job-temp-allocator-block-size=2097152"
    "memorysetup-job-temp-allocator-block-size-background=1048576"
    "memorysetup-job-temp-allocator-reduction-small-platforms=262144"
    "memorysetup-temp-allocator-size-background-worker=32768"
    "memorysetup-temp-allocator-size-job-worker=262144"
    "memorysetup-temp-allocator-size-preload-manager=33554432"
    "memorysetup-temp-allocator-size-nav-mesh-worker=65536"
    "memorysetup-temp-allocator-size-audio-worker=65536"
    "memorysetup-temp-allocator-size-cloud-worker=32768"
    "memorysetup-temp-allocator-size-gi-baking-worker=262144"
    "memorysetup-temp-allocator-size-gi-baking-worker=262144"
    "memorysetup-temp-allocator-size-gi-baking-worker=262144"
    "memorysetup-temp-allocator-size-gi-baking-worker=262144"
    "memorysetup-temp-allocator-size-gi-baking-worker=262144"
    "memorysetup-temp-allocator-size-gfx=262144"
Player connection [44608]  Target information:

Player connection [44608]  * "[IP] 192.168.0.216 [Port] 0 [Flags] 2 [Guid] 2793443171 [EditorId] 2793443171 [Version] 1048832 [Id] WindowsEditor(7,GLaDOS) [Debug] 1 [PackageName] WindowsEditor [ProjectName] Editor" 

Player connection [44608] Host joined multi-casting on [225.0.0.222:54997]...
Player connection [44608] Host joined alternative multi-casting on [225.0.0.222:34997]...
JobSystem: Creating JobQueue using job-worker-count value 7
Input System module state changed to: Initialized.
[Physics::Module] Initialized fallback backend.
[Physics::Module] Id: 0xdecafbad
[Licensing::Client] Code 10 while verifying Licensing Client signature (process Id: 31704, path: "C:/Program Files/Unity Hub/UnityLicensingClient_V1/Unity.Licensing.Client.exe")
[Licensing::Module] LicensingClient has failed validation; ignoring
[Licensing::Client] Handshaking with LicensingClient:
  Version:                 1.17.3+a4e98f1
  Session Id:              0164ce6107c141059e8c7e2d77f63ea4
  Correlation Id:          d37627f0d9a9544854181085f371315b
  External correlation Id: 6454967558712560648
  Machine Id:              zCKxiuvyJKn3MAvbGRRZKzQCABY=
[Licensing::Module] Successfully connected to LicensingClient on channel: "LicenseClient-Lawre" (connect: 0.00s, validation: 0.00s, handshake: 0.05s)
[Licensing::IpcConnector] Successfully connected to: "LicenseClient-Lawre-notifications" at "2025-11-21T23:06:21.0890619Z"
[Licensing::Module] Licensing Background thread has ended after 0.06s
Library Redirect Path: Library/
[Physics::Module] Selected backend.
[Physics::Module] Name: PhysX
[Physics::Module] Id: 0xf2b8ea05
[Physics::Module] SDK Version: 4.1.2
[Physics::Module] Integration Version: 1.0.0
[Physics::Module] Threading Mode: Multi-Threaded
Refreshing native plugins compatible for Editor in 20.25 ms, found 5 plugins.
Preloading 1 native plugins for Editor in 1.28 ms.
Initialize engine version: 6000.2.2f1 (ea398eefe1c2)
[Subsystems] Discovering subsystems at path C:/Program Files/Unity/Hub/Editor/6000.2.2f1/Editor/Data/Resources/UnitySubsystems
[Subsystems] Discovering subsystems at path D:/UH_Proyects/My project - 2Avance/Assets
GfxDevice: creating device client; kGfxThreadingModeNonThreaded
d3d12: failed to query info queue interface (0x80004002).
Direct3D:
    Version:         Direct3D 12 [level 12.1]
    Renderer:        NVIDIA GeForce RTX 4050 Laptop GPU (ID=0x28e1)
    Vendor:          NVIDIA
    VRAM:            5921 MB
    App VRAM Budget: 5153 MB
    Driver:          32.0.15.8142
Initialize mono
Mono path[0] = 'C:/Program Files/Unity/Hub/Editor/6000.2.2f1/Editor/Data/Managed'
Mono path[1] = 'C:/Program Files/Unity/Hub/Editor/6000.2.2f1/Editor/Data/MonoBleedingEdge/lib/mono/unityjit-win32'
Mono config path = 'C:/Program Files/Unity/Hub/Editor/6000.2.2f1/Editor/Data/MonoBleedingEdge/etc'
Using monoOptions --debugger-agent=transport=dt_socket,embedding=1,server=y,suspend=n,address=127.0.0.1:56924
Begin MonoManager ReloadAssembly
Registering precompiled unity dll's ...
Register platform support module: C:/Program Files/Unity/Hub/Editor/6000.2.2f1/Editor/Data/PlaybackEngines/WindowsStandaloneSupport/UnityEditor.WindowsStandalone.Extensions.dll
Registered in 0.004007 seconds.
- Loaded All Assemblies, in  0.468 seconds
Native extension for WindowsStandalone target not found
Mono: successfully reloaded assembly
- Finished resetting the current domain, in  0.339 seconds
Domain Reload Profiling: 804ms
	BeginReloadAssembly (209ms)
		ExecutionOrderSort (0ms)
		DisableScriptedObjects (0ms)
		BackupInstance (0ms)
		ReleaseScriptingObjects (0ms)
		CreateAndSetChildDomain (1ms)
	RebuildCommonClasses (39ms)
	RebuildNativeTypeToScriptingClass (10ms)
	initialDomainReloadingComplete (52ms)
	LoadAllAssembliesAndSetupDomain (154ms)
		LoadAssemblies (205ms)
		RebuildTransferFunctionScriptingTraits (0ms)
		AnalyzeDomain (152ms)
			TypeCache.Refresh (150ms)
				TypeCache.ScanAssembly (136ms)
			BuildScriptInfoCaches (0ms)
			ResolveRequiredComponents (0ms)
	FinalizeReload (340ms)
		ReleaseScriptCaches (0ms)
		RebuildScriptCaches (0ms)
		SetupLoadedEditorAssemblies (292ms)
			LogAssemblyErrors (0ms)
			InitializePlatformSupportModulesInManaged (43ms)
			SetLoadedEditorAssemblies (3ms)
			BeforeProcessingInitializeOnLoad (62ms)
			ProcessInitializeOnLoadAttributes (128ms)
			ProcessInitializeOnLoadMethodAttributes (55ms)
			AfterProcessingInitializeOnLoad (0ms)
			EditorAssembliesLoaded (0ms)
		ExecutionOrderSort2 (0ms)
		AwakeInstancesAfterBackupRestoration (0ms)
========================================================================
Worker process is ready to serve import requests
Import Worker Mode flag is 0x00
Begin MonoManager ReloadAssembly
[Licensing::Client] Successfully resolved entitlement details
[Licensing::Module] License group:
  Id: 4674118873323-UnityPersXXXX
  Product: Unity Personal
  Type: Assigned
  Expiration: Unlimited
Duplicate assembly 'System.Runtime.CompilerServices.Unsafe.dll' with different versions detected, using 'Packages/com.unity.collections/Unity.Collections.Tests/System.Runtime.CompilerServices.Unsafe/System.Runtime.CompilerServices.Unsafe.dll, AssemblyName=System.Runtime.CompilerServices.Unsafe, Version=6.0.0.0, Culture=neutral, PublicKeyToken=b03f5f7f11d50a3a' and ignoring 'Packages/com.unity.ai.assistant/Plugins/Markdig/Dependencies/System.Runtime.CompilerServices.Unsafe.dll, AssemblyName=System.Runtime.CompilerServices.Unsafe, Version=4.0.6.0, Culture=neutral, PublicKeyToken=b03f5f7f11d50a3a'.Symbol file LoadedFromMemory is not a mono symbol file
Symbol file LoadedFromMemory is not a mono symbol file
- Loaded All Assemblies, in  1.355 seconds
Refreshing native plugins compatible for Editor in 3.45 ms, found 5 plugins.
Native extension for WindowsStandalone target not found
Package Manager log level set to [2]
[Package Manager] Failed to launch server process. Reason: Unity was launched with the -noUpm command-line argument
[Package Manager] Unable to send message (not connected to server process).
[Package Manager] Cannot connect to Unity Package Manager local server
[Package Manager] Failed to launch server process. Reason: Unity was launched with the -noUpm command-line argument
[Package Manager] Unable to send message (not connected to server process).
[Package Manager] Cannot connect to Unity Package Manager local server
Mono: successfully reloaded assembly
- Finished resetting the current domain, in  1.347 seconds
Domain Reload Profiling: 2698ms
	BeginReloadAssembly (179ms)
		ExecutionOrderSort (0ms)
		DisableScriptedObjects (6ms)
		BackupInstance (0ms)
		ReleaseScriptingObjects (0ms)
		CreateAndSetChildDomain (34ms)
	RebuildCommonClasses (34ms)
	RebuildNativeTypeToScriptingClass (10ms)
	initialDomainReloadingComplete (44ms)
	LoadAllAssembliesAndSetupDomain (1084ms)
		LoadAssemblies (726ms)
		RebuildTransferFunctionScriptingTraits (0ms)
		AnalyzeDomain (455ms)
			TypeCache.Refresh (368ms)
				TypeCache.ScanAssembly (345ms)
			BuildScriptInfoCaches (71ms)
			ResolveRequiredComponents (10ms)
	FinalizeReload (1348ms)
		ReleaseScriptCaches (0ms)
		RebuildScriptCaches (0ms)
		SetupLoadedEditorAssemblies (1170ms)
			LogAssemblyErrors (0ms)
			InitializePlatformSupportModulesInManaged (2ms)
			SetLoadedEditorAssemblies (4ms)
			BeforeProcessingInitializeOnLoad (174ms)
			ProcessInitializeOnLoadAttributes (681ms)
			ProcessInitializeOnLoadMethodAttributes (298ms)
			AfterProcessingInitializeOnLoad (10ms)
			EditorAssembliesLoaded (0ms)
		ExecutionOrderSort2 (0ms)
		AwakeInstancesAfterBackupRestoration (8ms)
Launched and connected shader compiler UnityShaderCompiler.exe after 0.02 seconds
Refreshing native plugins compatible for Editor in 3.25 ms, found 5 plugins.
Preloading 1 native plugins for Editor in 0.05 ms.
Unloading 53 Unused Serialized files (Serialized files now loaded: 0)
Unloading 9403 unused Assets / (19.4 MB). Loaded Objects now: 10173.
Memory consumption went from 185.5 MB to 166.2 MB.
Total: 14.949400 ms (FindLiveObjects: 0.941900 ms CreateObjectMapping: 0.920800 ms MarkObjects: 6.490900 ms  DeleteObjects: 6.594400 ms)

========================================================================
Received Prepare
Begin MonoManager ReloadAssembly
[Licensing::Client] Successfully resolved entitlement details
Duplicate assembly 'System.Runtime.CompilerServices.Unsafe.dll' with different versions detected, using 'Packages/com.unity.collections/Unity.Collections.Tests/System.Runtime.CompilerServices.Unsafe/System.Runtime.CompilerServices.Unsafe.dll, AssemblyName=System.Runtime.CompilerServices.Unsafe, Version=6.0.0.0, Culture=neutral, PublicKeyToken=b03f5f7f11d50a3a' and ignoring 'Packages/com.unity.ai.assistant/Plugins/Markdig/Dependencies/System.Runtime.CompilerServices.Unsafe.dll, AssemblyName=System.Runtime.CompilerServices.Unsafe, Version=4.0.6.0, Culture=neutral, PublicKeyToken=b03f5f7f11d50a3a'.Symbol file LoadedFromMemory is not a mono symbol file
Symbol file LoadedFromMemory is not a mono symbol file
- Loaded All Assemblies, in  0.965 seconds
Refreshing native plugins compatible for Editor in 3.33 ms, found 5 plugins.
Native extension for WindowsStandalone target not found
[Package Manager] Failed to launch server process. Reason: Unity was launched with the -noUpm command-line argument
[Package Manager] Unable to send message (not connected to server process).
[Package Manager] Cannot connect to Unity Package Manager local server
[Package Manager] Failed to launch server process. Reason: Unity was launched with the -noUpm command-line argument
[Package Manager] Unable to send message (not connected to server process).
[Package Manager] Cannot connect to Unity Package Manager local server
Mono: successfully reloaded assembly
- Finished resetting the current domain, in  0.942 seconds
Domain Reload Profiling: 1909ms
	BeginReloadAssembly (251ms)
		ExecutionOrderSort (0ms)
		DisableScriptedObjects (14ms)
		BackupInstance (0ms)
		ReleaseScriptingObjects (0ms)
		CreateAndSetChildDomain (74ms)
	RebuildCommonClasses (32ms)
	RebuildNativeTypeToScriptingClass (12ms)
	initialDomainReloadingComplete (33ms)
	LoadAllAssembliesAndSetupDomain (639ms)
		LoadAssemblies (433ms)
		RebuildTransferFunctionScriptingTraits (0ms)
		AnalyzeDomain (298ms)
			TypeCache.Refresh (8ms)
				TypeCache.ScanAssembly (0ms)
			BuildScriptInfoCaches (275ms)
			ResolveRequiredComponents (10ms)
	FinalizeReload (943ms)
		ReleaseScriptCaches (0ms)
		RebuildScriptCaches (0ms)
		SetupLoadedEditorAssemblies (769ms)
			LogAssemblyErrors (0ms)
			InitializePlatformSupportModulesInManaged (2ms)
			SetLoadedEditorAssemblies (4ms)
			BeforeProcessingInitializeOnLoad (175ms)
			ProcessInitializeOnLoadAttributes (378ms)
			ProcessInitializeOnLoadMethodAttributes (201ms)
			AfterProcessingInitializeOnLoad (9ms)
			EditorAssembliesLoaded (0ms)
		ExecutionOrderSort2 (0ms)
		AwakeInstancesAfterBackupRestoration (19ms)
Refreshing native plugins compatible for Editor in 3.58 ms, found 5 plugins.
Preloading 1 native plugins for Editor in 0.08 ms.
Unloading 53 Unused Serialized files (Serialized files now loaded: 0)
Unloading 9402 unused Assets / (19.3 MB). Loaded Objects now: 10177.
Memory consumption went from 188.6 MB to 169.3 MB.
Total: 18.344000 ms (FindLiveObjects: 1.045100 ms CreateObjectMapping: 1.327200 ms MarkObjects: 8.466800 ms  DeleteObjects: 7.503200 ms)

Prepare: number of updated asset objects reloaded= 0
========================================================================
Received Prepare
Begin MonoManager ReloadAssembly
[Licensing::Client] Successfully resolved entitlement details
Duplicate assembly 'System.Runtime.CompilerServices.Unsafe.dll' with different versions detected, using 'Packages/com.unity.collections/Unity.Collections.Tests/System.Runtime.CompilerServices.Unsafe/System.Runtime.CompilerServices.Unsafe.dll, AssemblyName=System.Runtime.CompilerServices.Unsafe, Version=6.0.0.0, Culture=neutral, PublicKeyToken=b03f5f7f11d50a3a' and ignoring 'Packages/com.unity.ai.assistant/Plugins/Markdig/Dependencies/System.Runtime.CompilerServices.Unsafe.dll, AssemblyName=System.Runtime.CompilerServices.Unsafe, Version=4.0.6.0, Culture=neutral, PublicKeyToken=b03f5f7f11d50a3a'.Symbol file LoadedFromMemory is not a mono symbol file
Symbol file LoadedFromMemory is not a mono symbol file
- Loaded All Assemblies, in  0.942 seconds
Refreshing native plugins compatible for Editor in 3.25 ms, found 5 plugins.
Native extension for WindowsStandalone target not found
[Package Manager] Failed to launch server process. Reason: Unity was launched with the -noUpm command-line argument
[Package Manager] Unable to send message (not connected to server process).
[Package Manager] Cannot connect to Unity Package Manager local server
[Package Manager] Failed to launch server process. Reason: Unity was launched with the -noUpm command-line argument
[Package Manager] Unable to send message (not connected to server process).
[Package Manager] Cannot connect to Unity Package Manager local server
Mono: successfully reloaded assembly
- Finished resetting the current domain, in  0.949 seconds
Domain Reload Profiling: 1894ms
	BeginReloadAssembly (236ms)
		ExecutionOrderSort (0ms)
		DisableScriptedObjects (13ms)
		BackupInstance (0ms)
		ReleaseScriptingObjects (0ms)
		CreateAndSetChildDomain (68ms)
	RebuildCommonClasses (31ms)
	RebuildNativeTypeToScriptingClass (11ms)
	initialDomainReloadingComplete (35ms)
	LoadAllAssembliesAndSetupDomain (630ms)
		LoadAssemblies (430ms)
		RebuildTransferFunctionScriptingTraits (0ms)
		AnalyzeDomain (291ms)
			TypeCache.Refresh (8ms)
				TypeCache.ScanAssembly (0ms)
			BuildScriptInfoCaches (268ms)
			ResolveRequiredComponents (10ms)
	FinalizeReload (950ms)
		ReleaseScriptCaches (0ms)
		RebuildScriptCaches (0ms)
		SetupLoadedEditorAssemblies (764ms)
			LogAssemblyErrors (0ms)
			InitializePlatformSupportModulesInManaged (2ms)
			SetLoadedEditorAssemblies (3ms)
			BeforeProcessingInitializeOnLoad (182ms)
			ProcessInitializeOnLoadAttributes (364ms)
			ProcessInitializeOnLoadMethodAttributes (202ms)
			AfterProcessingInitializeOnLoad (10ms)
			EditorAssembliesLoaded (1ms)
		ExecutionOrderSort2 (0ms)
		AwakeInstancesAfterBackupRestoration (19ms)
Refreshing native plugins compatible for Editor in 4.20 ms, found 5 plugins.
Preloading 1 native plugins for Editor in 0.05 ms.
Unloading 53 Unused Serialized files (Serialized files now loaded: 0)
Unloading 9402 unused Assets / (19.5 MB). Loaded Objects now: 10180.
Memory consumption went from 191.3 MB to 171.8 MB.
Total: 18.923800 ms (FindLiveObjects: 1.172400 ms CreateObjectMapping: 1.893700 ms MarkObjects: 7.749600 ms  DeleteObjects: 8.106100 ms)

Prepare: number of updated asset objects reloaded= 0
========================================================================
Received Prepare
Begin MonoManager ReloadAssembly
[Licensing::Client] Successfully resolved entitlement details
Duplicate assembly 'System.Runtime.CompilerServices.Unsafe.dll' with different versions detected, using 'Packages/com.unity.collections/Unity.Collections.Tests/System.Runtime.CompilerServices.Unsafe/System.Runtime.CompilerServices.Unsafe.dll, AssemblyName=System.Runtime.CompilerServices.Unsafe, Version=6.0.0.0, Culture=neutral, PublicKeyToken=b03f5f7f11d50a3a' and ignoring 'Packages/com.unity.ai.assistant/Plugins/Markdig/Dependencies/System.Runtime.CompilerServices.Unsafe.dll, AssemblyName=System.Runtime.CompilerServices.Unsafe, Version=4.0.6.0, Culture=neutral, PublicKeyToken=b03f5f7f11d50a3a'.Symbol file LoadedFromMemory is not a mono symbol file
Symbol file LoadedFromMemory is not a mono symbol file
- Loaded All Assemblies, in  0.967 seconds
Refreshing native plugins compatible for Editor in 3.04 ms, found 5 plugins.
Native extension for WindowsStandalone target not found
[Package Manager] Failed to launch server process. Reason: Unity was launched with the -noUpm command-line argument
[Package Manager] Unable to send message (not connected to server process).
[Package Manager] Cannot connect to Unity Package Manager local server
[Package Manager] Failed to launch server process. Reason: Unity was launched with the -noUpm command-line argument
[Package Manager] Unable to send message (not connected to server process).
[Package Manager] Cannot connect to Unity Package Manager local server
Mono: successfully reloaded assembly
- Finished resetting the current domain, in  0.967 seconds
Domain Reload Profiling: 1936ms
	BeginReloadAssembly (235ms)
		ExecutionOrderSort (0ms)
		DisableScriptedObjects (14ms)
		BackupInstance (0ms)
		ReleaseScriptingObjects (0ms)
		CreateAndSetChildDomain (67ms)
	RebuildCommonClasses (32ms)
	RebuildNativeTypeToScriptingClass (12ms)
	initialDomainReloadingComplete (32ms)
	LoadAllAssembliesAndSetupDomain (657ms)
		LoadAssemblies (442ms)
		RebuildTransferFunctionScriptingTraits (0ms)
		AnalyzeDomain (308ms)
			TypeCache.Refresh (9ms)
				TypeCache.ScanAssembly (0ms)
			BuildScriptInfoCaches (284ms)
			ResolveRequiredComponents (10ms)
	FinalizeReload (967ms)
		ReleaseScriptCaches (0ms)
		RebuildScriptCaches (0ms)
		SetupLoadedEditorAssemblies (788ms)
			LogAssemblyErrors (0ms)
			InitializePlatformSupportModulesInManaged (2ms)
			SetLoadedEditorAssemblies (4ms)
			BeforeProcessingInitializeOnLoad (193ms)
			ProcessInitializeOnLoadAttributes (372ms)
			ProcessInitializeOnLoadMethodAttributes (208ms)
			AfterProcessingInitializeOnLoad (9ms)
			EditorAssembliesLoaded (0ms)
		ExecutionOrderSort2 (0ms)
		AwakeInstancesAfterBackupRestoration (19ms)
Refreshing native plugins compatible for Editor in 4.01 ms, found 5 plugins.
Preloading 1 native plugins for Editor in 0.05 ms.
Unloading 53 Unused Serialized files (Serialized files now loaded: 0)
Unloading 9402 unused Assets / (19.3 MB). Loaded Objects now: 10183.
Memory consumption went from 194.1 MB to 174.7 MB.
Total: 18.553900 ms (FindLiveObjects: 1.152900 ms CreateObjectMapping: 1.383400 ms MarkObjects: 8.244500 ms  DeleteObjects: 7.771900 ms)

Prepare: number of updated asset objects reloaded= 0
========================================================================
Received Prepare
Begin MonoManager ReloadAssembly
[Licensing::Client] Successfully resolved entitlement details
Duplicate assembly 'System.Runtime.CompilerServices.Unsafe.dll' with different versions detected, using 'Packages/com.unity.collections/Unity.Collections.Tests/System.Runtime.CompilerServices.Unsafe/System.Runtime.CompilerServices.Unsafe.dll, AssemblyName=System.Runtime.CompilerServices.Unsafe, Version=6.0.0.0, Culture=neutral, PublicKeyToken=b03f5f7f11d50a3a' and ignoring 'Packages/com.unity.ai.assistant/Plugins/Markdig/Dependencies/System.Runtime.CompilerServices.Unsafe.dll, AssemblyName=System.Runtime.CompilerServices.Unsafe, Version=4.0.6.0, Culture=neutral, PublicKeyToken=b03f5f7f11d50a3a'.Symbol file LoadedFromMemory is not a mono symbol file
Symbol file LoadedFromMemory is not a mono symbol file
- Loaded All Assemblies, in  0.980 seconds
Refreshing native plugins compatible for Editor in 3.09 ms, found 5 plugins.
Native extension for WindowsStandalone target not found
[Package Manager] Failed to launch server process. Reason: Unity was launched with the -noUpm command-line argument
[Package Manager] Unable to send message (not connected to server process).
[Package Manager] Cannot connect to Unity Package Manager local server
[Package Manager] Failed to launch server process. Reason: Unity was launched with the -noUpm command-line argument
[Package Manager] Unable to send message (not connected to server process).
[Package Manager] Cannot connect to Unity Package Manager local server
Mono: successfully reloaded assembly
- Finished resetting the current domain, in  0.977 seconds
Domain Reload Profiling: 1957ms
	BeginReloadAssembly (244ms)
		ExecutionOrderSort (0ms)
		DisableScriptedObjects (18ms)
		BackupInstance (0ms)
		ReleaseScriptingObjects (0ms)
		CreateAndSetChildDomain (75ms)
	RebuildCommonClasses (33ms)
	RebuildNativeTypeToScriptingClass (11ms)
	initialDomainReloadingComplete (34ms)
	LoadAllAssembliesAndSetupDomain (657ms)
		LoadAssemblies (442ms)
		RebuildTransferFunctionScriptingTraits (0ms)
		AnalyzeDomain (307ms)
			TypeCache.Refresh (9ms)
				TypeCache.ScanAssembly (0ms)
			BuildScriptInfoCaches (283ms)
			ResolveRequiredComponents (10ms)
	FinalizeReload (978ms)
		ReleaseScriptCaches (0ms)
		RebuildScriptCaches (0ms)
		SetupLoadedEditorAssemblies (794ms)
			LogAssemblyErrors (0ms)
			InitializePlatformSupportModulesInManaged (2ms)
			SetLoadedEditorAssemblies (4ms)
			BeforeProcessingInitializeOnLoad (188ms)
			ProcessInitializeOnLoadAttributes (392ms)
			ProcessInitializeOnLoadMethodAttributes (199ms)
			AfterProcessingInitializeOnLoad (9ms)
			EditorAssembliesLoaded (0ms)
		ExecutionOrderSort2 (0ms)
		AwakeInstancesAfterBackupRestoration (21ms)
Refreshing native plugins compatible for Editor in 3.46 ms, found 5 plugins.
Preloading 1 native plugins for Editor in 0.06 ms.
Unloading 53 Unused Serialized files (Serialized files now loaded: 0)
Unloading 9402 unused Assets / (18.9 MB). Loaded Objects now: 10186.
Memory consumption went from 196.8 MB to 177.9 MB.
Total: 17.343500 ms (FindLiveObjects: 1.023000 ms CreateObjectMapping: 1.461700 ms MarkObjects: 7.584400 ms  DeleteObjects: 7.273200 ms)

Prepare: number of updated asset objects reloaded= 0
========================================================================
Received Prepare
Begin MonoManager ReloadAssembly
[Licensing::Client] Successfully resolved entitlement details
Duplicate assembly 'System.Runtime.CompilerServices.Unsafe.dll' with different versions detected, using 'Packages/com.unity.collections/Unity.Collections.Tests/System.Runtime.CompilerServices.Unsafe/System.Runtime.CompilerServices.Unsafe.dll, AssemblyName=System.Runtime.CompilerServices.Unsafe, Version=6.0.0.0, Culture=neutral, PublicKeyToken=b03f5f7f11d50a3a' and ignoring 'Packages/com.unity.ai.assistant/Plugins/Markdig/Dependencies/System.Runtime.CompilerServices.Unsafe.dll, AssemblyName=System.Runtime.CompilerServices.Unsafe, Version=4.0.6.0, Culture=neutral, PublicKeyToken=b03f5f7f11d50a3a'.Symbol file LoadedFromMemory is not a mono symbol file
Symbol file LoadedFromMemory is not a mono symbol file
- Loaded All Assemblies, in  0.966 seconds
Refreshing native plugins compatible for Editor in 3.41 ms, found 5 plugins.
Native extension for WindowsStandalone target not found
[Package Manager] Failed to launch server process. Reason: Unity was launched with the -noUpm command-line argument
[Package Manager] Unable to send message (not connected to server process).
[Package Manager] Cannot connect to Unity Package Manager local server
[Package Manager] Failed to launch server process. Reason: Unity was launched with the -noUpm command-line argument
[Package Manager] Unable to send message (not connected to server process).
[Package Manager] Cannot connect to Unity Package Manager local server
Mono: successfully reloaded assembly
- Finished resetting the current domain, in  0.978 seconds
Domain Reload Profiling: 1945ms
	BeginReloadAssembly (235ms)
		ExecutionOrderSort (0ms)
		DisableScriptedObjects (16ms)
		BackupInstance (0ms)
		ReleaseScriptingObjects (0ms)
		CreateAndSetChildDomain (67ms)
	RebuildCommonClasses (33ms)
	RebuildNativeTypeToScriptingClass (11ms)
	initialDomainReloadingComplete (35ms)
	LoadAllAssembliesAndSetupDomain (653ms)
		LoadAssemblies (447ms)
		RebuildTransferFunctionScriptingTraits (0ms)
		AnalyzeDomain (299ms)
			TypeCache.Refresh (8ms)
				TypeCache.ScanAssembly (0ms)
			BuildScriptInfoCaches (277ms)
			ResolveRequiredComponents (10ms)
	FinalizeReload (979ms)
		ReleaseScriptCaches (0ms)
		RebuildScriptCaches (0ms)
		SetupLoadedEditorAssemblies (808ms)
			LogAssemblyErrors (0ms)
			InitializePlatformSupportModulesInManaged (2ms)
			SetLoadedEditorAssemblies (4ms)
			BeforeProcessingInitializeOnLoad (190ms)
			ProcessInitializeOnLoadAttributes (392ms)
			ProcessInitializeOnLoadMethodAttributes (211ms)
			AfterProcessingInitializeOnLoad (9ms)
			EditorAssembliesLoaded (0ms)
		ExecutionOrderSort2 (0ms)
		AwakeInstancesAfterBackupRestoration (18ms)
Refreshing native plugins compatible for Editor in 4.27 ms, found 5 plugins.
Preloading 1 native plugins for Editor in 0.08 ms.
Unloading 53 Unused Serialized files (Serialized files now loaded: 0)
Unloading 9402 unused Assets / (19.6 MB). Loaded Objects now: 10189.
Memory consumption went from 199.5 MB to 179.9 MB.
Total: 17.308600 ms (FindLiveObjects: 1.051200 ms CreateObjectMapping: 1.259700 ms MarkObjects: 7.653100 ms  DeleteObjects: 7.342500 ms)

Prepare: number of updated asset objects reloaded= 0
========================================================================
Received Prepare
Begin MonoManager ReloadAssembly
[Licensing::Client] Successfully resolved entitlement details
Duplicate assembly 'System.Runtime.CompilerServices.Unsafe.dll' with different versions detected, using 'Packages/com.unity.collections/Unity.Collections.Tests/System.Runtime.CompilerServices.Unsafe/System.Runtime.CompilerServices.Unsafe.dll, AssemblyName=System.Runtime.CompilerServices.Unsafe, Version=6.0.0.0, Culture=neutral, PublicKeyToken=b03f5f7f11d50a3a' and ignoring 'Packages/com.unity.ai.assistant/Plugins/Markdig/Dependencies/System.Runtime.CompilerServices.Unsafe.dll, AssemblyName=System.Runtime.CompilerServices.Unsafe, Version=4.0.6.0, Culture=neutral, PublicKeyToken=b03f5f7f11d50a3a'.Symbol file LoadedFromMemory is not a mono symbol file
Symbol file LoadedFromMemory is not a mono symbol file
- Loaded All Assemblies, in  0.965 seconds
Refreshing native plugins compatible for Editor in 4.89 ms, found 5 plugins.
Native extension for WindowsStandalone target not found
[Package Manager] Failed to launch server process. Reason: Unity was launched with the -noUpm command-line argument
[Package Manager] Unable to send message (not connected to server process).
[Package Manager] Cannot connect to Unity Package Manager local server
[Package Manager] Failed to launch server process. Reason: Unity was launched with the -noUpm command-line argument
[Package Manager] Unable to send message (not connected to server process).
[Package Manager] Cannot connect to Unity Package Manager local server
Mono: successfully reloaded assembly
- Finished resetting the current domain, in  0.960 seconds
Domain Reload Profiling: 1926ms
	BeginReloadAssembly (237ms)
		ExecutionOrderSort (0ms)
		DisableScriptedObjects (17ms)
		BackupInstance (0ms)
		ReleaseScriptingObjects (0ms)
		CreateAndSetChildDomain (72ms)
	RebuildCommonClasses (33ms)
	RebuildNativeTypeToScriptingClass (11ms)
	initialDomainReloadingComplete (35ms)
	LoadAllAssembliesAndSetupDomain (650ms)
		LoadAssemblies (432ms)
		RebuildTransferFunctionScriptingTraits (0ms)
		AnalyzeDomain (308ms)
			TypeCache.Refresh (9ms)
				TypeCache.ScanAssembly (0ms)
			BuildScriptInfoCaches (284ms)
			ResolveRequiredComponents (10ms)
	FinalizeReload (960ms)
		ReleaseScriptCaches (0ms)
		RebuildScriptCaches (0ms)
		SetupLoadedEditorAssemblies (790ms)
			LogAssemblyErrors (0ms)
			InitializePlatformSupportModulesInManaged (2ms)
			SetLoadedEditorAssemblies (4ms)
			BeforeProcessingInitializeOnLoad (186ms)
			ProcessInitializeOnLoadAttributes (379ms)
			ProcessInitializeOnLoadMethodAttributes (210ms)
			AfterProcessingInitializeOnLoad (9ms)
			EditorAssembliesLoaded (1ms)
		ExecutionOrderSort2 (0ms)
		AwakeInstancesAfterBackupRestoration (19ms)
Refreshing native plugins compatible for Editor in 4.19 ms, found 5 plugins.
Preloading 1 native plugins for Editor in 0.08 ms.
Unloading 53 Unused Serialized files (Serialized files now loaded: 0)
Unloading 9402 unused Assets / (19.2 MB). Loaded Objects now: 10192.
Memory consumption went from 202.2 MB to 183.0 MB.
Total: 18.094000 ms (FindLiveObjects: 1.178100 ms CreateObjectMapping: 1.343000 ms MarkObjects: 7.314700 ms  DeleteObjects: 8.256900 ms)

Prepare: number of updated asset objects reloaded= 0
========================================================================
Received Prepare
Begin MonoManager ReloadAssembly
[Licensing::Client] Successfully resolved entitlement details
Duplicate assembly 'System.Runtime.CompilerServices.Unsafe.dll' with different versions detected, using 'Packages/com.unity.collections/Unity.Collections.Tests/System.Runtime.CompilerServices.Unsafe/System.Runtime.CompilerServices.Unsafe.dll, AssemblyName=System.Runtime.CompilerServices.Unsafe, Version=6.0.0.0, Culture=neutral, PublicKeyToken=b03f5f7f11d50a3a' and ignoring 'Packages/com.unity.ai.assistant/Plugins/Markdig/Dependencies/System.Runtime.CompilerServices.Unsafe.dll, AssemblyName=System.Runtime.CompilerServices.Unsafe, Version=4.0.6.0, Culture=neutral, PublicKeyToken=b03f5f7f11d50a3a'.Symbol file LoadedFromMemory is not a mono symbol file
Symbol file LoadedFromMemory is not a mono symbol file
- Loaded All Assemblies, in  0.948 seconds
Refreshing native plugins compatible for Editor in 3.27 ms, found 5 plugins.
Native extension for WindowsStandalone target not found
[Package Manager] Failed to launch server process. Reason: Unity was launched with the -noUpm command-line argument
[Package Manager] Unable to send message (not connected to server process).
[Package Manager] Cannot connect to Unity Package Manager local server
[Package Manager] Failed to launch server process. Reason: Unity was launched with the -noUpm command-line argument
[Package Manager] Unable to send message (not connected to server process).
[Package Manager] Cannot connect to Unity Package Manager local server
Mono: successfully reloaded assembly
- Finished resetting the current domain, in  0.957 seconds
Domain Reload Profiling: 1907ms
	BeginReloadAssembly (229ms)
		ExecutionOrderSort (0ms)
		DisableScriptedObjects (16ms)
		BackupInstance (0ms)
		ReleaseScriptingObjects (0ms)
		CreateAndSetChildDomain (65ms)
	RebuildCommonClasses (39ms)
	RebuildNativeTypeToScriptingClass (11ms)
	initialDomainReloadingComplete (33ms)
	LoadAllAssembliesAndSetupDomain (637ms)
		LoadAssemblies (426ms)
		RebuildTransferFunctionScriptingTraits (0ms)
		AnalyzeDomain (302ms)
			TypeCache.Refresh (9ms)
				TypeCache.ScanAssembly (0ms)
			BuildScriptInfoCaches (278ms)
			ResolveRequiredComponents (10ms)
	FinalizeReload (958ms)
		ReleaseScriptCaches (0ms)
		RebuildScriptCaches (0ms)
		SetupLoadedEditorAssemblies (786ms)
			LogAssemblyErrors (0ms)
			InitializePlatformSupportModulesInManaged (2ms)
			SetLoadedEditorAssemblies (4ms)
			BeforeProcessingInitializeOnLoad (188ms)
			ProcessInitializeOnLoadAttributes (378ms)
			ProcessInitializeOnLoadMethodAttributes (206ms)
			AfterProcessingInitializeOnLoad (9ms)
			EditorAssembliesLoaded (0ms)
		ExecutionOrderSort2 (0ms)
		AwakeInstancesAfterBackupRestoration (20ms)
Refreshing native plugins compatible for Editor in 3.65 ms, found 5 plugins.
Preloading 1 native plugins for Editor in 0.06 ms.
Unloading 53 Unused Serialized files (Serialized files now loaded: 0)
Unloading 9402 unused Assets / (19.8 MB). Loaded Objects now: 10195.
Memory consumption went from 205.0 MB to 185.1 MB.
Total: 18.819400 ms (FindLiveObjects: 1.032800 ms CreateObjectMapping: 2.057300 ms MarkObjects: 7.914800 ms  DeleteObjects: 7.812800 ms)

Prepare: number of updated asset objects reloaded= 0
========================================================================
Received Prepare
Begin MonoManager ReloadAssembly
[Licensing::Client] Successfully resolved entitlement details
Duplicate assembly 'System.Runtime.CompilerServices.Unsafe.dll' with different versions detected, using 'Packages/com.unity.collections/Unity.Collections.Tests/System.Runtime.CompilerServices.Unsafe/System.Runtime.CompilerServices.Unsafe.dll, AssemblyName=System.Runtime.CompilerServices.Unsafe, Version=6.0.0.0, Culture=neutral, PublicKeyToken=b03f5f7f11d50a3a' and ignoring 'Packages/com.unity.ai.assistant/Plugins/Markdig/Dependencies/System.Runtime.CompilerServices.Unsafe.dll, AssemblyName=System.Runtime.CompilerServices.Unsafe, Version=4.0.6.0, Culture=neutral, PublicKeyToken=b03f5f7f11d50a3a'.Symbol file LoadedFromMemory is not a mono symbol file
Symbol file LoadedFromMemory is not a mono symbol file
- Loaded All Assemblies, in  0.963 seconds
Refreshing native plugins compatible for Editor in 3.15 ms, found 5 plugins.
Native extension for WindowsStandalone target not found
[Package Manager] Failed to launch server process. Reason: Unity was launched with the -noUpm command-line argument
[Package Manager] Unable to send message (not connected to server process).
[Package Manager] Cannot connect to Unity Package Manager local server
[Package Manager] Failed to launch server process. Reason: Unity was launched with the -noUpm command-line argument
[Package Manager] Unable to send message (not connected to server process).
[Package Manager] Cannot connect to Unity Package Manager local server
Mono: successfully reloaded assembly
- Finished resetting the current domain, in  0.978 seconds
Domain Reload Profiling: 1942ms
	BeginReloadAssembly (235ms)
		ExecutionOrderSort (0ms)
		DisableScriptedObjects (14ms)
		BackupInstance (0ms)
		ReleaseScriptingObjects (0ms)
		CreateAndSetChildDomain (70ms)
	RebuildCommonClasses (33ms)
	RebuildNativeTypeToScriptingClass (11ms)
	initialDomainReloadingComplete (34ms)
	LoadAllAssembliesAndSetupDomain (651ms)
		LoadAssemblies (437ms)
		RebuildTransferFunctionScriptingTraits (0ms)
		AnalyzeDomain (305ms)
			TypeCache.Refresh (8ms)
				TypeCache.ScanAssembly (0ms)
			BuildScriptInfoCaches (282ms)
			ResolveRequiredComponents (10ms)
	FinalizeReload (979ms)
		ReleaseScriptCaches (0ms)
		RebuildScriptCaches (0ms)
		SetupLoadedEditorAssemblies (795ms)
			LogAssemblyErrors (0ms)
			InitializePlatformSupportModulesInManaged (2ms)
			SetLoadedEditorAssemblies (4ms)
			BeforeProcessingInitializeOnLoad (181ms)
			ProcessInitializeOnLoadAttributes (382ms)
			ProcessInitializeOnLoadMethodAttributes (218ms)
			AfterProcessingInitializeOnLoad (8ms)
			EditorAssembliesLoaded (0ms)
		ExecutionOrderSort2 (0ms)
		AwakeInstancesAfterBackupRestoration (20ms)
Refreshing native plugins compatible for Editor in 3.83 ms, found 5 plugins.
Preloading 1 native plugins for Editor in 0.07 ms.
Unloading 53 Unused Serialized files (Serialized files now loaded: 0)
Unloading 9402 unused Assets / (18.9 MB). Loaded Objects now: 10198.
Memory consumption went from 207.7 MB to 188.8 MB.
Total: 16.881900 ms (FindLiveObjects: 1.110900 ms CreateObjectMapping: 1.850000 ms MarkObjects: 7.714000 ms  DeleteObjects: 6.205700 ms)

Prepare: number of updated asset objects reloaded= 0
========================================================================
Received Prepare
Begin MonoManager ReloadAssembly
[Licensing::Client] Successfully resolved entitlement details
Duplicate assembly 'System.Runtime.CompilerServices.Unsafe.dll' with different versions detected, using 'Packages/com.unity.collections/Unity.Collections.Tests/System.Runtime.CompilerServices.Unsafe/System.Runtime.CompilerServices.Unsafe.dll, AssemblyName=System.Runtime.CompilerServices.Unsafe, Version=6.0.0.0, Culture=neutral, PublicKeyToken=b03f5f7f11d50a3a' and ignoring 'Packages/com.unity.ai.assistant/Plugins/Markdig/Dependencies/System.Runtime.CompilerServices.Unsafe.dll, AssemblyName=System.Runtime.CompilerServices.Unsafe, Version=4.0.6.0, Culture=neutral, PublicKeyToken=b03f5f7f11d50a3a'.Symbol file LoadedFromMemory is not a mono symbol file
Symbol file LoadedFromMemory is not a mono symbol file
- Loaded All Assemblies, in  0.968 seconds
Refreshing native plugins compatible for Editor in 2.87 ms, found 5 plugins.
Native extension for WindowsStandalone target not found
[Package Manager] Failed to launch server process. Reason: Unity was launched with the -noUpm command-line argument
[Package Manager] Unable to send message (not connected to server process).
[Package Manager] Cannot connect to Unity Package Manager local server
[Package Manager] Failed to launch server process. Reason: Unity was launched with the -noUpm command-line argument
[Package Manager] Unable to send message (not connected to server process).
[Package Manager] Cannot connect to Unity Package Manager local server
Mono: successfully reloaded assembly
- Finished resetting the current domain, in  0.946 seconds
Domain Reload Profiling: 1916ms
	BeginReloadAssembly (238ms)
		ExecutionOrderSort (0ms)
		DisableScriptedObjects (17ms)
		BackupInstance (0ms)
		ReleaseScriptingObjects (0ms)
		CreateAndSetChildDomain (72ms)
	RebuildCommonClasses (31ms)
	RebuildNativeTypeToScriptingClass (11ms)
	initialDomainReloadingComplete (32ms)
	LoadAllAssembliesAndSetupDomain (657ms)
		LoadAssemblies (438ms)
		RebuildTransferFunctionScriptingTraits (0ms)
		AnalyzeDomain (310ms)
			TypeCache.Refresh (7ms)
				TypeCache.ScanAssembly (0ms)
			BuildScriptInfoCaches (288ms)
			ResolveRequiredComponents (9ms)
	FinalizeReload (947ms)
		ReleaseScriptCaches (0ms)
		RebuildScriptCaches (0ms)
		SetupLoadedEditorAssemblies (771ms)
			LogAssemblyErrors (0ms)
			InitializePlatformSupportModulesInManaged (2ms)
			SetLoadedEditorAssemblies (4ms)
			BeforeProcessingInitializeOnLoad (184ms)
			ProcessInitializeOnLoadAttributes (362ms)
			ProcessInitializeOnLoadMethodAttributes (209ms)
			AfterProcessingInitializeOnLoad (9ms)
			EditorAssembliesLoaded (1ms)
		ExecutionOrderSort2 (0ms)
		AwakeInstancesAfterBackupRestoration (19ms)
Refreshing native plugins compatible for Editor in 3.71 ms, found 5 plugins.
Preloading 1 native plugins for Editor in 0.06 ms.
Unloading 53 Unused Serialized files (Serialized files now loaded: 0)
Unloading 9402 unused Assets / (20.4 MB). Loaded Objects now: 10201.
Memory consumption went from 210.4 MB to 190.0 MB.
Total: 19.589200 ms (FindLiveObjects: 0.976800 ms CreateObjectMapping: 1.354700 ms MarkObjects: 8.176800 ms  DeleteObjects: 9.079200 ms)

Prepare: number of updated asset objects reloaded= 0
========================================================================
Received Prepare
Begin MonoManager ReloadAssembly
[Licensing::Client] Successfully resolved entitlement details
Duplicate assembly 'System.Runtime.CompilerServices.Unsafe.dll' with different versions detected, using 'Packages/com.unity.collections/Unity.Collections.Tests/System.Runtime.CompilerServices.Unsafe/System.Runtime.CompilerServices.Unsafe.dll, AssemblyName=System.Runtime.CompilerServices.Unsafe, Version=6.0.0.0, Culture=neutral, PublicKeyToken=b03f5f7f11d50a3a' and ignoring 'Packages/com.unity.ai.assistant/Plugins/Markdig/Dependencies/System.Runtime.CompilerServices.Unsafe.dll, AssemblyName=System.Runtime.CompilerServices.Unsafe, Version=4.0.6.0, Culture=neutral, PublicKeyToken=b03f5f7f11d50a3a'.Symbol file LoadedFromMemory is not a mono symbol file
Symbol file LoadedFromMemory is not a mono symbol file
- Loaded All Assemblies, in  0.990 seconds
Refreshing native plugins compatible for Editor in 3.89 ms, found 5 plugins.
Native extension for WindowsStandalone target not found
[Package Manager] Failed to launch server process. Reason: Unity was launched with the -noUpm command-line argument
[Package Manager] Unable to send message (not connected to server process).
[Package Manager] Cannot connect to Unity Package Manager local server
[Package Manager] Failed to launch server process. Reason: Unity was launched with the -noUpm command-line argument
[Package Manager] Unable to send message (not connected to server process).
[Package Manager] Cannot connect to Unity Package Manager local server
Mono: successfully reloaded assembly
- Finished resetting the current domain, in  0.989 seconds
Domain Reload Profiling: 1982ms
	BeginReloadAssembly (246ms)
		ExecutionOrderSort (0ms)
		DisableScriptedObjects (16ms)
		BackupInstance (0ms)
		ReleaseScriptingObjects (0ms)
		CreateAndSetChildDomain (72ms)
	RebuildCommonClasses (33ms)
	RebuildNativeTypeToScriptingClass (11ms)
	initialDomainReloadingComplete (33ms)
	LoadAllAssembliesAndSetupDomain (669ms)
		LoadAssemblies (446ms)
		RebuildTransferFunctionScriptingTraits (0ms)
		AnalyzeDomain (320ms)
			TypeCache.Refresh (8ms)
				TypeCache.ScanAssembly (0ms)
			BuildScriptInfoCaches (293ms)
			ResolveRequiredComponents (12ms)
	FinalizeReload (989ms)
		ReleaseScriptCaches (0ms)
		RebuildScriptCaches (0ms)
		SetupLoadedEditorAssemblies (812ms)
			LogAssemblyErrors (0ms)
			InitializePlatformSupportModulesInManaged (2ms)
			SetLoadedEditorAssemblies (5ms)
			BeforeProcessingInitializeOnLoad (190ms)
			ProcessInitializeOnLoadAttributes (390ms)
			ProcessInitializeOnLoadMethodAttributes (216ms)
			AfterProcessingInitializeOnLoad (9ms)
			EditorAssembliesLoaded (0ms)
		ExecutionOrderSort2 (0ms)
		AwakeInstancesAfterBackupRestoration (20ms)
Refreshing native plugins compatible for Editor in 3.71 ms, found 5 plugins.
Preloading 1 native plugins for Editor in 0.06 ms.
Unloading 53 Unused Serialized files (Serialized files now loaded: 0)
Unloading 9402 unused Assets / (19.3 MB). Loaded Objects now: 10204.
Memory consumption went from 213.1 MB to 193.9 MB.
Total: 20.396800 ms (FindLiveObjects: 1.662900 ms CreateObjectMapping: 1.524900 ms MarkObjects: 8.670600 ms  DeleteObjects: 8.536200 ms)

Prepare: number of updated asset objects reloaded= 0
========================================================================
Received Prepare
Begin MonoManager ReloadAssembly
[Licensing::Client] Successfully resolved entitlement details
Duplicate assembly 'System.Runtime.CompilerServices.Unsafe.dll' with different versions detected, using 'Packages/com.unity.collections/Unity.Collections.Tests/System.Runtime.CompilerServices.Unsafe/System.Runtime.CompilerServices.Unsafe.dll, AssemblyName=System.Runtime.CompilerServices.Unsafe, Version=6.0.0.0, Culture=neutral, PublicKeyToken=b03f5f7f11d50a3a' and ignoring 'Packages/com.unity.ai.assistant/Plugins/Markdig/Dependencies/System.Runtime.CompilerServices.Unsafe.dll, AssemblyName=System.Runtime.CompilerServices.Unsafe, Version=4.0.6.0, Culture=neutral, PublicKeyToken=b03f5f7f11d50a3a'.Symbol file LoadedFromMemory is not a mono symbol file
Symbol file LoadedFromMemory is not a mono symbol file
- Loaded All Assemblies, in  1.327 seconds
Refreshing native plugins compatible for Editor in 3.39 ms, found 5 plugins.
Native extension for WindowsStandalone target not found
[Package Manager] Failed to launch server process. Reason: Unity was launched with the -noUpm command-line argument
[Package Manager] Unable to send message (not connected to server process).
[Package Manager] Cannot connect to Unity Package Manager local server
[Package Manager] Failed to launch server process. Reason: Unity was launched with the -noUpm command-line argument
[Package Manager] Unable to send message (not connected to server process).
[Package Manager] Cannot connect to Unity Package Manager local server
Mono: successfully reloaded assembly
- Finished resetting the current domain, in  1.056 seconds
Domain Reload Profiling: 2382ms
	BeginReloadAssembly (324ms)
		ExecutionOrderSort (0ms)
		DisableScriptedObjects (24ms)
		BackupInstance (0ms)
		ReleaseScriptingObjects (0ms)
		CreateAndSetChildDomain (92ms)
	RebuildCommonClasses (56ms)
	RebuildNativeTypeToScriptingClass (18ms)
	initialDomainReloadingComplete (44ms)
	LoadAllAssembliesAndSetupDomain (883ms)
		LoadAssemblies (580ms)
		RebuildTransferFunctionScriptingTraits (0ms)
		AnalyzeDomain (434ms)
			TypeCache.Refresh (10ms)
				TypeCache.ScanAssembly (0ms)
			BuildScriptInfoCaches (401ms)
			ResolveRequiredComponents (16ms)
	FinalizeReload (1056ms)
		ReleaseScriptCaches (0ms)
		RebuildScriptCaches (0ms)
		SetupLoadedEditorAssemblies (850ms)
			LogAssemblyErrors (0ms)
			InitializePlatformSupportModulesInManaged (2ms)
			SetLoadedEditorAssemblies (5ms)
			BeforeProcessingInitializeOnLoad (210ms)
			ProcessInitializeOnLoadAttributes (423ms)
			ProcessInitializeOnLoadMethodAttributes (201ms)
			AfterProcessingInitializeOnLoad (7ms)
			EditorAssembliesLoaded (0ms)
		ExecutionOrderSort2 (0ms)
		AwakeInstancesAfterBackupRestoration (18ms)
Refreshing native plugins compatible for Editor in 3.95 ms, found 5 plugins.
Preloading 1 native plugins for Editor in 0.07 ms.
Unloading 53 Unused Serialized files (Serialized files now loaded: 0)
Unloading 9402 unused Assets / (18.7 MB). Loaded Objects now: 10207.
Memory consumption went from 217.8 MB to 199.1 MB.
Total: 19.010600 ms (FindLiveObjects: 1.164100 ms CreateObjectMapping: 1.445700 ms MarkObjects: 8.499700 ms  DeleteObjects: 7.899600 ms)

Prepare: number of updated asset objects reloaded= 0
========================================================================
Received Prepare
Begin MonoManager ReloadAssembly
[Licensing::Client] Successfully resolved entitlement details
Duplicate assembly 'System.Runtime.CompilerServices.Unsafe.dll' with different versions detected, using 'Packages/com.unity.collections/Unity.Collections.Tests/System.Runtime.CompilerServices.Unsafe/System.Runtime.CompilerServices.Unsafe.dll, AssemblyName=System.Runtime.CompilerServices.Unsafe, Version=6.0.0.0, Culture=neutral, PublicKeyToken=b03f5f7f11d50a3a' and ignoring 'Packages/com.unity.ai.assistant/Plugins/Markdig/Dependencies/System.Runtime.CompilerServices.Unsafe.dll, AssemblyName=System.Runtime.CompilerServices.Unsafe, Version=4.0.6.0, Culture=neutral, PublicKeyToken=b03f5f7f11d50a3a'.Symbol file LoadedFromMemory is not a mono symbol file
Symbol file LoadedFromMemory is not a mono symbol file
- Loaded All Assemblies, in  0.980 seconds
Refreshing native plugins compatible for Editor in 2.95 ms, found 5 plugins.
Native extension for WindowsStandalone target not found
[Package Manager] Failed to launch server process. Reason: Unity was launched with the -noUpm command-line argument
[Package Manager] Unable to send message (not connected to server process).
[Package Manager] Cannot connect to Unity Package Manager local server
[Package Manager] Failed to launch server process. Reason: Unity was launched with the -noUpm command-line argument
[Package Manager] Unable to send message (not connected to server process).
[Package Manager] Cannot connect to Unity Package Manager local server
Mono: successfully reloaded assembly
- Finished resetting the current domain, in  0.985 seconds
Domain Reload Profiling: 1967ms
	BeginReloadAssembly (234ms)
		ExecutionOrderSort (0ms)
		DisableScriptedObjects (17ms)
		BackupInstance (0ms)
		ReleaseScriptingObjects (0ms)
		CreateAndSetChildDomain (69ms)
	RebuildCommonClasses (33ms)
	RebuildNativeTypeToScriptingClass (13ms)
	initialDomainReloadingComplete (33ms)
	LoadAllAssembliesAndSetupDomain (668ms)
		LoadAssemblies (445ms)
		RebuildTransferFunctionScriptingTraits (0ms)
		AnalyzeDomain (311ms)
			TypeCache.Refresh (8ms)
				TypeCache.ScanAssembly (0ms)
			BuildScriptInfoCaches (288ms)
			ResolveRequiredComponents (10ms)
	FinalizeReload (985ms)
		ReleaseScriptCaches (0ms)
		RebuildScriptCaches (0ms)
		SetupLoadedEditorAssemblies (807ms)
			LogAssemblyErrors (0ms)
			InitializePlatformSupportModulesInManaged (2ms)
			SetLoadedEditorAssemblies (4ms)
			BeforeProcessingInitializeOnLoad (182ms)
			ProcessInitializeOnLoadAttributes (387ms)
			ProcessInitializeOnLoadMethodAttributes (224ms)
			AfterProcessingInitializeOnLoad (8ms)
			EditorAssembliesLoaded (0ms)
		ExecutionOrderSort2 (0ms)
		AwakeInstancesAfterBackupRestoration (21ms)
Refreshing native plugins compatible for Editor in 4.10 ms, found 5 plugins.
Preloading 1 native plugins for Editor in 0.05 ms.
Unloading 53 Unused Serialized files (Serialized files now loaded: 0)
Unloading 9402 unused Assets / (19.5 MB). Loaded Objects now: 10210.
Memory consumption went from 220.5 MB to 201.0 MB.
Total: 20.060900 ms (FindLiveObjects: 1.349300 ms CreateObjectMapping: 1.600400 ms MarkObjects: 8.414700 ms  DeleteObjects: 8.695100 ms)

Prepare: number of updated asset objects reloaded= 0
========================================================================
Received Prepare
Begin MonoManager ReloadAssembly
[Licensing::Client] Successfully resolved entitlement details
Duplicate assembly 'System.Runtime.CompilerServices.Unsafe.dll' with different versions detected, using 'Packages/com.unity.collections/Unity.Collections.Tests/System.Runtime.CompilerServices.Unsafe/System.Runtime.CompilerServices.Unsafe.dll, AssemblyName=System.Runtime.CompilerServices.Unsafe, Version=6.0.0.0, Culture=neutral, PublicKeyToken=b03f5f7f11d50a3a' and ignoring 'Packages/com.unity.ai.assistant/Plugins/Markdig/Dependencies/System.Runtime.CompilerServices.Unsafe.dll, AssemblyName=System.Runtime.CompilerServices.Unsafe, Version=4.0.6.0, Culture=neutral, PublicKeyToken=b03f5f7f11d50a3a'.Symbol file LoadedFromMemory is not a mono symbol file
Symbol file LoadedFromMemory is not a mono symbol file
- Loaded All Assemblies, in  1.065 seconds
Refreshing native plugins compatible for Editor in 3.57 ms, found 5 plugins.
Native extension for WindowsStandalone target not found
[Package Manager] Failed to launch server process. Reason: Unity was launched with the -noUpm command-line argument
[Package Manager] Unable to send message (not connected to server process).
[Package Manager] Cannot connect to Unity Package Manager local server
[Package Manager] Failed to launch server process. Reason: Unity was launched with the -noUpm command-line argument
[Package Manager] Unable to send message (not connected to server process).
[Package Manager] Cannot connect to Unity Package Manager local server
Mono: successfully reloaded assembly
- Finished resetting the current domain, in  0.945 seconds
Domain Reload Profiling: 2010ms
	BeginReloadAssembly (242ms)
		ExecutionOrderSort (0ms)
		DisableScriptedObjects (15ms)
		BackupInstance (0ms)
		ReleaseScriptingObjects (0ms)
		CreateAndSetChildDomain (68ms)
	RebuildCommonClasses (48ms)
	RebuildNativeTypeToScriptingClass (12ms)
	initialDomainReloadingComplete (51ms)
	LoadAllAssembliesAndSetupDomain (711ms)
		LoadAssemblies (478ms)
		RebuildTransferFunctionScriptingTraits (0ms)
		AnalyzeDomain (336ms)
			TypeCache.Refresh (8ms)
				TypeCache.ScanAssembly (0ms)
			BuildScriptInfoCaches (313ms)
			ResolveRequiredComponents (10ms)
	FinalizeReload (946ms)
		ReleaseScriptCaches (0ms)
		RebuildScriptCaches (0ms)
		SetupLoadedEditorAssemblies (775ms)
			LogAssemblyErrors (0ms)
			InitializePlatformSupportModulesInManaged (2ms)
			SetLoadedEditorAssemblies (4ms)
			BeforeProcessingInitializeOnLoad (177ms)
			ProcessInitializeOnLoadAttributes (383ms)
			ProcessInitializeOnLoadMethodAttributes (203ms)
			AfterProcessingInitializeOnLoad (7ms)
			EditorAssembliesLoaded (0ms)
		ExecutionOrderSort2 (0ms)
		AwakeInstancesAfterBackupRestoration (18ms)
Refreshing native plugins compatible for Editor in 3.78 ms, found 5 plugins.
Preloading 1 native plugins for Editor in 0.06 ms.
Unloading 53 Unused Serialized files (Serialized files now loaded: 0)
Unloading 9402 unused Assets / (18.7 MB). Loaded Objects now: 10213.
Memory consumption went from 223.3 MB to 204.6 MB.
Total: 17.987000 ms (FindLiveObjects: 1.397800 ms CreateObjectMapping: 1.834000 ms MarkObjects: 7.645500 ms  DeleteObjects: 7.108500 ms)

Prepare: number of updated asset objects reloaded= 0
========================================================================
Received Prepare
Begin MonoManager ReloadAssembly
[Licensing::Client] Successfully resolved entitlement details
Duplicate assembly 'System.Runtime.CompilerServices.Unsafe.dll' with different versions detected, using 'Packages/com.unity.collections/Unity.Collections.Tests/System.Runtime.CompilerServices.Unsafe/System.Runtime.CompilerServices.Unsafe.dll, AssemblyName=System.Runtime.CompilerServices.Unsafe, Version=6.0.0.0, Culture=neutral, PublicKeyToken=b03f5f7f11d50a3a' and ignoring 'Packages/com.unity.ai.assistant/Plugins/Markdig/Dependencies/System.Runtime.CompilerServices.Unsafe.dll, AssemblyName=System.Runtime.CompilerServices.Unsafe, Version=4.0.6.0, Culture=neutral, PublicKeyToken=b03f5f7f11d50a3a'.Symbol file LoadedFromMemory is not a mono symbol file
Symbol file LoadedFromMemory is not a mono symbol file
- Loaded All Assemblies, in  0.976 seconds
Refreshing native plugins compatible for Editor in 3.53 ms, found 5 plugins.
Native extension for WindowsStandalone target not found
[Package Manager] Failed to launch server process. Reason: Unity was launched with the -noUpm command-line argument
[Package Manager] Unable to send message (not connected to server process).
[Package Manager] Cannot connect to Unity Package Manager local server
[Package Manager] Failed to launch server process. Reason: Unity was launched with the -noUpm command-line argument
[Package Manager] Unable to send message (not connected to server process).
[Package Manager] Cannot connect to Unity Package Manager local server
Mono: successfully reloaded assembly
- Finished resetting the current domain, in  0.930 seconds
Domain Reload Profiling: 1909ms
	BeginReloadAssembly (237ms)
		ExecutionOrderSort (0ms)
		DisableScriptedObjects (15ms)
		BackupInstance (0ms)
		ReleaseScriptingObjects (0ms)
		CreateAndSetChildDomain (66ms)
	RebuildCommonClasses (32ms)
	RebuildNativeTypeToScriptingClass (11ms)
	initialDomainReloadingComplete (34ms)
	LoadAllAssembliesAndSetupDomain (664ms)
		LoadAssemblies (448ms)
		RebuildTransferFunctionScriptingTraits (0ms)
		AnalyzeDomain (309ms)
			TypeCache.Refresh (8ms)
				TypeCache.ScanAssembly (0ms)
			BuildScriptInfoCaches (285ms)
			ResolveRequiredComponents (11ms)
	FinalizeReload (930ms)
		ReleaseScriptCaches (0ms)
		RebuildScriptCaches (0ms)
		SetupLoadedEditorAssemblies (749ms)
			LogAssemblyErrors (0ms)
			InitializePlatformSupportModulesInManaged (2ms)
			SetLoadedEditorAssemblies (4ms)
			BeforeProcessingInitializeOnLoad (179ms)
			ProcessInitializeOnLoadAttributes (362ms)
			ProcessInitializeOnLoadMethodAttributes (194ms)
			AfterProcessingInitializeOnLoad (8ms)
			EditorAssembliesLoaded (0ms)
		ExecutionOrderSort2 (0ms)
		AwakeInstancesAfterBackupRestoration (26ms)
Refreshing native plugins compatible for Editor in 3.90 ms, found 5 plugins.
Preloading 1 native plugins for Editor in 0.05 ms.
Unloading 53 Unused Serialized files (Serialized files now loaded: 0)
Unloading 9402 unused Assets / (18.8 MB). Loaded Objects now: 10216.
Memory consumption went from 226.0 MB to 207.2 MB.
Total: 16.771700 ms (FindLiveObjects: 0.976800 ms CreateObjectMapping: 1.221900 ms MarkObjects: 7.480000 ms  DeleteObjects: 7.091800 ms)

Prepare: number of updated asset objects reloaded= 0
========================================================================
Received Prepare
Begin MonoManager ReloadAssembly
[Licensing::Client] Successfully resolved entitlement details
Duplicate assembly 'System.Runtime.CompilerServices.Unsafe.dll' with different versions detected, using 'Packages/com.unity.collections/Unity.Collections.Tests/System.Runtime.CompilerServices.Unsafe/System.Runtime.CompilerServices.Unsafe.dll, AssemblyName=System.Runtime.CompilerServices.Unsafe, Version=6.0.0.0, Culture=neutral, PublicKeyToken=b03f5f7f11d50a3a' and ignoring 'Packages/com.unity.ai.assistant/Plugins/Markdig/Dependencies/System.Runtime.CompilerServices.Unsafe.dll, AssemblyName=System.Runtime.CompilerServices.Unsafe, Version=4.0.6.0, Culture=neutral, PublicKeyToken=b03f5f7f11d50a3a'.Symbol file LoadedFromMemory is not a mono symbol file
Symbol file LoadedFromMemory is not a mono symbol file
- Loaded All Assemblies, in  0.956 seconds
Refreshing native plugins compatible for Editor in 3.47 ms, found 5 plugins.
Native extension for WindowsStandalone target not found
[Package Manager] Failed to launch server process. Reason: Unity was launched with the -noUpm command-line argument
[Package Manager] Unable to send message (not connected to server process).
[Package Manager] Cannot connect to Unity Package Manager local server
[Package Manager] Failed to launch server process. Reason: Unity was launched with the -noUpm command-line argument
[Package Manager] Unable to send message (not connected to server process).
[Package Manager] Cannot connect to Unity Package Manager local server
Mono: successfully reloaded assembly
- Finished resetting the current domain, in  0.963 seconds
Domain Reload Profiling: 1921ms
	BeginReloadAssembly (222ms)
		ExecutionOrderSort (0ms)
		DisableScriptedObjects (14ms)
		BackupInstance (0ms)
		ReleaseScriptingObjects (0ms)
		CreateAndSetChildDomain (64ms)
	RebuildCommonClasses (33ms)
	RebuildNativeTypeToScriptingClass (12ms)
	initialDomainReloadingComplete (32ms)
	LoadAllAssembliesAndSetupDomain (659ms)
		LoadAssemblies (435ms)
		RebuildTransferFunctionScriptingTraits (0ms)
		AnalyzeDomain (312ms)
			TypeCache.Refresh (8ms)
				TypeCache.ScanAssembly (0ms)
			BuildScriptInfoCaches (288ms)
			ResolveRequiredComponents (11ms)
	FinalizeReload (963ms)
		ReleaseScriptCaches (0ms)
		RebuildScriptCaches (0ms)
		SetupLoadedEditorAssemblies (780ms)
			LogAssemblyErrors (0ms)
			InitializePlatformSupportModulesInManaged (2ms)
			SetLoadedEditorAssemblies (3ms)
			BeforeProcessingInitializeOnLoad (190ms)
			ProcessInitializeOnLoadAttributes (371ms)
			ProcessInitializeOnLoadMethodAttributes (205ms)
			AfterProcessingInitializeOnLoad (8ms)
			EditorAssembliesLoaded (1ms)
		ExecutionOrderSort2 (0ms)
		AwakeInstancesAfterBackupRestoration (24ms)
Refreshing native plugins compatible for Editor in 4.21 ms, found 5 plugins.
Preloading 1 native plugins for Editor in 0.07 ms.
Unloading 53 Unused Serialized files (Serialized files now loaded: 0)
Unloading 9402 unused Assets / (19.9 MB). Loaded Objects now: 10219.
Memory consumption went from 228.7 MB to 208.8 MB.
Total: 19.796400 ms (FindLiveObjects: 1.110200 ms CreateObjectMapping: 1.634500 ms MarkObjects: 8.453900 ms  DeleteObjects: 8.596400 ms)

Prepare: number of updated asset objects reloaded= 0
========================================================================
Received Prepare
Begin MonoManager ReloadAssembly
[Licensing::Client] Successfully resolved entitlement details
Duplicate assembly 'System.Runtime.CompilerServices.Unsafe.dll' with different versions detected, using 'Packages/com.unity.collections/Unity.Collections.Tests/System.Runtime.CompilerServices.Unsafe/System.Runtime.CompilerServices.Unsafe.dll, AssemblyName=System.Runtime.CompilerServices.Unsafe, Version=6.0.0.0, Culture=neutral, PublicKeyToken=b03f5f7f11d50a3a' and ignoring 'Packages/com.unity.ai.assistant/Plugins/Markdig/Dependencies/System.Runtime.CompilerServices.Unsafe.dll, AssemblyName=System.Runtime.CompilerServices.Unsafe, Version=4.0.6.0, Culture=neutral, PublicKeyToken=b03f5f7f11d50a3a'.Symbol file LoadedFromMemory is not a mono symbol file
Symbol file LoadedFromMemory is not a mono symbol file
- Loaded All Assemblies, in  0.954 seconds
Refreshing native plugins compatible for Editor in 3.19 ms, found 5 plugins.
Native extension for WindowsStandalone target not found
[Package Manager] Failed to launch server process. Reason: Unity was launched with the -noUpm command-line argument
[Package Manager] Unable to send message (not connected to server process).
[Package Manager] Cannot connect to Unity Package Manager local server
[Package Manager] Failed to launch server process. Reason: Unity was launched with the -noUpm command-line argument
[Package Manager] Unable to send message (not connected to server process).
[Package Manager] Cannot connect to Unity Package Manager local server
Mono: successfully reloaded assembly
- Finished resetting the current domain, in  0.974 seconds
Domain Reload Profiling: 1929ms
	BeginReloadAssembly (230ms)
		ExecutionOrderSort (0ms)
		DisableScriptedObjects (15ms)
		BackupInstance (0ms)
		ReleaseScriptingObjects (0ms)
		CreateAndSetChildDomain (63ms)
	RebuildCommonClasses (33ms)
	RebuildNativeTypeToScriptingClass (12ms)
	initialDomainReloadingComplete (34ms)
	LoadAllAssembliesAndSetupDomain (646ms)
		LoadAssemblies (435ms)
		RebuildTransferFunctionScriptingTraits (0ms)
		AnalyzeDomain (303ms)
			TypeCache.Refresh (8ms)
				TypeCache.ScanAssembly (0ms)
			BuildScriptInfoCaches (281ms)
			ResolveRequiredComponents (10ms)
	FinalizeReload (974ms)
		ReleaseScriptCaches (0ms)
		RebuildScriptCaches (0ms)
		SetupLoadedEditorAssemblies (782ms)
			LogAssemblyErrors (0ms)
			InitializePlatformSupportModulesInManaged (2ms)
			SetLoadedEditorAssemblies (4ms)
			BeforeProcessingInitializeOnLoad (184ms)
			ProcessInitializeOnLoadAttributes (375ms)
			ProcessInitializeOnLoadMethodAttributes (209ms)
			AfterProcessingInitializeOnLoad (8ms)
			EditorAssembliesLoaded (0ms)
		ExecutionOrderSort2 (0ms)
		AwakeInstancesAfterBackupRestoration (28ms)
Refreshing native plugins compatible for Editor in 3.74 ms, found 5 plugins.
Preloading 1 native plugins for Editor in 0.13 ms.
Unloading 53 Unused Serialized files (Serialized files now loaded: 0)
Unloading 9402 unused Assets / (19.6 MB). Loaded Objects now: 10222.
Memory consumption went from 231.4 MB to 211.9 MB.
Total: 21.896300 ms (FindLiveObjects: 1.375100 ms CreateObjectMapping: 1.819200 ms MarkObjects: 10.138700 ms  DeleteObjects: 8.561300 ms)

Prepare: number of updated asset objects reloaded= 0
========================================================================
Received Prepare
Begin MonoManager ReloadAssembly
[Licensing::Client] Successfully resolved entitlement details
Duplicate assembly 'System.Runtime.CompilerServices.Unsafe.dll' with different versions detected, using 'Packages/com.unity.collections/Unity.Collections.Tests/System.Runtime.CompilerServices.Unsafe/System.Runtime.CompilerServices.Unsafe.dll, AssemblyName=System.Runtime.CompilerServices.Unsafe, Version=6.0.0.0, Culture=neutral, PublicKeyToken=b03f5f7f11d50a3a' and ignoring 'Packages/com.unity.ai.assistant/Plugins/Markdig/Dependencies/System.Runtime.CompilerServices.Unsafe.dll, AssemblyName=System.Runtime.CompilerServices.Unsafe, Version=4.0.6.0, Culture=neutral, PublicKeyToken=b03f5f7f11d50a3a'.Symbol file LoadedFromMemory is not a mono symbol file
Symbol file LoadedFromMemory is not a mono symbol file
- Loaded All Assemblies, in  1.444 seconds
Refreshing native plugins compatible for Editor in 4.19 ms, found 5 plugins.
Native extension for WindowsStandalone target not found
[Package Manager] Failed to launch server process. Reason: Unity was launched with the -noUpm command-line argument
[Package Manager] Unable to send message (not connected to server process).
[Package Manager] Cannot connect to Unity Package Manager local server
[Package Manager] Failed to launch server process. Reason: Unity was launched with the -noUpm command-line argument
[Package Manager] Unable to send message (not connected to server process).
[Package Manager] Cannot connect to Unity Package Manager local server
Mono: successfully reloaded assembly
- Finished resetting the current domain, in  1.112 seconds
Domain Reload Profiling: 2559ms
	BeginReloadAssembly (510ms)
		ExecutionOrderSort (0ms)
		DisableScriptedObjects (73ms)
		BackupInstance (0ms)
		ReleaseScriptingObjects (1ms)
		CreateAndSetChildDomain (201ms)
	RebuildCommonClasses (36ms)
	RebuildNativeTypeToScriptingClass (12ms)
	initialDomainReloadingComplete (38ms)
	LoadAllAssembliesAndSetupDomain (851ms)
		LoadAssemblies (627ms)
		RebuildTransferFunctionScriptingTraits (0ms)
		AnalyzeDomain (348ms)
			TypeCache.Refresh (10ms)
				TypeCache.ScanAssembly (0ms)
			BuildScriptInfoCaches (320ms)
			ResolveRequiredComponents (11ms)
	FinalizeReload (1112ms)
		ReleaseScriptCaches (0ms)
		RebuildScriptCaches (0ms)
		SetupLoadedEditorAssemblies (893ms)
			LogAssemblyErrors (0ms)
			InitializePlatformSupportModulesInManaged (2ms)
			SetLoadedEditorAssemblies (5ms)
			BeforeProcessingInitializeOnLoad (217ms)
			ProcessInitializeOnLoadAttributes (434ms)
			ProcessInitializeOnLoadMethodAttributes (226ms)
			AfterProcessingInitializeOnLoad (9ms)
			EditorAssembliesLoaded (1ms)
		ExecutionOrderSort2 (0ms)
		AwakeInstancesAfterBackupRestoration (26ms)
Refreshing native plugins compatible for Editor in 3.83 ms, found 5 plugins.
Preloading 1 native plugins for Editor in 0.08 ms.
Unloading 53 Unused Serialized files (Serialized files now loaded: 0)
Unloading 9402 unused Assets / (18.7 MB). Loaded Objects now: 10225.
Memory consumption went from 234.2 MB to 215.4 MB.
Total: 19.596800 ms (FindLiveObjects: 1.274500 ms CreateObjectMapping: 1.832400 ms MarkObjects: 8.812700 ms  DeleteObjects: 7.675600 ms)

Prepare: number of updated asset objects reloaded= 0
========================================================================
Received Prepare
Begin MonoManager ReloadAssembly
[Licensing::Client] Successfully resolved entitlement details
Duplicate assembly 'System.Runtime.CompilerServices.Unsafe.dll' with different versions detected, using 'Packages/com.unity.collections/Unity.Collections.Tests/System.Runtime.CompilerServices.Unsafe/System.Runtime.CompilerServices.Unsafe.dll, AssemblyName=System.Runtime.CompilerServices.Unsafe, Version=6.0.0.0, Culture=neutral, PublicKeyToken=b03f5f7f11d50a3a' and ignoring 'Packages/com.unity.ai.assistant/Plugins/Markdig/Dependencies/System.Runtime.CompilerServices.Unsafe.dll, AssemblyName=System.Runtime.CompilerServices.Unsafe, Version=4.0.6.0, Culture=neutral, PublicKeyToken=b03f5f7f11d50a3a'.Symbol file LoadedFromMemory is not a mono symbol file
Symbol file LoadedFromMemory is not a mono symbol file
- Loaded All Assemblies, in  0.988 seconds
Refreshing native plugins compatible for Editor in 3.57 ms, found 5 plugins.
Native extension for WindowsStandalone target not found
[Package Manager] Failed to launch server process. Reason: Unity was launched with the -noUpm command-line argument
[Package Manager] Unable to send message (not connected to server process).
[Package Manager] Cannot connect to Unity Package Manager local server
[Package Manager] Failed to launch server process. Reason: Unity was launched with the -noUpm command-line argument
[Package Manager] Unable to send message (not connected to server process).
[Package Manager] Cannot connect to Unity Package Manager local server
Mono: successfully reloaded assembly
- Finished resetting the current domain, in  0.996 seconds
Domain Reload Profiling: 1987ms
	BeginReloadAssembly (237ms)
		ExecutionOrderSort (0ms)
		DisableScriptedObjects (15ms)
		BackupInstance (0ms)
		ReleaseScriptingObjects (0ms)
		CreateAndSetChildDomain (68ms)
	RebuildCommonClasses (35ms)
	RebuildNativeTypeToScriptingClass (12ms)
	initialDomainReloadingComplete (34ms)
	LoadAllAssembliesAndSetupDomain (673ms)
		LoadAssemblies (454ms)
		RebuildTransferFunctionScriptingTraits (0ms)
		AnalyzeDomain (312ms)
			TypeCache.Refresh (8ms)
				TypeCache.ScanAssembly (0ms)
			BuildScriptInfoCaches (289ms)
			ResolveRequiredComponents (10ms)
	FinalizeReload (996ms)
		ReleaseScriptCaches (0ms)
		RebuildScriptCaches (0ms)
		SetupLoadedEditorAssemblies (805ms)
			LogAssemblyErrors (0ms)
			InitializePlatformSupportModulesInManaged (2ms)
			SetLoadedEditorAssemblies (3ms)
			BeforeProcessingInitializeOnLoad (189ms)
			ProcessInitializeOnLoadAttributes (397ms)
			ProcessInitializeOnLoadMethodAttributes (203ms)
			AfterProcessingInitializeOnLoad (10ms)
			EditorAssembliesLoaded (1ms)
		ExecutionOrderSort2 (0ms)
		AwakeInstancesAfterBackupRestoration (25ms)
Refreshing native plugins compatible for Editor in 4.58 ms, found 5 plugins.
Preloading 1 native plugins for Editor in 0.07 ms.
Unloading 53 Unused Serialized files (Serialized files now loaded: 0)
Unloading 9402 unused Assets / (18.8 MB). Loaded Objects now: 10228.
Memory consumption went from 236.9 MB to 218.1 MB.
Total: 17.017200 ms (FindLiveObjects: 1.002800 ms CreateObjectMapping: 1.135900 ms MarkObjects: 8.142000 ms  DeleteObjects: 6.734800 ms)

Prepare: number of updated asset objects reloaded= 0
========================================================================
Received Prepare
Begin MonoManager ReloadAssembly
[Licensing::Client] Successfully resolved entitlement details
Duplicate assembly 'System.Runtime.CompilerServices.Unsafe.dll' with different versions detected, using 'Packages/com.unity.collections/Unity.Collections.Tests/System.Runtime.CompilerServices.Unsafe/System.Runtime.CompilerServices.Unsafe.dll, AssemblyName=System.Runtime.CompilerServices.Unsafe, Version=6.0.0.0, Culture=neutral, PublicKeyToken=b03f5f7f11d50a3a' and ignoring 'Packages/com.unity.ai.assistant/Plugins/Markdig/Dependencies/System.Runtime.CompilerServices.Unsafe.dll, AssemblyName=System.Runtime.CompilerServices.Unsafe, Version=4.0.6.0, Culture=neutral, PublicKeyToken=b03f5f7f11d50a3a'.Symbol file LoadedFromMemory is not a mono symbol file
Symbol file LoadedFromMemory is not a mono symbol file
- Loaded All Assemblies, in  1.017 seconds
Refreshing native plugins compatible for Editor in 3.77 ms, found 5 plugins.
Native extension for WindowsStandalone target not found
[Package Manager] Failed to launch server process. Reason: Unity was launched with the -noUpm command-line argument
[Package Manager] Unable to send message (not connected to server process).
[Package Manager] Cannot connect to Unity Package Manager local server
[Package Manager] Failed to launch server process. Reason: Unity was launched with the -noUpm command-line argument
[Package Manager] Unable to send message (not connected to server process).
[Package Manager] Cannot connect to Unity Package Manager local server
Mono: successfully reloaded assembly
- Finished resetting the current domain, in  1.019 seconds
Domain Reload Profiling: 2038ms
	BeginReloadAssembly (242ms)
		ExecutionOrderSort (0ms)
		DisableScriptedObjects (16ms)
		BackupInstance (0ms)
		ReleaseScriptingObjects (0ms)
		CreateAndSetChildDomain (74ms)
	RebuildCommonClasses (33ms)
	RebuildNativeTypeToScriptingClass (16ms)
	initialDomainReloadingComplete (39ms)
	LoadAllAssembliesAndSetupDomain (689ms)
		LoadAssemblies (454ms)
		RebuildTransferFunctionScriptingTraits (0ms)
		AnalyzeDomain (328ms)
			TypeCache.Refresh (8ms)
				TypeCache.ScanAssembly (0ms)
			BuildScriptInfoCaches (304ms)
			ResolveRequiredComponents (10ms)
	FinalizeReload (1019ms)
		ReleaseScriptCaches (0ms)
		RebuildScriptCaches (0ms)
		SetupLoadedEditorAssemblies (840ms)
			LogAssemblyErrors (0ms)
			InitializePlatformSupportModulesInManaged (2ms)
			SetLoadedEditorAssemblies (3ms)
			BeforeProcessingInitializeOnLoad (189ms)
			ProcessInitializeOnLoadAttributes (404ms)
			ProcessInitializeOnLoadMethodAttributes (233ms)
			AfterProcessingInitializeOnLoad (8ms)
			EditorAssembliesLoaded (1ms)
		ExecutionOrderSort2 (0ms)
		AwakeInstancesAfterBackupRestoration (20ms)
Refreshing native plugins compatible for Editor in 4.06 ms, found 5 plugins.
Preloading 1 native plugins for Editor in 0.06 ms.
Unloading 53 Unused Serialized files (Serialized files now loaded: 0)
Unloading 9402 unused Assets / (18.8 MB). Loaded Objects now: 10231.
Memory consumption went from 239.6 MB to 220.8 MB.
Total: 16.784700 ms (FindLiveObjects: 0.998000 ms CreateObjectMapping: 1.250200 ms MarkObjects: 7.828700 ms  DeleteObjects: 6.706400 ms)

Prepare: number of updated asset objects reloaded= 0
========================================================================
Received Prepare
Begin MonoManager ReloadAssembly
[Licensing::Client] Successfully resolved entitlement details
Duplicate assembly 'System.Runtime.CompilerServices.Unsafe.dll' with different versions detected, using 'Packages/com.unity.collections/Unity.Collections.Tests/System.Runtime.CompilerServices.Unsafe/System.Runtime.CompilerServices.Unsafe.dll, AssemblyName=System.Runtime.CompilerServices.Unsafe, Version=6.0.0.0, Culture=neutral, PublicKeyToken=b03f5f7f11d50a3a' and ignoring 'Packages/com.unity.ai.assistant/Plugins/Markdig/Dependencies/System.Runtime.CompilerServices.Unsafe.dll, AssemblyName=System.Runtime.CompilerServices.Unsafe, Version=4.0.6.0, Culture=neutral, PublicKeyToken=b03f5f7f11d50a3a'.Symbol file LoadedFromMemory is not a mono symbol file
Symbol file LoadedFromMemory is not a mono symbol file
- Loaded All Assemblies, in  0.984 seconds
Refreshing native plugins compatible for Editor in 3.33 ms, found 5 plugins.
Native extension for WindowsStandalone target not found
[Package Manager] Failed to launch server process. Reason: Unity was launched with the -noUpm command-line argument
[Package Manager] Unable to send message (not connected to server process).
[Package Manager] Cannot connect to Unity Package Manager local server
[Package Manager] Failed to launch server process. Reason: Unity was launched with the -noUpm command-line argument
[Package Manager] Unable to send message (not connected to server process).
[Package Manager] Cannot connect to Unity Package Manager local server
Mono: successfully reloaded assembly
- Finished resetting the current domain, in  0.981 seconds
Domain Reload Profiling: 1967ms
	BeginReloadAssembly (239ms)
		ExecutionOrderSort (0ms)
		DisableScriptedObjects (14ms)
		BackupInstance (0ms)
		ReleaseScriptingObjects (0ms)
		CreateAndSetChildDomain (70ms)
	RebuildCommonClasses (36ms)
	RebuildNativeTypeToScriptingClass (18ms)
	initialDomainReloadingComplete (35ms)
	LoadAllAssembliesAndSetupDomain (658ms)
		LoadAssemblies (443ms)
		RebuildTransferFunctionScriptingTraits (0ms)
		AnalyzeDomain (309ms)
			TypeCache.Refresh (9ms)
				TypeCache.ScanAssembly (0ms)
			BuildScriptInfoCaches (283ms)
			ResolveRequiredComponents (11ms)
	FinalizeReload (981ms)
		ReleaseScriptCaches (0ms)
		RebuildScriptCaches (0ms)
		SetupLoadedEditorAssemblies (804ms)
			LogAssemblyErrors (0ms)
			InitializePlatformSupportModulesInManaged (2ms)
			SetLoadedEditorAssemblies (4ms)
			BeforeProcessingInitializeOnLoad (185ms)
			ProcessInitializeOnLoadAttributes (394ms)
			ProcessInitializeOnLoadMethodAttributes (212ms)
			AfterProcessingInitializeOnLoad (8ms)
			EditorAssembliesLoaded (0ms)
		ExecutionOrderSort2 (0ms)
		AwakeInstancesAfterBackupRestoration (20ms)
Refreshing native plugins compatible for Editor in 4.27 ms, found 5 plugins.
Preloading 1 native plugins for Editor in 0.06 ms.
Unloading 53 Unused Serialized files (Serialized files now loaded: 0)
Unloading 9402 unused Assets / (20.6 MB). Loaded Objects now: 10234.
Memory consumption went from 242.4 MB to 221.8 MB.
Total: 19.955100 ms (FindLiveObjects: 1.047000 ms CreateObjectMapping: 1.440100 ms MarkObjects: 9.370900 ms  DeleteObjects: 8.094800 ms)

Prepare: number of updated asset objects reloaded= 0
========================================================================
Received Prepare
Begin MonoManager ReloadAssembly
[Licensing::Client] Successfully resolved entitlement details
Duplicate assembly 'System.Runtime.CompilerServices.Unsafe.dll' with different versions detected, using 'Packages/com.unity.collections/Unity.Collections.Tests/System.Runtime.CompilerServices.Unsafe/System.Runtime.CompilerServices.Unsafe.dll, AssemblyName=System.Runtime.CompilerServices.Unsafe, Version=6.0.0.0, Culture=neutral, PublicKeyToken=b03f5f7f11d50a3a' and ignoring 'Packages/com.unity.ai.assistant/Plugins/Markdig/Dependencies/System.Runtime.CompilerServices.Unsafe.dll, AssemblyName=System.Runtime.CompilerServices.Unsafe, Version=4.0.6.0, Culture=neutral, PublicKeyToken=b03f5f7f11d50a3a'.Symbol file LoadedFromMemory is not a mono symbol file
Symbol file LoadedFromMemory is not a mono symbol file
- Loaded All Assemblies, in  0.992 seconds
Refreshing native plugins compatible for Editor in 3.37 ms, found 5 plugins.
Native extension for WindowsStandalone target not found
[Package Manager] Failed to launch server process. Reason: Unity was launched with the -noUpm command-line argument
[Package Manager] Unable to send message (not connected to server process).
[Package Manager] Cannot connect to Unity Package Manager local server
[Package Manager] Failed to launch server process. Reason: Unity was launched with the -noUpm command-line argument
[Package Manager] Unable to send message (not connected to server process).
[Package Manager] Cannot connect to Unity Package Manager local server
Mono: successfully reloaded assembly
- Finished resetting the current domain, in  0.999 seconds
Domain Reload Profiling: 1993ms
	BeginReloadAssembly (229ms)
		ExecutionOrderSort (0ms)
		DisableScriptedObjects (13ms)
		BackupInstance (0ms)
		ReleaseScriptingObjects (0ms)
		CreateAndSetChildDomain (69ms)
	RebuildCommonClasses (36ms)
	RebuildNativeTypeToScriptingClass (11ms)
	initialDomainReloadingComplete (37ms)
	LoadAllAssembliesAndSetupDomain (680ms)
		LoadAssemblies (445ms)
		RebuildTransferFunctionScriptingTraits (0ms)
		AnalyzeDomain (324ms)
			TypeCache.Refresh (7ms)
				TypeCache.ScanAssembly (0ms)
			BuildScriptInfoCaches (300ms)
			ResolveRequiredComponents (11ms)
	FinalizeReload (999ms)
		ReleaseScriptCaches (0ms)
		RebuildScriptCaches (0ms)
		SetupLoadedEditorAssemblies (816ms)
			LogAssemblyErrors (0ms)
			InitializePlatformSupportModulesInManaged (2ms)
			SetLoadedEditorAssemblies (4ms)
			BeforeProcessingInitializeOnLoad (183ms)
			ProcessInitializeOnLoadAttributes (402ms)
			ProcessInitializeOnLoadMethodAttributes (215ms)
			AfterProcessingInitializeOnLoad (10ms)
			EditorAssembliesLoaded (1ms)
		ExecutionOrderSort2 (0ms)
		AwakeInstancesAfterBackupRestoration (23ms)
Refreshing native plugins compatible for Editor in 4.12 ms, found 5 plugins.
Preloading 1 native plugins for Editor in 0.08 ms.
Unloading 53 Unused Serialized files (Serialized files now loaded: 0)
Unloading 9402 unused Assets / (19.1 MB). Loaded Objects now: 10237.
Memory consumption went from 245.1 MB to 226.0 MB.
Total: 17.327000 ms (FindLiveObjects: 1.090500 ms CreateObjectMapping: 1.380200 ms MarkObjects: 7.850500 ms  DeleteObjects: 7.003900 ms)

Prepare: number of updated asset objects reloaded= 0
========================================================================
Received Prepare
Begin MonoManager ReloadAssembly
[Licensing::Client] Successfully resolved entitlement details
Duplicate assembly 'System.Runtime.CompilerServices.Unsafe.dll' with different versions detected, using 'Packages/com.unity.collections/Unity.Collections.Tests/System.Runtime.CompilerServices.Unsafe/System.Runtime.CompilerServices.Unsafe.dll, AssemblyName=System.Runtime.CompilerServices.Unsafe, Version=6.0.0.0, Culture=neutral, PublicKeyToken=b03f5f7f11d50a3a' and ignoring 'Packages/com.unity.ai.assistant/Plugins/Markdig/Dependencies/System.Runtime.CompilerServices.Unsafe.dll, AssemblyName=System.Runtime.CompilerServices.Unsafe, Version=4.0.6.0, Culture=neutral, PublicKeyToken=b03f5f7f11d50a3a'.Symbol file LoadedFromMemory is not a mono symbol file
Symbol file LoadedFromMemory is not a mono symbol file
- Loaded All Assemblies, in  0.986 seconds
Refreshing native plugins compatible for Editor in 3.30 ms, found 5 plugins.
Native extension for WindowsStandalone target not found
[Package Manager] Failed to launch server process. Reason: Unity was launched with the -noUpm command-line argument
[Package Manager] Unable to send message (not connected to server process).
[Package Manager] Cannot connect to Unity Package Manager local server
[Package Manager] Failed to launch server process. Reason: Unity was launched with the -noUpm command-line argument
[Package Manager] Unable to send message (not connected to server process).
[Package Manager] Cannot connect to Unity Package Manager local server
Mono: successfully reloaded assembly
- Finished resetting the current domain, in  0.979 seconds
Domain Reload Profiling: 1965ms
	BeginReloadAssembly (239ms)
		ExecutionOrderSort (0ms)
		DisableScriptedObjects (14ms)
		BackupInstance (0ms)
		ReleaseScriptingObjects (0ms)
		CreateAndSetChildDomain (69ms)
	RebuildCommonClasses (34ms)
	RebuildNativeTypeToScriptingClass (12ms)
	initialDomainReloadingComplete (38ms)
	LoadAllAssembliesAndSetupDomain (663ms)
		LoadAssemblies (457ms)
		RebuildTransferFunctionScriptingTraits (0ms)
		AnalyzeDomain (304ms)
			TypeCache.Refresh (8ms)
				TypeCache.ScanAssembly (0ms)
			BuildScriptInfoCaches (282ms)
			ResolveRequiredComponents (10ms)
	FinalizeReload (979ms)
		ReleaseScriptCaches (0ms)
		RebuildScriptCaches (0ms)
		SetupLoadedEditorAssemblies (794ms)
			LogAssemblyErrors (0ms)
			InitializePlatformSupportModulesInManaged (2ms)
			SetLoadedEditorAssemblies (4ms)
			BeforeProcessingInitializeOnLoad (193ms)
			ProcessInitializeOnLoadAttributes (392ms)
			ProcessInitializeOnLoadMethodAttributes (193ms)
			AfterProcessingInitializeOnLoad (10ms)
			EditorAssembliesLoaded (0ms)
		ExecutionOrderSort2 (0ms)
		AwakeInstancesAfterBackupRestoration (17ms)
Refreshing native plugins compatible for Editor in 3.95 ms, found 5 plugins.
Preloading 1 native plugins for Editor in 0.08 ms.
Unloading 53 Unused Serialized files (Serialized files now loaded: 0)
Unloading 9402 unused Assets / (18.6 MB). Loaded Objects now: 10240.
Memory consumption went from 247.8 MB to 229.2 MB.
Total: 17.122100 ms (FindLiveObjects: 1.066500 ms CreateObjectMapping: 1.416200 ms MarkObjects: 7.253100 ms  DeleteObjects: 7.384600 ms)

Prepare: number of updated asset objects reloaded= 0
========================================================================
Received Prepare
Begin MonoManager ReloadAssembly
[Licensing::Client] Successfully resolved entitlement details
Duplicate assembly 'System.Runtime.CompilerServices.Unsafe.dll' with different versions detected, using 'Packages/com.unity.collections/Unity.Collections.Tests/System.Runtime.CompilerServices.Unsafe/System.Runtime.CompilerServices.Unsafe.dll, AssemblyName=System.Runtime.CompilerServices.Unsafe, Version=6.0.0.0, Culture=neutral, PublicKeyToken=b03f5f7f11d50a3a' and ignoring 'Packages/com.unity.ai.assistant/Plugins/Markdig/Dependencies/System.Runtime.CompilerServices.Unsafe.dll, AssemblyName=System.Runtime.CompilerServices.Unsafe, Version=4.0.6.0, Culture=neutral, PublicKeyToken=b03f5f7f11d50a3a'.Symbol file LoadedFromMemory is not a mono symbol file
Symbol file LoadedFromMemory is not a mono symbol file
- Loaded All Assemblies, in  0.959 seconds
Refreshing native plugins compatible for Editor in 3.13 ms, found 5 plugins.
Native extension for WindowsStandalone target not found
[Package Manager] Failed to launch server process. Reason: Unity was launched with the -noUpm command-line argument
[Package Manager] Unable to send message (not connected to server process).
[Package Manager] Cannot connect to Unity Package Manager local server
[Package Manager] Failed to launch server process. Reason: Unity was launched with the -noUpm command-line argument
[Package Manager] Unable to send message (not connected to server process).
[Package Manager] Cannot connect to Unity Package Manager local server
Mono: successfully reloaded assembly
- Finished resetting the current domain, in  0.943 seconds
Domain Reload Profiling: 1905ms
	BeginReloadAssembly (226ms)
		ExecutionOrderSort (0ms)
		DisableScriptedObjects (14ms)
		BackupInstance (0ms)
		ReleaseScriptingObjects (0ms)
		CreateAndSetChildDomain (68ms)
	RebuildCommonClasses (38ms)
	RebuildNativeTypeToScriptingClass (11ms)
	initialDomainReloadingComplete (31ms)
	LoadAllAssembliesAndSetupDomain (654ms)
		LoadAssemblies (432ms)
		RebuildTransferFunctionScriptingTraits (0ms)
		AnalyzeDomain (309ms)
			TypeCache.Refresh (8ms)
				TypeCache.ScanAssembly (0ms)
			BuildScriptInfoCaches (285ms)
			ResolveRequiredComponents (11ms)
	FinalizeReload (944ms)
		ReleaseScriptCaches (0ms)
		RebuildScriptCaches (0ms)
		SetupLoadedEditorAssemblies (771ms)
			LogAssemblyErrors (0ms)
			InitializePlatformSupportModulesInManaged (2ms)
			SetLoadedEditorAssemblies (4ms)
			BeforeProcessingInitializeOnLoad (182ms)
			ProcessInitializeOnLoadAttributes (373ms)
			ProcessInitializeOnLoadMethodAttributes (201ms)
			AfterProcessingInitializeOnLoad (9ms)
			EditorAssembliesLoaded (0ms)
		ExecutionOrderSort2 (0ms)
		AwakeInstancesAfterBackupRestoration (19ms)
Refreshing native plugins compatible for Editor in 3.89 ms, found 5 plugins.
Preloading 1 native plugins for Editor in 0.10 ms.
Unloading 53 Unused Serialized files (Serialized files now loaded: 0)
Unloading 9402 unused Assets / (18.9 MB). Loaded Objects now: 10243.
Memory consumption went from 250.5 MB to 231.6 MB.
Total: 17.963300 ms (FindLiveObjects: 1.207300 ms CreateObjectMapping: 1.495400 ms MarkObjects: 7.709800 ms  DeleteObjects: 7.549700 ms)

Prepare: number of updated asset objects reloaded= 0
========================================================================
Received Prepare
Begin MonoManager ReloadAssembly
[Licensing::Client] Successfully resolved entitlement details
Duplicate assembly 'System.Runtime.CompilerServices.Unsafe.dll' with different versions detected, using 'Packages/com.unity.collections/Unity.Collections.Tests/System.Runtime.CompilerServices.Unsafe/System.Runtime.CompilerServices.Unsafe.dll, AssemblyName=System.Runtime.CompilerServices.Unsafe, Version=6.0.0.0, Culture=neutral, PublicKeyToken=b03f5f7f11d50a3a' and ignoring 'Packages/com.unity.ai.assistant/Plugins/Markdig/Dependencies/System.Runtime.CompilerServices.Unsafe.dll, AssemblyName=System.Runtime.CompilerServices.Unsafe, Version=4.0.6.0, Culture=neutral, PublicKeyToken=b03f5f7f11d50a3a'.Symbol file LoadedFromMemory is not a mono symbol file
Symbol file LoadedFromMemory is not a mono symbol file
- Loaded All Assemblies, in  0.954 seconds
Refreshing native plugins compatible for Editor in 3.42 ms, found 5 plugins.
Native extension for WindowsStandalone target not found
[Package Manager] Failed to launch server process. Reason: Unity was launched with the -noUpm command-line argument
[Package Manager] Unable to send message (not connected to server process).
[Package Manager] Cannot connect to Unity Package Manager local server
[Package Manager] Failed to launch server process. Reason: Unity was launched with the -noUpm command-line argument
[Package Manager] Unable to send message (not connected to server process).
[Package Manager] Cannot connect to Unity Package Manager local server
Mono: successfully reloaded assembly
- Finished resetting the current domain, in  0.967 seconds
Domain Reload Profiling: 1923ms
	BeginReloadAssembly (228ms)
		ExecutionOrderSort (0ms)
		DisableScriptedObjects (14ms)
		BackupInstance (0ms)
		ReleaseScriptingObjects (0ms)
		CreateAndSetChildDomain (69ms)
	RebuildCommonClasses (34ms)
	RebuildNativeTypeToScriptingClass (12ms)
	initialDomainReloadingComplete (39ms)
	LoadAllAssembliesAndSetupDomain (642ms)
		LoadAssemblies (428ms)
		RebuildTransferFunctionScriptingTraits (0ms)
		AnalyzeDomain (303ms)
			TypeCache.Refresh (8ms)
				TypeCache.ScanAssembly (0ms)
			BuildScriptInfoCaches (280ms)
			ResolveRequiredComponents (10ms)
	FinalizeReload (968ms)
		ReleaseScriptCaches (0ms)
		RebuildScriptCaches (0ms)
		SetupLoadedEditorAssemblies (788ms)
			LogAssemblyErrors (0ms)
			InitializePlatformSupportModulesInManaged (2ms)
			SetLoadedEditorAssemblies (3ms)
			BeforeProcessingInitializeOnLoad (190ms)
			ProcessInitializeOnLoadAttributes (382ms)
			ProcessInitializeOnLoadMethodAttributes (201ms)
			AfterProcessingInitializeOnLoad (10ms)
			EditorAssembliesLoaded (0ms)
		ExecutionOrderSort2 (0ms)
		AwakeInstancesAfterBackupRestoration (20ms)
Refreshing native plugins compatible for Editor in 4.04 ms, found 5 plugins.
Preloading 1 native plugins for Editor in 0.05 ms.
Unloading 53 Unused Serialized files (Serialized files now loaded: 0)
Unloading 9402 unused Assets / (19.6 MB). Loaded Objects now: 10246.
Memory consumption went from 253.3 MB to 233.6 MB.
Total: 17.963900 ms (FindLiveObjects: 1.110100 ms CreateObjectMapping: 1.352600 ms MarkObjects: 7.782100 ms  DeleteObjects: 7.717000 ms)

Prepare: number of updated asset objects reloaded= 0
========================================================================
Received Prepare
Refreshing native plugins compatible for Editor in 2.82 ms, found 5 plugins.
Preloading 1 native plugins for Editor in 0.05 ms.
Unloading 53 Unused Serialized files (Serialized files now loaded: 0)
Unloading 9384 unused Assets / (19.0 MB). Loaded Objects now: 10247.
Memory consumption went from 256.1 MB to 237.1 MB.
Total: 15.704300 ms (FindLiveObjects: 1.043300 ms CreateObjectMapping: 0.891300 ms MarkObjects: 7.261700 ms  DeleteObjects: 6.505500 ms)

Prepare: number of updated asset objects reloaded= 0
========================================================================
Received Import Request.
  Time since last request: 689304.784652 seconds.
  path: Assets/Scripts/Trampa.cs
  artifactKey: Guid(b2f059779c45d794197bcfd656b8bb22) Importer(815301076,1909f56bfc062723c751e8b465ee728b)
Start importing Assets/Scripts/Trampa.cs using Guid(b2f059779c45d794197bcfd656b8bb22) Importer(815301076,1909f56bfc062723c751e8b465ee728b) (PreviewImporter) -> (artifact id: '103bed525ee30c80ce7ab47b70691ad0') in 0.0875957 seconds
Number of updated asset objects reloaded before import = 0Number of asset objects unloaded after import = 0

========================================================================
Received Prepare
Begin MonoManager ReloadAssembly
[Licensing::Client] Successfully resolved entitlement details
Duplicate assembly 'System.Runtime.CompilerServices.Unsafe.dll' with different versions detected, using 'Packages/com.unity.collections/Unity.Collections.Tests/System.Runtime.CompilerServices.Unsafe/System.Runtime.CompilerServices.Unsafe.dll, AssemblyName=System.Runtime.CompilerServices.Unsafe, Version=6.0.0.0, Culture=neutral, PublicKeyToken=b03f5f7f11d50a3a' and ignoring 'Packages/com.unity.ai.assistant/Plugins/Markdig/Dependencies/System.Runtime.CompilerServices.Unsafe.dll, AssemblyName=System.Runtime.CompilerServices.Unsafe, Version=4.0.6.0, Culture=neutral, PublicKeyToken=b03f5f7f11d50a3a'.Symbol file LoadedFromMemory is not a mono symbol file
Symbol file LoadedFromMemory is not a mono symbol file
- Loaded All Assemblies, in  2.034 seconds
Refreshing native plugins compatible for Editor in 6.26 ms, found 5 plugins.
Native extension for WindowsStandalone target not found
[Package Manager] Failed to launch server process. Reason: Unity was launched with the -noUpm command-line argument
[Package Manager] Unable to send message (not connected to server process).
[Package Manager] Cannot connect to Unity Package Manager local server
[Package Manager] Failed to launch server process. Reason: Unity was launched with the -noUpm command-line argument
[Package Manager] Unable to send message (not connected to server process).
[Package Manager] Cannot connect to Unity Package Manager local server
Mono: successfully reloaded assembly
- Finished resetting the current domain, in  1.577 seconds
Domain Reload Profiling: 3610ms
	BeginReloadAssembly (463ms)
		ExecutionOrderSort (0ms)
		DisableScriptedObjects (20ms)
		BackupInstance (0ms)
		ReleaseScriptingObjects (0ms)
		CreateAndSetChildDomain (128ms)
	RebuildCommonClasses (77ms)
	RebuildNativeTypeToScriptingClass (28ms)
	initialDomainReloadingComplete (80ms)
	LoadAllAssembliesAndSetupDomain (1384ms)
		LoadAssemblies (862ms)
		RebuildTransferFunctionScriptingTraits (0ms)
		AnalyzeDomain (723ms)
			TypeCache.Refresh (33ms)
				TypeCache.ScanAssembly (4ms)
			BuildScriptInfoCaches (652ms)
			ResolveRequiredComponents (30ms)
	FinalizeReload (1577ms)
		ReleaseScriptCaches (0ms)
		RebuildScriptCaches (0ms)
		SetupLoadedEditorAssemblies (1254ms)
			LogAssemblyErrors (0ms)
			InitializePlatformSupportModulesInManaged (4ms)
			SetLoadedEditorAssemblies (10ms)
			BeforeProcessingInitializeOnLoad (440ms)
			ProcessInitializeOnLoadAttributes (606ms)
			ProcessInitializeOnLoadMethodAttributes (186ms)
			AfterProcessingInitializeOnLoad (8ms)
			EditorAssembliesLoaded (1ms)
		ExecutionOrderSort2 (0ms)
		AwakeInstancesAfterBackupRestoration (18ms)
Refreshing native plugins compatible for Editor in 3.39 ms, found 5 plugins.
Preloading 1 native plugins for Editor in 0.06 ms.
Unloading 53 Unused Serialized files (Serialized files now loaded: 0)
Unloading 9403 unused Assets / (19.2 MB). Loaded Objects now: 10252.
Memory consumption went from 193.0 MB to 173.8 MB.
Total: 17.001700 ms (FindLiveObjects: 1.049500 ms CreateObjectMapping: 1.314100 ms MarkObjects: 7.285200 ms  DeleteObjects: 7.350900 ms)

Prepare: number of updated asset objects reloaded= 0
========================================================================
Received Prepare
Begin MonoManager ReloadAssembly
Duplicate assembly 'System.Runtime.CompilerServices.Unsafe.dll' with different versions detected, using 'Packages/com.unity.collections/Unity.Collections.Tests/System.Runtime.CompilerServices.Unsafe/System.Runtime.CompilerServices.Unsafe.dll, AssemblyName=System.Runtime.CompilerServices.Unsafe, Version=6.0.0.0, Culture=neutral, PublicKeyToken=b03f5f7f11d50a3a' and ignoring 'Packages/com.unity.ai.assistant/Plugins/Markdig/Dependencies/System.Runtime.CompilerServices.Unsafe.dll, AssemblyName=System.Runtime.CompilerServices.Unsafe, Version=4.0.6.0, Culture=neutral, PublicKeyToken=b03f5f7f11d50a3a'.Symbol file LoadedFromMemory is not a mono symbol file
Symbol file LoadedFromMemory is not a mono symbol file
- Loaded All Assemblies, in  1.393 seconds
Refreshing native plugins compatible for Editor in 3.02 ms, found 5 plugins.
Native extension for WindowsStandalone target not found
[Package Manager] Failed to launch server process. Reason: Unity was launched with the -noUpm command-line argument
[Package Manager] Unable to send message (not connected to server process).
[Package Manager] Cannot connect to Unity Package Manager local server
[Package Manager] Failed to launch server process. Reason: Unity was launched with the -noUpm command-line argument
[Package Manager] Unable to send message (not connected to server process).
[Package Manager] Cannot connect to Unity Package Manager local server
Mono: successfully reloaded assembly
- Finished resetting the current domain, in  0.875 seconds
Domain Reload Profiling: 2270ms
	BeginReloadAssembly (239ms)
		ExecutionOrderSort (0ms)
		DisableScriptedObjects (16ms)
		BackupInstance (0ms)
		ReleaseScriptingObjects (0ms)
		CreateAndSetChildDomain (69ms)
	RebuildCommonClasses (34ms)
	RebuildNativeTypeToScriptingClass (12ms)
	initialDomainReloadingComplete (35ms)
	LoadAllAssembliesAndSetupDomain (1075ms)
		LoadAssemblies (460ms)
		RebuildTransferFunctionScriptingTraits (0ms)
		AnalyzeDomain (711ms)
			TypeCache.Refresh (12ms)
				TypeCache.ScanAssembly (2ms)
			BuildScriptInfoCaches (682ms)
			ResolveRequiredComponents (10ms)
	FinalizeReload (875ms)
		ReleaseScriptCaches (0ms)
		RebuildScriptCaches (0ms)
		SetupLoadedEditorAssemblies (707ms)
			LogAssemblyErrors (0ms)
			InitializePlatformSupportModulesInManaged (3ms)
			SetLoadedEditorAssemblies (6ms)
			BeforeProcessingInitializeOnLoad (189ms)
			ProcessInitializeOnLoadAttributes (334ms)
			ProcessInitializeOnLoadMethodAttributes (168ms)
			AfterProcessingInitializeOnLoad (8ms)
			EditorAssembliesLoaded (0ms)
		ExecutionOrderSort2 (0ms)
		AwakeInstancesAfterBackupRestoration (14ms)
Refreshing native plugins compatible for Editor in 3.49 ms, found 5 plugins.
Preloading 1 native plugins for Editor in 0.06 ms.
Unloading 53 Unused Serialized files (Serialized files now loaded: 0)
Unloading 9403 unused Assets / (18.4 MB). Loaded Objects now: 10255.
Memory consumption went from 195.7 MB to 177.3 MB.
Total: 14.453700 ms (FindLiveObjects: 1.011200 ms CreateObjectMapping: 1.034300 ms MarkObjects: 6.529300 ms  DeleteObjects: 5.877500 ms)

Prepare: number of updated asset objects reloaded= 0
========================================================================
Received Import Request.
  Time since last request: 63.573382 seconds.
  path: Assets/Scripts/Trampa.cs
  artifactKey: Guid(b2f059779c45d794197bcfd656b8bb22) Importer(815301076,1909f56bfc062723c751e8b465ee728b)
Start importing Assets/Scripts/Trampa.cs using Guid(b2f059779c45d794197bcfd656b8bb22) Importer(815301076,1909f56bfc062723c751e8b465ee728b) (PreviewImporter) -> (artifact id: '8bf1cc563c165e8f590bd60d13eabe4e') in 0.0034193 seconds
Number of updated asset objects reloaded before import = 0Number of asset objects unloaded after import = 0

========================================================================
Received Prepare
Begin MonoManager ReloadAssembly
[Licensing::Client] Successfully resolved entitlement details
Duplicate assembly 'System.Runtime.CompilerServices.Unsafe.dll' with different versions detected, using 'Packages/com.unity.collections/Unity.Collections.Tests/System.Runtime.CompilerServices.Unsafe/System.Runtime.CompilerServices.Unsafe.dll, AssemblyName=System.Runtime.CompilerServices.Unsafe, Version=6.0.0.0, Culture=neutral, PublicKeyToken=b03f5f7f11d50a3a' and ignoring 'Packages/com.unity.ai.assistant/Plugins/Markdig/Dependencies/System.Runtime.CompilerServices.Unsafe.dll, AssemblyName=System.Runtime.CompilerServices.Unsafe, Version=4.0.6.0, Culture=neutral, PublicKeyToken=b03f5f7f11d50a3a'.Symbol file LoadedFromMemory is not a mono symbol file
Symbol file LoadedFromMemory is not a mono symbol file
- Loaded All Assemblies, in  0.960 seconds
Refreshing native plugins compatible for Editor in 4.01 ms, found 5 plugins.
Native extension for WindowsStandalone target not found
[Package Manager] Failed to launch server process. Reason: Unity was launched with the -noUpm command-line argument
[Package Manager] Unable to send message (not connected to server process).
[Package Manager] Cannot connect to Unity Package Manager local server
[Package Manager] Failed to launch server process. Reason: Unity was launched with the -noUpm command-line argument
[Package Manager] Unable to send message (not connected to server process).
[Package Manager] Cannot connect to Unity Package Manager local server
Mono: successfully reloaded assembly
- Finished resetting the current domain, in  0.910 seconds
Domain Reload Profiling: 1872ms
	BeginReloadAssembly (229ms)
		ExecutionOrderSort (0ms)
		DisableScriptedObjects (14ms)
		BackupInstance (0ms)
		ReleaseScriptingObjects (0ms)
		CreateAndSetChildDomain (68ms)
	RebuildCommonClasses (32ms)
	RebuildNativeTypeToScriptingClass (18ms)
	initialDomainReloadingComplete (36ms)
	LoadAllAssembliesAndSetupDomain (647ms)
		LoadAssemblies (430ms)
		RebuildTransferFunctionScriptingTraits (0ms)
		AnalyzeDomain (302ms)
			TypeCache.Refresh (9ms)
				TypeCache.ScanAssembly (0ms)
			BuildScriptInfoCaches (278ms)
			ResolveRequiredComponents (10ms)
	FinalizeReload (910ms)
		ReleaseScriptCaches (0ms)
		RebuildScriptCaches (0ms)
		SetupLoadedEditorAssemblies (744ms)
			LogAssemblyErrors (0ms)
			InitializePlatformSupportModulesInManaged (2ms)
			SetLoadedEditorAssemblies (4ms)
			BeforeProcessingInitializeOnLoad (187ms)
			ProcessInitializeOnLoadAttributes (357ms)
			ProcessInitializeOnLoadMethodAttributes (185ms)
			AfterProcessingInitializeOnLoad (9ms)
			EditorAssembliesLoaded (1ms)
		ExecutionOrderSort2 (0ms)
		AwakeInstancesAfterBackupRestoration (20ms)
Refreshing native plugins compatible for Editor in 4.36 ms, found 5 plugins.
Preloading 1 native plugins for Editor in 0.06 ms.
Unloading 53 Unused Serialized files (Serialized files now loaded: 0)
Unloading 9403 unused Assets / (18.1 MB). Loaded Objects now: 10258.
Memory consumption went from 193.0 MB to 174.9 MB.
Total: 19.766800 ms (FindLiveObjects: 1.237100 ms CreateObjectMapping: 1.598000 ms MarkObjects: 9.606200 ms  DeleteObjects: 7.324300 ms)

Prepare: number of updated asset objects reloaded= 0
========================================================================
Received Prepare
Begin MonoManager ReloadAssembly
[Licensing::Client] Successfully resolved entitlement details
Duplicate assembly 'System.Runtime.CompilerServices.Unsafe.dll' with different versions detected, using 'Packages/com.unity.collections/Unity.Collections.Tests/System.Runtime.CompilerServices.Unsafe/System.Runtime.CompilerServices.Unsafe.dll, AssemblyName=System.Runtime.CompilerServices.Unsafe, Version=6.0.0.0, Culture=neutral, PublicKeyToken=b03f5f7f11d50a3a' and ignoring 'Packages/com.unity.ai.assistant/Plugins/Markdig/Dependencies/System.Runtime.CompilerServices.Unsafe.dll, AssemblyName=System.Runtime.CompilerServices.Unsafe, Version=4.0.6.0, Culture=neutral, PublicKeyToken=b03f5f7f11d50a3a'.Symbol file LoadedFromMemory is not a mono symbol file
Symbol file LoadedFromMemory is not a mono symbol file
- Loaded All Assemblies, in  1.384 seconds
Refreshing native plugins compatible for Editor in 4.66 ms, found 5 plugins.
Native extension for WindowsStandalone target not found
[Package Manager] Failed to launch server process. Reason: Unity was launched with the -noUpm command-line argument
[Package Manager] Unable to send message (not connected to server process).
[Package Manager] Cannot connect to Unity Package Manager local server
[Package Manager] Failed to launch server process. Reason: Unity was launched with the -noUpm command-line argument
[Package Manager] Unable to send message (not connected to server process).
[Package Manager] Cannot connect to Unity Package Manager local server
Mono: successfully reloaded assembly
- Finished resetting the current domain, in  1.290 seconds
Domain Reload Profiling: 2674ms
	BeginReloadAssembly (317ms)
		ExecutionOrderSort (0ms)
		DisableScriptedObjects (23ms)
		BackupInstance (0ms)
		ReleaseScriptingObjects (0ms)
		CreateAndSetChildDomain (88ms)
	RebuildCommonClasses (50ms)
	RebuildNativeTypeToScriptingClass (18ms)
	initialDomainReloadingComplete (49ms)
	LoadAllAssembliesAndSetupDomain (950ms)
		LoadAssemblies (605ms)
		RebuildTransferFunctionScriptingTraits (0ms)
		AnalyzeDomain (474ms)
			TypeCache.Refresh (15ms)
				TypeCache.ScanAssembly (2ms)
			BuildScriptInfoCaches (438ms)
			ResolveRequiredComponents (14ms)
	FinalizeReload (1290ms)
		ReleaseScriptCaches (0ms)
		RebuildScriptCaches (0ms)
		SetupLoadedEditorAssemblies (1034ms)
			LogAssemblyErrors (0ms)
			InitializePlatformSupportModulesInManaged (2ms)
			SetLoadedEditorAssemblies (6ms)
			BeforeProcessingInitializeOnLoad (277ms)
			ProcessInitializeOnLoadAttributes (498ms)
			ProcessInitializeOnLoadMethodAttributes (236ms)
			AfterProcessingInitializeOnLoad (13ms)
			EditorAssembliesLoaded (1ms)
		ExecutionOrderSort2 (0ms)
		AwakeInstancesAfterBackupRestoration (23ms)
Refreshing native plugins compatible for Editor in 4.68 ms, found 5 plugins.
Preloading 1 native plugins for Editor in 0.06 ms.
Unloading 53 Unused Serialized files (Serialized files now loaded: 0)
Unloading 9403 unused Assets / (19.5 MB). Loaded Objects now: 10261.
Memory consumption went from 195.7 MB to 176.2 MB.
Total: 21.824900 ms (FindLiveObjects: 1.771600 ms CreateObjectMapping: 1.965800 ms MarkObjects: 9.349300 ms  DeleteObjects: 8.736500 ms)

Prepare: number of updated asset objects reloaded= 0
========================================================================
Received Prepare
Begin MonoManager ReloadAssembly
Duplicate assembly 'System.Runtime.CompilerServices.Unsafe.dll' with different versions detected, using 'Packages/com.unity.collections/Unity.Collections.Tests/System.Runtime.CompilerServices.Unsafe/System.Runtime.CompilerServices.Unsafe.dll, AssemblyName=System.Runtime.CompilerServices.Unsafe, Version=6.0.0.0, Culture=neutral, PublicKeyToken=b03f5f7f11d50a3a' and ignoring 'Packages/com.unity.ai.assistant/Plugins/Markdig/Dependencies/System.Runtime.CompilerServices.Unsafe.dll, AssemblyName=System.Runtime.CompilerServices.Unsafe, Version=4.0.6.0, Culture=neutral, PublicKeyToken=b03f5f7f11d50a3a'.Symbol file LoadedFromMemory is not a mono symbol file
Symbol file LoadedFromMemory is not a mono symbol file
- Loaded All Assemblies, in  0.940 seconds
Refreshing native plugins compatible for Editor in 3.39 ms, found 5 plugins.
Native extension for WindowsStandalone target not found
[Package Manager] Failed to launch server process. Reason: Unity was launched with the -noUpm command-line argument
[Package Manager] Unable to send message (not connected to server process).
[Package Manager] Cannot connect to Unity Package Manager local server
[Package Manager] Failed to launch server process. Reason: Unity was launched with the -noUpm command-line argument
[Package Manager] Unable to send message (not connected to server process).
[Package Manager] Cannot connect to Unity Package Manager local server
Mono: successfully reloaded assembly
- Finished resetting the current domain, in  0.885 seconds
Domain Reload Profiling: 1827ms
	BeginReloadAssembly (220ms)
		ExecutionOrderSort (0ms)
		DisableScriptedObjects (14ms)
		BackupInstance (0ms)
		ReleaseScriptingObjects (0ms)
		CreateAndSetChildDomain (67ms)
	RebuildCommonClasses (33ms)
	RebuildNativeTypeToScriptingClass (11ms)
	initialDomainReloadingComplete (33ms)
	LoadAllAssembliesAndSetupDomain (644ms)
		LoadAssemblies (425ms)
		RebuildTransferFunctionScriptingTraits (0ms)
		AnalyzeDomain (302ms)
			TypeCache.Refresh (8ms)
				TypeCache.ScanAssembly (0ms)
			BuildScriptInfoCaches (276ms)
			ResolveRequiredComponents (13ms)
	FinalizeReload (885ms)
		ReleaseScriptCaches (0ms)
		RebuildScriptCaches (0ms)
		SetupLoadedEditorAssemblies (717ms)
			LogAssemblyErrors (0ms)
			InitializePlatformSupportModulesInManaged (2ms)
			SetLoadedEditorAssemblies (4ms)
			BeforeProcessingInitializeOnLoad (188ms)
			ProcessInitializeOnLoadAttributes (347ms)
			ProcessInitializeOnLoadMethodAttributes (168ms)
			AfterProcessingInitializeOnLoad (8ms)
			EditorAssembliesLoaded (0ms)
		ExecutionOrderSort2 (0ms)
		AwakeInstancesAfterBackupRestoration (16ms)
Refreshing native plugins compatible for Editor in 3.74 ms, found 5 plugins.
Preloading 1 native plugins for Editor in 0.05 ms.
Unloading 53 Unused Serialized files (Serialized files now loaded: 0)
Unloading 9403 unused Assets / (17.6 MB). Loaded Objects now: 10264.
Memory consumption went from 198.4 MB to 180.9 MB.
Total: 14.394500 ms (FindLiveObjects: 1.166400 ms CreateObjectMapping: 1.105800 ms MarkObjects: 6.382400 ms  DeleteObjects: 5.738900 ms)

Prepare: number of updated asset objects reloaded= 0
========================================================================
Received Prepare
Begin MonoManager ReloadAssembly
[Licensing::Client] Successfully resolved entitlement details
Duplicate assembly 'System.Runtime.CompilerServices.Unsafe.dll' with different versions detected, using 'Packages/com.unity.collections/Unity.Collections.Tests/System.Runtime.CompilerServices.Unsafe/System.Runtime.CompilerServices.Unsafe.dll, AssemblyName=System.Runtime.CompilerServices.Unsafe, Version=6.0.0.0, Culture=neutral, PublicKeyToken=b03f5f7f11d50a3a' and ignoring 'Packages/com.unity.ai.assistant/Plugins/Markdig/Dependencies/System.Runtime.CompilerServices.Unsafe.dll, AssemblyName=System.Runtime.CompilerServices.Unsafe, Version=4.0.6.0, Culture=neutral, PublicKeyToken=b03f5f7f11d50a3a'.Symbol file LoadedFromMemory is not a mono symbol file
Symbol file LoadedFromMemory is not a mono symbol file
- Loaded All Assemblies, in  0.997 seconds
Refreshing native plugins compatible for Editor in 3.04 ms, found 5 plugins.
Native extension for WindowsStandalone target not found
[Package Manager] Failed to launch server process. Reason: Unity was launched with the -noUpm command-line argument
[Package Manager] Unable to send message (not connected to server process).
[Package Manager] Cannot connect to Unity Package Manager local server
[Package Manager] Failed to launch server process. Reason: Unity was launched with the -noUpm command-line argument
[Package Manager] Unable to send message (not connected to server process).
[Package Manager] Cannot connect to Unity Package Manager local server
Mono: successfully reloaded assembly
- Finished resetting the current domain, in  1.014 seconds
Domain Reload Profiling: 2013ms
	BeginReloadAssembly (236ms)
		ExecutionOrderSort (0ms)
		DisableScriptedObjects (16ms)
		BackupInstance (0ms)
		ReleaseScriptingObjects (0ms)
		CreateAndSetChildDomain (73ms)
	RebuildCommonClasses (33ms)
	RebuildNativeTypeToScriptingClass (11ms)
	initialDomainReloadingComplete (34ms)
	LoadAllAssembliesAndSetupDomain (685ms)
		LoadAssemblies (448ms)
		RebuildTransferFunctionScriptingTraits (0ms)
		AnalyzeDomain (325ms)
			TypeCache.Refresh (8ms)
				TypeCache.ScanAssembly (0ms)
			BuildScriptInfoCaches (302ms)
			ResolveRequiredComponents (10ms)
	FinalizeReload (1015ms)
		ReleaseScriptCaches (0ms)
		RebuildScriptCaches (0ms)
		SetupLoadedEditorAssemblies (832ms)
			LogAssemblyErrors (0ms)
			InitializePlatformSupportModulesInManaged (2ms)
			SetLoadedEditorAssemblies (4ms)
			BeforeProcessingInitializeOnLoad (193ms)
			ProcessInitializeOnLoadAttributes (423ms)
			ProcessInitializeOnLoadMethodAttributes (203ms)
			AfterProcessingInitializeOnLoad (8ms)
			EditorAssembliesLoaded (0ms)
		ExecutionOrderSort2 (0ms)
		AwakeInstancesAfterBackupRestoration (20ms)
Refreshing native plugins compatible for Editor in 3.66 ms, found 5 plugins.
Preloading 1 native plugins for Editor in 0.08 ms.
Unloading 53 Unused Serialized files (Serialized files now loaded: 0)
Unloading 9403 unused Assets / (19.2 MB). Loaded Objects now: 10267.
Memory consumption went from 201.1 MB to 181.9 MB.
Total: 17.506300 ms (FindLiveObjects: 1.041100 ms CreateObjectMapping: 1.211300 ms MarkObjects: 7.437900 ms  DeleteObjects: 7.814000 ms)

Prepare: number of updated asset objects reloaded= 0
========================================================================
Received Prepare
Begin MonoManager ReloadAssembly
[Licensing::Client] Successfully resolved entitlement details
Duplicate assembly 'System.Runtime.CompilerServices.Unsafe.dll' with different versions detected, using 'Packages/com.unity.collections/Unity.Collections.Tests/System.Runtime.CompilerServices.Unsafe/System.Runtime.CompilerServices.Unsafe.dll, AssemblyName=System.Runtime.CompilerServices.Unsafe, Version=6.0.0.0, Culture=neutral, PublicKeyToken=b03f5f7f11d50a3a' and ignoring 'Packages/com.unity.ai.assistant/Plugins/Markdig/Dependencies/System.Runtime.CompilerServices.Unsafe.dll, AssemblyName=System.Runtime.CompilerServices.Unsafe, Version=4.0.6.0, Culture=neutral, PublicKeyToken=b03f5f7f11d50a3a'.Symbol file LoadedFromMemory is not a mono symbol file
Symbol file LoadedFromMemory is not a mono symbol file
- Loaded All Assemblies, in  0.978 seconds
Refreshing native plugins compatible for Editor in 3.37 ms, found 5 plugins.
Native extension for WindowsStandalone target not found
[Package Manager] Failed to launch server process. Reason: Unity was launched with the -noUpm command-line argument
[Package Manager] Unable to send message (not connected to server process).
[Package Manager] Cannot connect to Unity Package Manager local server
[Package Manager] Failed to launch server process. Reason: Unity was launched with the -noUpm command-line argument
[Package Manager] Unable to send message (not connected to server process).
[Package Manager] Cannot connect to Unity Package Manager local server
Mono: successfully reloaded assembly
- Finished resetting the current domain, in  0.927 seconds
Domain Reload Profiling: 1907ms
	BeginReloadAssembly (231ms)
		ExecutionOrderSort (0ms)
		DisableScriptedObjects (14ms)
		BackupInstance (0ms)
		ReleaseScriptingObjects (0ms)
		CreateAndSetChildDomain (70ms)
	RebuildCommonClasses (34ms)
	RebuildNativeTypeToScriptingClass (12ms)
	initialDomainReloadingComplete (37ms)
	LoadAllAssembliesAndSetupDomain (666ms)
		LoadAssemblies (441ms)
		RebuildTransferFunctionScriptingTraits (0ms)
		AnalyzeDomain (313ms)
			TypeCache.Refresh (10ms)
				TypeCache.ScanAssembly (0ms)
			BuildScriptInfoCaches (289ms)
			ResolveRequiredComponents (10ms)
	FinalizeReload (927ms)
		ReleaseScriptCaches (0ms)
		RebuildScriptCaches (0ms)
		SetupLoadedEditorAssemblies (746ms)
			LogAssemblyErrors (0ms)
			InitializePlatformSupportModulesInManaged (2ms)
			SetLoadedEditorAssemblies (4ms)
			BeforeProcessingInitializeOnLoad (186ms)
			ProcessInitializeOnLoadAttributes (350ms)
			ProcessInitializeOnLoadMethodAttributes (195ms)
			AfterProcessingInitializeOnLoad (9ms)
			EditorAssembliesLoaded (0ms)
		ExecutionOrderSort2 (0ms)
		AwakeInstancesAfterBackupRestoration (17ms)
Refreshing native plugins compatible for Editor in 4.16 ms, found 5 plugins.
Preloading 1 native plugins for Editor in 0.06 ms.
Unloading 53 Unused Serialized files (Serialized files now loaded: 0)
Unloading 9403 unused Assets / (18.9 MB). Loaded Objects now: 10270.
Memory consumption went from 203.8 MB to 184.9 MB.
Total: 16.409100 ms (FindLiveObjects: 1.150900 ms CreateObjectMapping: 1.300200 ms MarkObjects: 6.963800 ms  DeleteObjects: 6.992700 ms)

Prepare: number of updated asset objects reloaded= 0
========================================================================
Received Prepare
Begin MonoManager ReloadAssembly
[Licensing::Client] Successfully resolved entitlement details
Duplicate assembly 'System.Runtime.CompilerServices.Unsafe.dll' with different versions detected, using 'Packages/com.unity.collections/Unity.Collections.Tests/System.Runtime.CompilerServices.Unsafe/System.Runtime.CompilerServices.Unsafe.dll, AssemblyName=System.Runtime.CompilerServices.Unsafe, Version=6.0.0.0, Culture=neutral, PublicKeyToken=b03f5f7f11d50a3a' and ignoring 'Packages/com.unity.ai.assistant/Plugins/Markdig/Dependencies/System.Runtime.CompilerServices.Unsafe.dll, AssemblyName=System.Runtime.CompilerServices.Unsafe, Version=4.0.6.0, Culture=neutral, PublicKeyToken=b03f5f7f11d50a3a'.Symbol file LoadedFromMemory is not a mono symbol file
Symbol file LoadedFromMemory is not a mono symbol file
- Loaded All Assemblies, in  0.977 seconds
Refreshing native plugins compatible for Editor in 3.46 ms, found 5 plugins.
Native extension for WindowsStandalone target not found
[Package Manager] Failed to launch server process. Reason: Unity was launched with the -noUpm command-line argument
[Package Manager] Unable to send message (not connected to server process).
[Package Manager] Cannot connect to Unity Package Manager local server
[Package Manager] Failed to launch server process. Reason: Unity was launched with the -noUpm command-line argument
[Package Manager] Unable to send message (not connected to server process).
[Package Manager] Cannot connect to Unity Package Manager local server
Mono: successfully reloaded assembly
- Finished resetting the current domain, in  0.928 seconds
Domain Reload Profiling: 1905ms
	BeginReloadAssembly (241ms)
		ExecutionOrderSort (0ms)
		DisableScriptedObjects (16ms)
		BackupInstance (0ms)
		ReleaseScriptingObjects (0ms)
		CreateAndSetChildDomain (66ms)
	RebuildCommonClasses (34ms)
	RebuildNativeTypeToScriptingClass (11ms)
	initialDomainReloadingComplete (35ms)
	LoadAllAssembliesAndSetupDomain (656ms)
		LoadAssemblies (445ms)
		RebuildTransferFunctionScriptingTraits (0ms)
		AnalyzeDomain (309ms)
			TypeCache.Refresh (7ms)
				TypeCache.ScanAssembly (0ms)
			BuildScriptInfoCaches (286ms)
			ResolveRequiredComponents (10ms)
	FinalizeReload (928ms)
		ReleaseScriptCaches (0ms)
		RebuildScriptCaches (0ms)
		SetupLoadedEditorAssemblies (750ms)
			LogAssemblyErrors (0ms)
			InitializePlatformSupportModulesInManaged (2ms)
			SetLoadedEditorAssemblies (4ms)
			BeforeProcessingInitializeOnLoad (179ms)
			ProcessInitializeOnLoadAttributes (366ms)
			ProcessInitializeOnLoadMethodAttributes (190ms)
			AfterProcessingInitializeOnLoad (9ms)
			EditorAssembliesLoaded (1ms)
		ExecutionOrderSort2 (0ms)
		AwakeInstancesAfterBackupRestoration (20ms)
Refreshing native plugins compatible for Editor in 3.88 ms, found 5 plugins.
Preloading 1 native plugins for Editor in 0.08 ms.
Unloading 53 Unused Serialized files (Serialized files now loaded: 0)
Unloading 9403 unused Assets / (19.7 MB). Loaded Objects now: 10273.
Memory consumption went from 206.5 MB to 186.8 MB.
Total: 17.653600 ms (FindLiveObjects: 1.110600 ms CreateObjectMapping: 1.594100 ms MarkObjects: 7.184700 ms  DeleteObjects: 7.762400 ms)

Prepare: number of updated asset objects reloaded= 0
========================================================================
Received Import Request.
  Time since last request: 3316.550800 seconds.
  path: Assets/Enemigos
  artifactKey: Guid(9d39220dfcad26f4eaad062ba28e4169) Importer(815301076,1909f56bfc062723c751e8b465ee728b)
Start importing Assets/Enemigos using Guid(9d39220dfcad26f4eaad062ba28e4169) Importer(815301076,1909f56bfc062723c751e8b465ee728b) (PreviewImporter) -> (artifact id: 'deb0ee66f18019aba6e386dc9cda4e4e') in 0.0027565 seconds
Number of updated asset objects reloaded before import = 0Number of asset objects unloaded after import = 0

========================================================================
Received Import Request.
  Time since last request: 8.324970 seconds.
  path: Assets/Enemigos/Caminar
  artifactKey: Guid(f9b1391835b86fa469e6df2bdeeca0f2) Importer(815301076,1909f56bfc062723c751e8b465ee728b)
Start importing Assets/Enemigos/Caminar using Guid(f9b1391835b86fa469e6df2bdeeca0f2) Importer(815301076,1909f56bfc062723c751e8b465ee728b) (PreviewImporter) -> (artifact id: '96914f75e29ec763767045425dbeb78c') in 0.0040879 seconds
Number of updated asset objects reloaded before import = 0Number of asset objects unloaded after import = 0

========================================================================
Received Import Request.
  Time since last request: 7.052814 seconds.
  path: Assets/Enemigos/Golpear
  artifactKey: Guid(d37d75b5706c2064d8423dd9be1502f9) Importer(815301076,1909f56bfc062723c751e8b465ee728b)
Start importing Assets/Enemigos/Golpear using Guid(d37d75b5706c2064d8423dd9be1502f9) Importer(815301076,1909f56bfc062723c751e8b465ee728b) (PreviewImporter) -> (artifact id: '2f4a0eef7998246dd4a82c1bfcdcb0f7') in 0.0037279 seconds
Number of updated asset objects reloaded before import = 0Number of asset objects unloaded after import = 0

========================================================================
Received Import Request.
  Time since last request: 79.268835 seconds.
  path: Assets/Enemigos/Caminar/Modelo de villano 32x32 (Caminando)-Sheet.aseprite
  artifactKey: Guid(91b298cd6db2bb7469ec9f1ee5465fbb) Importer(815301076,1909f56bfc062723c751e8b465ee728b)
Start importing Assets/Enemigos/Caminar/Modelo de villano 32x32 (Caminando)-Sheet.aseprite using Guid(91b298cd6db2bb7469ec9f1ee5465fbb) Importer(815301076,1909f56bfc062723c751e8b465ee728b) (PreviewImporter) -> (artifact id: '35f292feb5d13fca4a2a13e306218d81') in 0.6666594 seconds
Number of updated asset objects reloaded before import = 0Number of asset objects unloaded after import = 7

========================================================================
Received Import Request.
  Time since last request: 125.753532 seconds.
  path: Assets/Enemigos/Caminar/Modelo de villano 32x32 (Caminando)-Sheet.aseprite
  artifactKey: Guid(91b298cd6db2bb7469ec9f1ee5465fbb) Importer(815301076,1909f56bfc062723c751e8b465ee728b)
Start importing Assets/Enemigos/Caminar/Modelo de villano 32x32 (Caminando)-Sheet.aseprite using Guid(91b298cd6db2bb7469ec9f1ee5465fbb) Importer(815301076,1909f56bfc062723c751e8b465ee728b) (PreviewImporter) -> (artifact id: 'f4c5ca335c93064646824d8247be37f7') in 0.1303557 seconds
Number of updated asset objects reloaded before import = 0Number of asset objects unloaded after import = 7

========================================================================
Received Import Request.
  Time since last request: 89.889831 seconds.
  path: Assets/Enemigos/Caminar/Modelo de villano 32x32 (Caminando)-Sheet.aseprite
  artifactKey: Guid(91b298cd6db2bb7469ec9f1ee5465fbb) Importer(815301076,1909f56bfc062723c751e8b465ee728b)
Start importing Assets/Enemigos/Caminar/Modelo de villano 32x32 (Caminando)-Sheet.aseprite using Guid(91b298cd6db2bb7469ec9f1ee5465fbb) Importer(815301076,1909f56bfc062723c751e8b465ee728b) (PreviewImporter) -> (artifact id: 'f924bbc429d8e60cd279dd3046f4f6dd') in 0.1111039 seconds
Number of updated asset objects reloaded before import = 0Number of asset objects unloaded after import = 7

========================================================================
Received Import Request.
  Time since last request: 59.110926 seconds.
  path: Assets/Enemigos/Golpear/Modelo de villano 32x32(Ataque)-Sheet.aseprite
  artifactKey: Guid(ff00f36582a9db746b2cb58a596e2ce6) Importer(815301076,1909f56bfc062723c751e8b465ee728b)
Start importing Assets/Enemigos/Golpear/Modelo de villano 32x32(Ataque)-Sheet.aseprite using Guid(ff00f36582a9db746b2cb58a596e2ce6) Importer(815301076,1909f56bfc062723c751e8b465ee728b) (PreviewImporter) -> (artifact id: 'e046a681fd993feb604e2be741fca699') in 0.0385976 seconds
Number of updated asset objects reloaded before import = 0Number of asset objects unloaded after import = 7

========================================================================
Received Import Request.
  Time since last request: 7.345174 seconds.
  path: Assets/Enemigos/Golpear/Modelo de villano 32x32(Ataque)-Sheet.aseprite
  artifactKey: Guid(ff00f36582a9db746b2cb58a596e2ce6) Importer(815301076,1909f56bfc062723c751e8b465ee728b)
Start importing Assets/Enemigos/Golpear/Modelo de villano 32x32(Ataque)-Sheet.aseprite using Guid(ff00f36582a9db746b2cb58a596e2ce6) Importer(815301076,1909f56bfc062723c751e8b465ee728b) (PreviewImporter) -> (artifact id: 'f6240f1b52e3afcedce81947ea208a7f') in 0.1040119 seconds
Number of updated asset objects reloaded before import = 0Number of asset objects unloaded after import = 7

========================================================================
Received Prepare
Refreshing native plugins compatible for Editor in 3.56 ms, found 5 plugins.
Preloading 1 native plugins for Editor in 0.05 ms.
Unloading 53 Unused Serialized files (Serialized files now loaded: 0)
Unloading 9385 unused Assets / (19.4 MB). Loaded Objects now: 10416.
Memory consumption went from 202.1 MB to 182.7 MB.
Total: 24.063700 ms (FindLiveObjects: 1.044800 ms CreateObjectMapping: 1.186100 ms MarkObjects: 12.962300 ms  DeleteObjects: 8.869000 ms)

Prepare: number of updated asset objects reloaded= 0
========================================================================
Received Import Request.
  Time since last request: 84.723259 seconds.
  path: Assets/Scripts/EnemigoIA.cs
  artifactKey: Guid(07720c19042dd6845a64c3fed7855a6f) Importer(815301076,1909f56bfc062723c751e8b465ee728b)
Start importing Assets/Scripts/EnemigoIA.cs using Guid(07720c19042dd6845a64c3fed7855a6f) Importer(815301076,1909f56bfc062723c751e8b465ee728b) (PreviewImporter) -> (artifact id: 'b880fc55375f337fafbbe76fd9dfff57') in 0.0007097 seconds
Number of updated asset objects reloaded before import = 0Number of asset objects unloaded after import = 0

========================================================================
Received Prepare
Begin MonoManager ReloadAssembly
[Licensing::Client] Successfully resolved entitlement details
Duplicate assembly 'System.Runtime.CompilerServices.Unsafe.dll' with different versions detected, using 'Packages/com.unity.collections/Unity.Collections.Tests/System.Runtime.CompilerServices.Unsafe/System.Runtime.CompilerServices.Unsafe.dll, AssemblyName=System.Runtime.CompilerServices.Unsafe, Version=6.0.0.0, Culture=neutral, PublicKeyToken=b03f5f7f11d50a3a' and ignoring 'Packages/com.unity.ai.assistant/Plugins/Markdig/Dependencies/System.Runtime.CompilerServices.Unsafe.dll, AssemblyName=System.Runtime.CompilerServices.Unsafe, Version=4.0.6.0, Culture=neutral, PublicKeyToken=b03f5f7f11d50a3a'.Symbol file LoadedFromMemory is not a mono symbol file
Symbol file LoadedFromMemory is not a mono symbol file
- Loaded All Assemblies, in  2.198 seconds
Refreshing native plugins compatible for Editor in 4.89 ms, found 5 plugins.
Native extension for WindowsStandalone target not found
[Package Manager] Failed to launch server process. Reason: Unity was launched with the -noUpm command-line argument
[Package Manager] Unable to send message (not connected to server process).
[Package Manager] Cannot connect to Unity Package Manager local server
[Package Manager] Failed to launch server process. Reason: Unity was launched with the -noUpm command-line argument
[Package Manager] Unable to send message (not connected to server process).
[Package Manager] Cannot connect to Unity Package Manager local server
Mono: successfully reloaded assembly
- Finished resetting the current domain, in  1.843 seconds
Domain Reload Profiling: 4039ms
	BeginReloadAssembly (528ms)
		ExecutionOrderSort (0ms)
		DisableScriptedObjects (64ms)
		BackupInstance (0ms)
		ReleaseScriptingObjects (0ms)
		CreateAndSetChildDomain (168ms)
	RebuildCommonClasses (60ms)
	RebuildNativeTypeToScriptingClass (36ms)
	initialDomainReloadingComplete (82ms)
	LoadAllAssembliesAndSetupDomain (1491ms)
		LoadAssemblies (1004ms)
		RebuildTransferFunctionScriptingTraits (0ms)
		AnalyzeDomain (672ms)
			TypeCache.Refresh (27ms)
				TypeCache.ScanAssembly (5ms)
			BuildScriptInfoCaches (607ms)
			ResolveRequiredComponents (30ms)
	FinalizeReload (1844ms)
		ReleaseScriptCaches (0ms)
		RebuildScriptCaches (0ms)
		SetupLoadedEditorAssemblies (1499ms)
			LogAssemblyErrors (0ms)
			InitializePlatformSupportModulesInManaged (2ms)
			SetLoadedEditorAssemblies (6ms)
			BeforeProcessingInitializeOnLoad (409ms)
			ProcessInitializeOnLoadAttributes (726ms)
			ProcessInitializeOnLoadMethodAttributes (340ms)
			AfterProcessingInitializeOnLoad (15ms)
			EditorAssembliesLoaded (1ms)
		ExecutionOrderSort2 (0ms)
		AwakeInstancesAfterBackupRestoration (31ms)
Refreshing native plugins compatible for Editor in 5.71 ms, found 5 plugins.
Preloading 1 native plugins for Editor in 0.09 ms.
Unloading 53 Unused Serialized files (Serialized files now loaded: 0)
Unloading 9404 unused Assets / (20.7 MB). Loaded Objects now: 10315.
Memory consumption went from 200.9 MB to 180.3 MB.
Total: 25.393900 ms (FindLiveObjects: 1.279500 ms CreateObjectMapping: 1.525200 ms MarkObjects: 11.574000 ms  DeleteObjects: 11.012900 ms)

Prepare: number of updated asset objects reloaded= 0
========================================================================
Received Import Request.
  Time since last request: 16.611802 seconds.
  path: Assets/Scripts/EnemigoIA.cs
  artifactKey: Guid(07720c19042dd6845a64c3fed7855a6f) Importer(815301076,1909f56bfc062723c751e8b465ee728b)
Start importing Assets/Scripts/EnemigoIA.cs using Guid(07720c19042dd6845a64c3fed7855a6f) Importer(815301076,1909f56bfc062723c751e8b465ee728b) (PreviewImporter) -> (artifact id: '00000000000000000000000000000000') in 0.0049688 seconds
Import Error Code:(4)
Message: Build asset version error: assets/scripts/enemigoia.cs in SourceAssetDB has modification time of '2025-11-22T03:56:47.7179945Z' while content on disk has modification time of '2025-11-22T03:57:01.6579779Z'
  ERROR: Build asset version error: assets/scripts/enemigoia.cs in SourceAssetDB has modification time of '2025-11-22T03:56:47.7179945Z' while content on disk has modification time of '2025-11-22T03:57:01.6579779Z'
Number of updated asset objects reloaded before import = 0Number of asset objects unloaded after import = 0

========================================================================
Received Import Request.
  Time since last request: 0.000022 seconds.
  path: Assets/Scripts/EnemigoIA.cs
  artifactKey: Guid(07720c19042dd6845a64c3fed7855a6f) Importer(815301076,1909f56bfc062723c751e8b465ee728b)
Start importing Assets/Scripts/EnemigoIA.cs using Guid(07720c19042dd6845a64c3fed7855a6f) Importer(815301076,1909f56bfc062723c751e8b465ee728b) (PreviewImporter) -> (artifact id: '00000000000000000000000000000000') in 0.000888 seconds
Import Error Code:(4)
Message: Build asset version error: assets/scripts/enemigoia.cs in SourceAssetDB has modification time of '2025-11-22T03:56:47.7179945Z' while content on disk has modification time of '2025-11-22T03:57:01.6579779Z'
  ERROR: Build asset version error: assets/scripts/enemigoia.cs in SourceAssetDB has modification time of '2025-11-22T03:56:47.7179945Z' while content on disk has modification time of '2025-11-22T03:57:01.6579779Z'
Number of updated asset objects reloaded before import = 0Number of asset objects unloaded after import = 0

========================================================================
Received Import Request.
  Time since last request: 0.000021 seconds.
  path: Assets/Scripts/EnemigoIA.cs
  artifactKey: Guid(07720c19042dd6845a64c3fed7855a6f) Importer(815301076,1909f56bfc062723c751e8b465ee728b)
Start importing Assets/Scripts/EnemigoIA.cs using Guid(07720c19042dd6845a64c3fed7855a6f) Importer(815301076,1909f56bfc062723c751e8b465ee728b) (PreviewImporter) -> (artifact id: '00000000000000000000000000000000') in 0.000589 seconds
Import Error Code:(4)
Message: Build asset version error: assets/scripts/enemigoia.cs in SourceAssetDB has modification time of '2025-11-22T03:56:47.7179945Z' while content on disk has modification time of '2025-11-22T03:57:01.6579779Z'
  ERROR: Build asset version error: assets/scripts/enemigoia.cs in SourceAssetDB has modification time of '2025-11-22T03:56:47.7179945Z' while content on disk has modification time of '2025-11-22T03:57:01.6579779Z'
Number of updated asset objects reloaded before import = 0Number of asset objects unloaded after import = 0

========================================================================
Received Import Request.
  Time since last request: 0.000025 seconds.
  path: Assets/Scripts/EnemigoIA.cs
  artifactKey: Guid(07720c19042dd6845a64c3fed7855a6f) Importer(815301076,1909f56bfc062723c751e8b465ee728b)
Start importing Assets/Scripts/EnemigoIA.cs using Guid(07720c19042dd6845a64c3fed7855a6f) Importer(815301076,1909f56bfc062723c751e8b465ee728b) (PreviewImporter) -> (artifact id: '00000000000000000000000000000000') in 0.0008272 seconds
Import Error Code:(4)
Message: Build asset version error: assets/scripts/enemigoia.cs in SourceAssetDB has modification time of '2025-11-22T03:56:47.7179945Z' while content on disk has modification time of '2025-11-22T03:57:01.6579779Z'
  ERROR: Build asset version error: assets/scripts/enemigoia.cs in SourceAssetDB has modification time of '2025-11-22T03:56:47.7179945Z' while content on disk has modification time of '2025-11-22T03:57:01.6579779Z'
Number of updated asset objects reloaded before import = 0Number of asset objects unloaded after import = 0

========================================================================
Received Import Request.
  Time since last request: 0.000026 seconds.
  path: Assets/Scripts/EnemigoIA.cs
  artifactKey: Guid(07720c19042dd6845a64c3fed7855a6f) Importer(815301076,1909f56bfc062723c751e8b465ee728b)
Start importing Assets/Scripts/EnemigoIA.cs using Guid(07720c19042dd6845a64c3fed7855a6f) Importer(815301076,1909f56bfc062723c751e8b465ee728b) (PreviewImporter) -> (artifact id: '00000000000000000000000000000000') in 0.0007874 seconds
Import Error Code:(4)
Message: Build asset version error: assets/scripts/enemigoia.cs in SourceAssetDB has modification time of '2025-11-22T03:56:47.7179945Z' while content on disk has modification time of '2025-11-22T03:57:01.6579779Z'
  ERROR: Build asset version error: assets/scripts/enemigoia.cs in SourceAssetDB has modification time of '2025-11-22T03:56:47.7179945Z' while content on disk has modification time of '2025-11-22T03:57:01.6579779Z'
Number of updated asset objects reloaded before import = 0Number of asset objects unloaded after import = 0

========================================================================
Received Import Request.
  Time since last request: 0.000018 seconds.
  path: Assets/Scripts/EnemigoIA.cs
  artifactKey: Guid(07720c19042dd6845a64c3fed7855a6f) Importer(815301076,1909f56bfc062723c751e8b465ee728b)
Start importing Assets/Scripts/EnemigoIA.cs using Guid(07720c19042dd6845a64c3fed7855a6f) Importer(815301076,1909f56bfc062723c751e8b465ee728b) (PreviewImporter) -> (artifact id: '00000000000000000000000000000000') in 0.0008143 seconds
Import Error Code:(4)
Message: Build asset version error: assets/scripts/enemigoia.cs in SourceAssetDB has modification time of '2025-11-22T03:56:47.7179945Z' while content on disk has modification time of '2025-11-22T03:57:01.6579779Z'
  ERROR: Build asset version error: assets/scripts/enemigoia.cs in SourceAssetDB has modification time of '2025-11-22T03:56:47.7179945Z' while content on disk has modification time of '2025-11-22T03:57:01.6579779Z'
Number of updated asset objects reloaded before import = 0Number of asset objects unloaded after import = 0

========================================================================
Received Import Request.
  Time since last request: 0.000022 seconds.
  path: Assets/Scripts/EnemigoIA.cs
  artifactKey: Guid(07720c19042dd6845a64c3fed7855a6f) Importer(815301076,1909f56bfc062723c751e8b465ee728b)
Start importing Assets/Scripts/EnemigoIA.cs using Guid(07720c19042dd6845a64c3fed7855a6f) Importer(815301076,1909f56bfc062723c751e8b465ee728b) (PreviewImporter) -> (artifact id: '00000000000000000000000000000000') in 0.0007754 seconds
Import Error Code:(4)
Message: Build asset version error: assets/scripts/enemigoia.cs in SourceAssetDB has modification time of '2025-11-22T03:56:47.7179945Z' while content on disk has modification time of '2025-11-22T03:57:01.6579779Z'
  ERROR: Build asset version error: assets/scripts/enemigoia.cs in SourceAssetDB has modification time of '2025-11-22T03:56:47.7179945Z' while content on disk has modification time of '2025-11-22T03:57:01.6579779Z'
Number of updated asset objects reloaded before import = 0Number of asset objects unloaded after import = 0

========================================================================
Received Import Request.
  Time since last request: 0.000023 seconds.
  path: Assets/Scripts/EnemigoIA.cs
  artifactKey: Guid(07720c19042dd6845a64c3fed7855a6f) Importer(815301076,1909f56bfc062723c751e8b465ee728b)
Start importing Assets/Scripts/EnemigoIA.cs using Guid(07720c19042dd6845a64c3fed7855a6f) Importer(815301076,1909f56bfc062723c751e8b465ee728b) (PreviewImporter) -> (artifact id: '00000000000000000000000000000000') in 0.0006467 seconds
Import Error Code:(4)
Message: Build asset version error: assets/scripts/enemigoia.cs in SourceAssetDB has modification time of '2025-11-22T03:56:47.7179945Z' while content on disk has modification time of '2025-11-22T03:57:01.6579779Z'
  ERROR: Build asset version error: assets/scripts/enemigoia.cs in SourceAssetDB has modification time of '2025-11-22T03:56:47.7179945Z' while content on disk has modification time of '2025-11-22T03:57:01.6579779Z'
Number of updated asset objects reloaded before import = 0Number of asset objects unloaded after import = 0

========================================================================
Received Import Request.
  Time since last request: 0.000026 seconds.
  path: Assets/Scripts/EnemigoIA.cs
  artifactKey: Guid(07720c19042dd6845a64c3fed7855a6f) Importer(815301076,1909f56bfc062723c751e8b465ee728b)
Start importing Assets/Scripts/EnemigoIA.cs using Guid(07720c19042dd6845a64c3fed7855a6f) Importer(815301076,1909f56bfc062723c751e8b465ee728b) (PreviewImporter) -> (artifact id: '00000000000000000000000000000000') in 0.0008351 seconds
Import Error Code:(4)
Message: Build asset version error: assets/scripts/enemigoia.cs in SourceAssetDB has modification time of '2025-11-22T03:56:47.7179945Z' while content on disk has modification time of '2025-11-22T03:57:01.6579779Z'
  ERROR: Build asset version error: assets/scripts/enemigoia.cs in SourceAssetDB has modification time of '2025-11-22T03:56:47.7179945Z' while content on disk has modification time of '2025-11-22T03:57:01.6579779Z'
Number of updated asset objects reloaded before import = 0Number of asset objects unloaded after import = 0

========================================================================
Received Import Request.
  Time since last request: 0.000021 seconds.
  path: Assets/Scripts/EnemigoIA.cs
  artifactKey: Guid(07720c19042dd6845a64c3fed7855a6f) Importer(815301076,1909f56bfc062723c751e8b465ee728b)
Start importing Assets/Scripts/EnemigoIA.cs using Guid(07720c19042dd6845a64c3fed7855a6f) Importer(815301076,1909f56bfc062723c751e8b465ee728b) (PreviewImporter) -> (artifact id: '00000000000000000000000000000000') in 0.0007928 seconds
Import Error Code:(4)
Message: Build asset version error: assets/scripts/enemigoia.cs in SourceAssetDB has modification time of '2025-11-22T03:56:47.7179945Z' while content on disk has modification time of '2025-11-22T03:57:01.6579779Z'
  ERROR: Build asset version error: assets/scripts/enemigoia.cs in SourceAssetDB has modification time of '2025-11-22T03:56:47.7179945Z' while content on disk has modification time of '2025-11-22T03:57:01.6579779Z'
Number of updated asset objects reloaded before import = 0Number of asset objects unloaded after import = 0

========================================================================
Received Import Request.
  Time since last request: 0.000015 seconds.
  path: Assets/Scripts/EnemigoIA.cs
  artifactKey: Guid(07720c19042dd6845a64c3fed7855a6f) Importer(815301076,1909f56bfc062723c751e8b465ee728b)
Start importing Assets/Scripts/EnemigoIA.cs using Guid(07720c19042dd6845a64c3fed7855a6f) Importer(815301076,1909f56bfc062723c751e8b465ee728b) (PreviewImporter) -> (artifact id: '00000000000000000000000000000000') in 0.0006454 seconds
Import Error Code:(4)
Message: Build asset version error: assets/scripts/enemigoia.cs in SourceAssetDB has modification time of '2025-11-22T03:56:47.7179945Z' while content on disk has modification time of '2025-11-22T03:57:01.6579779Z'
  ERROR: Build asset version error: assets/scripts/enemigoia.cs in SourceAssetDB has modification time of '2025-11-22T03:56:47.7179945Z' while content on disk has modification time of '2025-11-22T03:57:01.6579779Z'
Number of updated asset objects reloaded before import = 0Number of asset objects unloaded after import = 0

========================================================================
Received Import Request.
  Time since last request: 0.000024 seconds.
  path: Assets/Scripts/EnemigoIA.cs
  artifactKey: Guid(07720c19042dd6845a64c3fed7855a6f) Importer(815301076,1909f56bfc062723c751e8b465ee728b)
Start importing Assets/Scripts/EnemigoIA.cs using Guid(07720c19042dd6845a64c3fed7855a6f) Importer(815301076,1909f56bfc062723c751e8b465ee728b) (PreviewImporter) -> (artifact id: '00000000000000000000000000000000') in 0.0008354 seconds
Import Error Code:(4)
Message: Build asset version error: assets/scripts/enemigoia.cs in SourceAssetDB has modification time of '2025-11-22T03:56:47.7179945Z' while content on disk has modification time of '2025-11-22T03:57:01.6579779Z'
  ERROR: Build asset version error: assets/scripts/enemigoia.cs in SourceAssetDB has modification time of '2025-11-22T03:56:47.7179945Z' while content on disk has modification time of '2025-11-22T03:57:01.6579779Z'
Number of updated asset objects reloaded before import = 0Number of asset objects unloaded after import = 0

========================================================================
Received Import Request.
  Time since last request: 0.000035 seconds.
  path: Assets/Scripts/EnemigoIA.cs
  artifactKey: Guid(07720c19042dd6845a64c3fed7855a6f) Importer(815301076,1909f56bfc062723c751e8b465ee728b)
Start importing Assets/Scripts/EnemigoIA.cs using Guid(07720c19042dd6845a64c3fed7855a6f) Importer(815301076,1909f56bfc062723c751e8b465ee728b) (PreviewImporter) -> (artifact id: '00000000000000000000000000000000') in 0.0008333 seconds
Import Error Code:(4)
Message: Build asset version error: assets/scripts/enemigoia.cs in SourceAssetDB has modification time of '2025-11-22T03:56:47.7179945Z' while content on disk has modification time of '2025-11-22T03:57:01.6579779Z'
  ERROR: Build asset version error: assets/scripts/enemigoia.cs in SourceAssetDB has modification time of '2025-11-22T03:56:47.7179945Z' while content on disk has modification time of '2025-11-22T03:57:01.6579779Z'
Number of updated asset objects reloaded before import = 0Number of asset objects unloaded after import = 0

========================================================================
Received Import Request.
  Time since last request: 0.000022 seconds.
  path: Assets/Scripts/EnemigoIA.cs
  artifactKey: Guid(07720c19042dd6845a64c3fed7855a6f) Importer(815301076,1909f56bfc062723c751e8b465ee728b)
Start importing Assets/Scripts/EnemigoIA.cs using Guid(07720c19042dd6845a64c3fed7855a6f) Importer(815301076,1909f56bfc062723c751e8b465ee728b) (PreviewImporter) -> (artifact id: '00000000000000000000000000000000') in 0.0007784 seconds
Import Error Code:(4)
Message: Build asset version error: assets/scripts/enemigoia.cs in SourceAssetDB has modification time of '2025-11-22T03:56:47.7179945Z' while content on disk has modification time of '2025-11-22T03:57:01.6579779Z'
  ERROR: Build asset version error: assets/scripts/enemigoia.cs in SourceAssetDB has modification time of '2025-11-22T03:56:47.7179945Z' while content on disk has modification time of '2025-11-22T03:57:01.6579779Z'
Number of updated asset objects reloaded before import = 0Number of asset objects unloaded after import = 0

========================================================================
Received Import Request.
  Time since last request: 0.000022 seconds.
  path: Assets/Scripts/EnemigoIA.cs
  artifactKey: Guid(07720c19042dd6845a64c3fed7855a6f) Importer(815301076,1909f56bfc062723c751e8b465ee728b)
Start importing Assets/Scripts/EnemigoIA.cs using Guid(07720c19042dd6845a64c3fed7855a6f) Importer(815301076,1909f56bfc062723c751e8b465ee728b) (PreviewImporter) -> (artifact id: '00000000000000000000000000000000') in 0.0008048 seconds
Import Error Code:(4)
Message: Build asset version error: assets/scripts/enemigoia.cs in SourceAssetDB has modification time of '2025-11-22T03:56:47.7179945Z' while content on disk has modification time of '2025-11-22T03:57:01.6579779Z'
  ERROR: Build asset version error: assets/scripts/enemigoia.cs in SourceAssetDB has modification time of '2025-11-22T03:56:47.7179945Z' while content on disk has modification time of '2025-11-22T03:57:01.6579779Z'
Number of updated asset objects reloaded before import = 0Number of asset objects unloaded after import = 0

========================================================================
Received Import Request.
  Time since last request: 0.000024 seconds.
  path: Assets/Scripts/EnemigoIA.cs
  artifactKey: Guid(07720c19042dd6845a64c3fed7855a6f) Importer(815301076,1909f56bfc062723c751e8b465ee728b)
Start importing Assets/Scripts/EnemigoIA.cs using Guid(07720c19042dd6845a64c3fed7855a6f) Importer(815301076,1909f56bfc062723c751e8b465ee728b) (PreviewImporter) -> (artifact id: '00000000000000000000000000000000') in 0.0012577 seconds
Import Error Code:(4)
Message: Build asset version error: assets/scripts/enemigoia.cs in SourceAssetDB has modification time of '2025-11-22T03:56:47.7179945Z' while content on disk has modification time of '2025-11-22T03:57:01.6579779Z'
  ERROR: Build asset version error: assets/scripts/enemigoia.cs in SourceAssetDB has modification time of '2025-11-22T03:56:47.7179945Z' while content on disk has modification time of '2025-11-22T03:57:01.6579779Z'
Number of updated asset objects reloaded before import = 0Number of asset objects unloaded after import = 0

========================================================================
Received Import Request.
  Time since last request: 0.000034 seconds.
  path: Assets/Scripts/EnemigoIA.cs
  artifactKey: Guid(07720c19042dd6845a64c3fed7855a6f) Importer(815301076,1909f56bfc062723c751e8b465ee728b)
Start importing Assets/Scripts/EnemigoIA.cs using Guid(07720c19042dd6845a64c3fed7855a6f) Importer(815301076,1909f56bfc062723c751e8b465ee728b) (PreviewImporter) -> (artifact id: '00000000000000000000000000000000') in 0.0008223 seconds
Import Error Code:(4)
Message: Build asset version error: assets/scripts/enemigoia.cs in SourceAssetDB has modification time of '2025-11-22T03:56:47.7179945Z' while content on disk has modification time of '2025-11-22T03:57:01.6579779Z'
  ERROR: Build asset version error: assets/scripts/enemigoia.cs in SourceAssetDB has modification time of '2025-11-22T03:56:47.7179945Z' while content on disk has modification time of '2025-11-22T03:57:01.6579779Z'
Number of updated asset objects reloaded before import = 0Number of asset objects unloaded after import = 0

========================================================================
Received Import Request.
  Time since last request: 0.000016 seconds.
  path: Assets/Scripts/EnemigoIA.cs
  artifactKey: Guid(07720c19042dd6845a64c3fed7855a6f) Importer(815301076,1909f56bfc062723c751e8b465ee728b)
Start importing Assets/Scripts/EnemigoIA.cs using Guid(07720c19042dd6845a64c3fed7855a6f) Importer(815301076,1909f56bfc062723c751e8b465ee728b) (PreviewImporter) -> (artifact id: '00000000000000000000000000000000') in 0.0008137 seconds
Import Error Code:(4)
Message: Build asset version error: assets/scripts/enemigoia.cs in SourceAssetDB has modification time of '2025-11-22T03:56:47.7179945Z' while content on disk has modification time of '2025-11-22T03:57:01.6579779Z'
  ERROR: Build asset version error: assets/scripts/enemigoia.cs in SourceAssetDB has modification time of '2025-11-22T03:56:47.7179945Z' while content on disk has modification time of '2025-11-22T03:57:01.6579779Z'
Number of updated asset objects reloaded before import = 0Number of asset objects unloaded after import = 0

========================================================================
Received Import Request.
  Time since last request: 0.000021 seconds.
  path: Assets/Scripts/EnemigoIA.cs
  artifactKey: Guid(07720c19042dd6845a64c3fed7855a6f) Importer(815301076,1909f56bfc062723c751e8b465ee728b)
Start importing Assets/Scripts/EnemigoIA.cs using Guid(07720c19042dd6845a64c3fed7855a6f) Importer(815301076,1909f56bfc062723c751e8b465ee728b) (PreviewImporter) -> (artifact id: '00000000000000000000000000000000') in 0.0007017 seconds
Import Error Code:(4)
Message: Build asset version error: assets/scripts/enemigoia.cs in SourceAssetDB has modification time of '2025-11-22T03:56:47.7179945Z' while content on disk has modification time of '2025-11-22T03:57:01.6579779Z'
  ERROR: Build asset version error: assets/scripts/enemigoia.cs in SourceAssetDB has modification time of '2025-11-22T03:56:47.7179945Z' while content on disk has modification time of '2025-11-22T03:57:01.6579779Z'
Number of updated asset objects reloaded before import = 0Number of asset objects unloaded after import = 0

========================================================================
Received Import Request.
  Time since last request: 0.000018 seconds.
  path: Assets/Scripts/EnemigoIA.cs
  artifactKey: Guid(07720c19042dd6845a64c3fed7855a6f) Importer(815301076,1909f56bfc062723c751e8b465ee728b)
Start importing Assets/Scripts/EnemigoIA.cs using Guid(07720c19042dd6845a64c3fed7855a6f) Importer(815301076,1909f56bfc062723c751e8b465ee728b) (PreviewImporter) -> (artifact id: '00000000000000000000000000000000') in 0.0008732 seconds
Import Error Code:(4)
Message: Build asset version error: assets/scripts/enemigoia.cs in SourceAssetDB has modification time of '2025-11-22T03:56:47.7179945Z' while content on disk has modification time of '2025-11-22T03:57:01.6579779Z'
  ERROR: Build asset version error: assets/scripts/enemigoia.cs in SourceAssetDB has modification time of '2025-11-22T03:56:47.7179945Z' while content on disk has modification time of '2025-11-22T03:57:01.6579779Z'
Number of updated asset objects reloaded before import = 0Number of asset objects unloaded after import = 0

========================================================================
Received Import Request.
  Time since last request: 0.000036 seconds.
  path: Assets/Scripts/EnemigoIA.cs
  artifactKey: Guid(07720c19042dd6845a64c3fed7855a6f) Importer(815301076,1909f56bfc062723c751e8b465ee728b)
Start importing Assets/Scripts/EnemigoIA.cs using Guid(07720c19042dd6845a64c3fed7855a6f) Importer(815301076,1909f56bfc062723c751e8b465ee728b) (PreviewImporter) -> (artifact id: '00000000000000000000000000000000') in 0.0008004 seconds
Import Error Code:(4)
Message: Build asset version error: assets/scripts/enemigoia.cs in SourceAssetDB has modification time of '2025-11-22T03:56:47.7179945Z' while content on disk has modification time of '2025-11-22T03:57:01.6579779Z'
  ERROR: Build asset version error: assets/scripts/enemigoia.cs in SourceAssetDB has modification time of '2025-11-22T03:56:47.7179945Z' while content on disk has modification time of '2025-11-22T03:57:01.6579779Z'
Number of updated asset objects reloaded before import = 0Number of asset objects unloaded after import = 0

========================================================================
Received Import Request.
  Time since last request: 0.000021 seconds.
  path: Assets/Scripts/EnemigoIA.cs
  artifactKey: Guid(07720c19042dd6845a64c3fed7855a6f) Importer(815301076,1909f56bfc062723c751e8b465ee728b)
Start importing Assets/Scripts/EnemigoIA.cs using Guid(07720c19042dd6845a64c3fed7855a6f) Importer(815301076,1909f56bfc062723c751e8b465ee728b) (PreviewImporter) -> (artifact id: '00000000000000000000000000000000') in 0.0007942 seconds
Import Error Code:(4)
Message: Build asset version error: assets/scripts/enemigoia.cs in SourceAssetDB has modification time of '2025-11-22T03:56:47.7179945Z' while content on disk has modification time of '2025-11-22T03:57:01.6579779Z'
  ERROR: Build asset version error: assets/scripts/enemigoia.cs in SourceAssetDB has modification time of '2025-11-22T03:56:47.7179945Z' while content on disk has modification time of '2025-11-22T03:57:01.6579779Z'
Number of updated asset objects reloaded before import = 0Number of asset objects unloaded after import = 0

========================================================================
Received Import Request.
  Time since last request: 0.000024 seconds.
  path: Assets/Scripts/EnemigoIA.cs
  artifactKey: Guid(07720c19042dd6845a64c3fed7855a6f) Importer(815301076,1909f56bfc062723c751e8b465ee728b)
Start importing Assets/Scripts/EnemigoIA.cs using Guid(07720c19042dd6845a64c3fed7855a6f) Importer(815301076,1909f56bfc062723c751e8b465ee728b) (PreviewImporter) -> (artifact id: '00000000000000000000000000000000') in 0.0010149 seconds
Import Error Code:(4)
Message: Build asset version error: assets/scripts/enemigoia.cs in SourceAssetDB has modification time of '2025-11-22T03:56:47.7179945Z' while content on disk has modification time of '2025-11-22T03:57:01.6579779Z'
  ERROR: Build asset version error: assets/scripts/enemigoia.cs in SourceAssetDB has modification time of '2025-11-22T03:56:47.7179945Z' while content on disk has modification time of '2025-11-22T03:57:01.6579779Z'
Number of updated asset objects reloaded before import = 0Number of asset objects unloaded after import = 0

========================================================================
Received Import Request.
  Time since last request: 0.000025 seconds.
  path: Assets/Scripts/EnemigoIA.cs
  artifactKey: Guid(07720c19042dd6845a64c3fed7855a6f) Importer(815301076,1909f56bfc062723c751e8b465ee728b)
Start importing Assets/Scripts/EnemigoIA.cs using Guid(07720c19042dd6845a64c3fed7855a6f) Importer(815301076,1909f56bfc062723c751e8b465ee728b) (PreviewImporter) -> (artifact id: '00000000000000000000000000000000') in 0.0005674 seconds
Import Error Code:(4)
Message: Build asset version error: assets/scripts/enemigoia.cs in SourceAssetDB has modification time of '2025-11-22T03:56:47.7179945Z' while content on disk has modification time of '2025-11-22T03:57:01.6579779Z'
  ERROR: Build asset version error: assets/scripts/enemigoia.cs in SourceAssetDB has modification time of '2025-11-22T03:56:47.7179945Z' while content on disk has modification time of '2025-11-22T03:57:01.6579779Z'
Number of updated asset objects reloaded before import = 0Number of asset objects unloaded after import = 0

========================================================================
Received Import Request.
  Time since last request: 0.000037 seconds.
  path: Assets/Scripts/EnemigoIA.cs
  artifactKey: Guid(07720c19042dd6845a64c3fed7855a6f) Importer(815301076,1909f56bfc062723c751e8b465ee728b)
Start importing Assets/Scripts/EnemigoIA.cs using Guid(07720c19042dd6845a64c3fed7855a6f) Importer(815301076,1909f56bfc062723c751e8b465ee728b) (PreviewImporter) -> (artifact id: '00000000000000000000000000000000') in 0.0008492 seconds
Import Error Code:(4)
Message: Build asset version error: assets/scripts/enemigoia.cs in SourceAssetDB has modification time of '2025-11-22T03:56:47.7179945Z' while content on disk has modification time of '2025-11-22T03:57:01.6579779Z'
  ERROR: Build asset version error: assets/scripts/enemigoia.cs in SourceAssetDB has modification time of '2025-11-22T03:56:47.7179945Z' while content on disk has modification time of '2025-11-22T03:57:01.6579779Z'
Number of updated asset objects reloaded before import = 0Number of asset objects unloaded after import = 0

========================================================================
Received Import Request.
  Time since last request: 0.000021 seconds.
  path: Assets/Scripts/EnemigoIA.cs
  artifactKey: Guid(07720c19042dd6845a64c3fed7855a6f) Importer(815301076,1909f56bfc062723c751e8b465ee728b)
Start importing Assets/Scripts/EnemigoIA.cs using Guid(07720c19042dd6845a64c3fed7855a6f) Importer(815301076,1909f56bfc062723c751e8b465ee728b) (PreviewImporter) -> (artifact id: '00000000000000000000000000000000') in 0.000809 seconds
Import Error Code:(4)
Message: Build asset version error: assets/scripts/enemigoia.cs in SourceAssetDB has modification time of '2025-11-22T03:56:47.7179945Z' while content on disk has modification time of '2025-11-22T03:57:01.6579779Z'
  ERROR: Build asset version error: assets/scripts/enemigoia.cs in SourceAssetDB has modification time of '2025-11-22T03:56:47.7179945Z' while content on disk has modification time of '2025-11-22T03:57:01.6579779Z'
Number of updated asset objects reloaded before import = 0Number of asset objects unloaded after import = 0

========================================================================
Received Import Request.
  Time since last request: 0.000023 seconds.
  path: Assets/Scripts/EnemigoIA.cs
  artifactKey: Guid(07720c19042dd6845a64c3fed7855a6f) Importer(815301076,1909f56bfc062723c751e8b465ee728b)
Start importing Assets/Scripts/EnemigoIA.cs using Guid(07720c19042dd6845a64c3fed7855a6f) Importer(815301076,1909f56bfc062723c751e8b465ee728b) (PreviewImporter) -> (artifact id: '00000000000000000000000000000000') in 0.0009505 seconds
Import Error Code:(4)
Message: Build asset version error: assets/scripts/enemigoia.cs in SourceAssetDB has modification time of '2025-11-22T03:56:47.7179945Z' while content on disk has modification time of '2025-11-22T03:57:01.6579779Z'
  ERROR: Build asset version error: assets/scripts/enemigoia.cs in SourceAssetDB has modification time of '2025-11-22T03:56:47.7179945Z' while content on disk has modification time of '2025-11-22T03:57:01.6579779Z'
Number of updated asset objects reloaded before import = 0Number of asset objects unloaded after import = 0

========================================================================
Received Import Request.
  Time since last request: 0.000025 seconds.
  path: Assets/Scripts/EnemigoIA.cs
  artifactKey: Guid(07720c19042dd6845a64c3fed7855a6f) Importer(815301076,1909f56bfc062723c751e8b465ee728b)
Start importing Assets/Scripts/EnemigoIA.cs using Guid(07720c19042dd6845a64c3fed7855a6f) Importer(815301076,1909f56bfc062723c751e8b465ee728b) (PreviewImporter) -> (artifact id: '00000000000000000000000000000000') in 0.0008362 seconds
Import Error Code:(4)
Message: Build asset version error: assets/scripts/enemigoia.cs in SourceAssetDB has modification time of '2025-11-22T03:56:47.7179945Z' while content on disk has modification time of '2025-11-22T03:57:01.6579779Z'
  ERROR: Build asset version error: assets/scripts/enemigoia.cs in SourceAssetDB has modification time of '2025-11-22T03:56:47.7179945Z' while content on disk has modification time of '2025-11-22T03:57:01.6579779Z'
Number of updated asset objects reloaded before import = 0Number of asset objects unloaded after import = 0

========================================================================
Received Import Request.
  Time since last request: 0.000025 seconds.
  path: Assets/Scripts/EnemigoIA.cs
  artifactKey: Guid(07720c19042dd6845a64c3fed7855a6f) Importer(815301076,1909f56bfc062723c751e8b465ee728b)
Start importing Assets/Scripts/EnemigoIA.cs using Guid(07720c19042dd6845a64c3fed7855a6f) Importer(815301076,1909f56bfc062723c751e8b465ee728b) (PreviewImporter) -> (artifact id: '00000000000000000000000000000000') in 0.0006595 seconds
Import Error Code:(4)
Message: Build asset version error: assets/scripts/enemigoia.cs in SourceAssetDB has modification time of '2025-11-22T03:56:47.7179945Z' while content on disk has modification time of '2025-11-22T03:57:01.6579779Z'
  ERROR: Build asset version error: assets/scripts/enemigoia.cs in SourceAssetDB has modification time of '2025-11-22T03:56:47.7179945Z' while content on disk has modification time of '2025-11-22T03:57:01.6579779Z'
Number of updated asset objects reloaded before import = 0Number of asset objects unloaded after import = 0

========================================================================
Received Import Request.
  Time since last request: 0.000044 seconds.
  path: Assets/Scripts/EnemigoIA.cs
  artifactKey: Guid(07720c19042dd6845a64c3fed7855a6f) Importer(815301076,1909f56bfc062723c751e8b465ee728b)
Start importing Assets/Scripts/EnemigoIA.cs using Guid(07720c19042dd6845a64c3fed7855a6f) Importer(815301076,1909f56bfc062723c751e8b465ee728b) (PreviewImporter) -> (artifact id: '00000000000000000000000000000000') in 0.000868 seconds
Import Error Code:(4)
Message: Build asset version error: assets/scripts/enemigoia.cs in SourceAssetDB has modification time of '2025-11-22T03:56:47.7179945Z' while content on disk has modification time of '2025-11-22T03:57:01.6579779Z'
  ERROR: Build asset version error: assets/scripts/enemigoia.cs in SourceAssetDB has modification time of '2025-11-22T03:56:47.7179945Z' while content on disk has modification time of '2025-11-22T03:57:01.6579779Z'
Number of updated asset objects reloaded before import = 0Number of asset objects unloaded after import = 0

========================================================================
Received Import Request.
  Time since last request: 0.000020 seconds.
  path: Assets/Scripts/EnemigoIA.cs
  artifactKey: Guid(07720c19042dd6845a64c3fed7855a6f) Importer(815301076,1909f56bfc062723c751e8b465ee728b)
Start importing Assets/Scripts/EnemigoIA.cs using Guid(07720c19042dd6845a64c3fed7855a6f) Importer(815301076,1909f56bfc062723c751e8b465ee728b) (PreviewImporter) -> (artifact id: '00000000000000000000000000000000') in 0.0008474 seconds
Import Error Code:(4)
Message: Build asset version error: assets/scripts/enemigoia.cs in SourceAssetDB has modification time of '2025-11-22T03:56:47.7179945Z' while content on disk has modification time of '2025-11-22T03:57:01.6579779Z'
  ERROR: Build asset version error: assets/scripts/enemigoia.cs in SourceAssetDB has modification time of '2025-11-22T03:56:47.7179945Z' while content on disk has modification time of '2025-11-22T03:57:01.6579779Z'
Number of updated asset objects reloaded before import = 0Number of asset objects unloaded after import = 0

========================================================================
Received Import Request.
  Time since last request: 0.000021 seconds.
  path: Assets/Scripts/EnemigoIA.cs
  artifactKey: Guid(07720c19042dd6845a64c3fed7855a6f) Importer(815301076,1909f56bfc062723c751e8b465ee728b)
Start importing Assets/Scripts/EnemigoIA.cs using Guid(07720c19042dd6845a64c3fed7855a6f) Importer(815301076,1909f56bfc062723c751e8b465ee728b) (PreviewImporter) -> (artifact id: '00000000000000000000000000000000') in 0.000696 seconds
Import Error Code:(4)
Message: Build asset version error: assets/scripts/enemigoia.cs in SourceAssetDB has modification time of '2025-11-22T03:56:47.7179945Z' while content on disk has modification time of '2025-11-22T03:57:01.6579779Z'
  ERROR: Build asset version error: assets/scripts/enemigoia.cs in SourceAssetDB has modification time of '2025-11-22T03:56:47.7179945Z' while content on disk has modification time of '2025-11-22T03:57:01.6579779Z'
Number of updated asset objects reloaded before import = 0Number of asset objects unloaded after import = 0

========================================================================
Received Import Request.
  Time since last request: 0.000021 seconds.
  path: Assets/Scripts/EnemigoIA.cs
  artifactKey: Guid(07720c19042dd6845a64c3fed7855a6f) Importer(815301076,1909f56bfc062723c751e8b465ee728b)
Start importing Assets/Scripts/EnemigoIA.cs using Guid(07720c19042dd6845a64c3fed7855a6f) Importer(815301076,1909f56bfc062723c751e8b465ee728b) (PreviewImporter) -> (artifact id: '00000000000000000000000000000000') in 0.0007288 seconds
Import Error Code:(4)
Message: Build asset version error: assets/scripts/enemigoia.cs in SourceAssetDB has modification time of '2025-11-22T03:56:47.7179945Z' while content on disk has modification time of '2025-11-22T03:57:01.6579779Z'
  ERROR: Build asset version error: assets/scripts/enemigoia.cs in SourceAssetDB has modification time of '2025-11-22T03:56:47.7179945Z' while content on disk has modification time of '2025-11-22T03:57:01.6579779Z'
Number of updated asset objects reloaded before import = 0Number of asset objects unloaded after import = 0

========================================================================
Received Import Request.
  Time since last request: 0.000019 seconds.
  path: Assets/Scripts/EnemigoIA.cs
  artifactKey: Guid(07720c19042dd6845a64c3fed7855a6f) Importer(815301076,1909f56bfc062723c751e8b465ee728b)
Start importing Assets/Scripts/EnemigoIA.cs using Guid(07720c19042dd6845a64c3fed7855a6f) Importer(815301076,1909f56bfc062723c751e8b465ee728b) (PreviewImporter) -> (artifact id: '00000000000000000000000000000000') in 0.000789 seconds
Import Error Code:(4)
Message: Build asset version error: assets/scripts/enemigoia.cs in SourceAssetDB has modification time of '2025-11-22T03:56:47.7179945Z' while content on disk has modification time of '2025-11-22T03:57:01.6579779Z'
  ERROR: Build asset version error: assets/scripts/enemigoia.cs in SourceAssetDB has modification time of '2025-11-22T03:56:47.7179945Z' while content on disk has modification time of '2025-11-22T03:57:01.6579779Z'
Number of updated asset objects reloaded before import = 0Number of asset objects unloaded after import = 0

========================================================================
Received Import Request.
  Time since last request: 0.000034 seconds.
  path: Assets/Scripts/EnemigoIA.cs
  artifactKey: Guid(07720c19042dd6845a64c3fed7855a6f) Importer(815301076,1909f56bfc062723c751e8b465ee728b)
Start importing Assets/Scripts/EnemigoIA.cs using Guid(07720c19042dd6845a64c3fed7855a6f) Importer(815301076,1909f56bfc062723c751e8b465ee728b) (PreviewImporter) -> (artifact id: '00000000000000000000000000000000') in 0.000784 seconds
Import Error Code:(4)
Message: Build asset version error: assets/scripts/enemigoia.cs in SourceAssetDB has modification time of '2025-11-22T03:56:47.7179945Z' while content on disk has modification time of '2025-11-22T03:57:01.6579779Z'
  ERROR: Build asset version error: assets/scripts/enemigoia.cs in SourceAssetDB has modification time of '2025-11-22T03:56:47.7179945Z' while content on disk has modification time of '2025-11-22T03:57:01.6579779Z'
Number of updated asset objects reloaded before import = 0Number of asset objects unloaded after import = 0

========================================================================
Received Import Request.
  Time since last request: 0.000021 seconds.
  path: Assets/Scripts/EnemigoIA.cs
  artifactKey: Guid(07720c19042dd6845a64c3fed7855a6f) Importer(815301076,1909f56bfc062723c751e8b465ee728b)
Start importing Assets/Scripts/EnemigoIA.cs using Guid(07720c19042dd6845a64c3fed7855a6f) Importer(815301076,1909f56bfc062723c751e8b465ee728b) (PreviewImporter) -> (artifact id: '00000000000000000000000000000000') in 0.0007144 seconds
Import Error Code:(4)
Message: Build asset version error: assets/scripts/enemigoia.cs in SourceAssetDB has modification time of '2025-11-22T03:56:47.7179945Z' while content on disk has modification time of '2025-11-22T03:57:01.6579779Z'
  ERROR: Build asset version error: assets/scripts/enemigoia.cs in SourceAssetDB has modification time of '2025-11-22T03:56:47.7179945Z' while content on disk has modification time of '2025-11-22T03:57:01.6579779Z'
Number of updated asset objects reloaded before import = 0Number of asset objects unloaded after import = 0

========================================================================
Received Import Request.
  Time since last request: 0.000022 seconds.
  path: Assets/Scripts/EnemigoIA.cs
  artifactKey: Guid(07720c19042dd6845a64c3fed7855a6f) Importer(815301076,1909f56bfc062723c751e8b465ee728b)
Start importing Assets/Scripts/EnemigoIA.cs using Guid(07720c19042dd6845a64c3fed7855a6f) Importer(815301076,1909f56bfc062723c751e8b465ee728b) (PreviewImporter) -> (artifact id: '00000000000000000000000000000000') in 0.0008048 seconds
Import Error Code:(4)
Message: Build asset version error: assets/scripts/enemigoia.cs in SourceAssetDB has modification time of '2025-11-22T03:56:47.7179945Z' while content on disk has modification time of '2025-11-22T03:57:01.6579779Z'
  ERROR: Build asset version error: assets/scripts/enemigoia.cs in SourceAssetDB has modification time of '2025-11-22T03:56:47.7179945Z' while content on disk has modification time of '2025-11-22T03:57:01.6579779Z'
Number of updated asset objects reloaded before import = 0Number of asset objects unloaded after import = 0

========================================================================
Received Import Request.
  Time since last request: 0.000024 seconds.
  path: Assets/Scripts/EnemigoIA.cs
  artifactKey: Guid(07720c19042dd6845a64c3fed7855a6f) Importer(815301076,1909f56bfc062723c751e8b465ee728b)
Start importing Assets/Scripts/EnemigoIA.cs using Guid(07720c19042dd6845a64c3fed7855a6f) Importer(815301076,1909f56bfc062723c751e8b465ee728b) (PreviewImporter) -> (artifact id: '00000000000000000000000000000000') in 0.0008401 seconds
Import Error Code:(4)
Message: Build asset version error: assets/scripts/enemigoia.cs in SourceAssetDB has modification time of '2025-11-22T03:56:47.7179945Z' while content on disk has modification time of '2025-11-22T03:57:01.6579779Z'
  ERROR: Build asset version error: assets/scripts/enemigoia.cs in SourceAssetDB has modification time of '2025-11-22T03:56:47.7179945Z' while content on disk has modification time of '2025-11-22T03:57:01.6579779Z'
Number of updated asset objects reloaded before import = 0Number of asset objects unloaded after import = 0

========================================================================
Received Import Request.
  Time since last request: 0.000034 seconds.
  path: Assets/Scripts/EnemigoIA.cs
  artifactKey: Guid(07720c19042dd6845a64c3fed7855a6f) Importer(815301076,1909f56bfc062723c751e8b465ee728b)
Start importing Assets/Scripts/EnemigoIA.cs using Guid(07720c19042dd6845a64c3fed7855a6f) Importer(815301076,1909f56bfc062723c751e8b465ee728b) (PreviewImporter) -> (artifact id: '00000000000000000000000000000000') in 0.0007625 seconds
Import Error Code:(4)
Message: Build asset version error: assets/scripts/enemigoia.cs in SourceAssetDB has modification time of '2025-11-22T03:56:47.7179945Z' while content on disk has modification time of '2025-11-22T03:57:01.6579779Z'
  ERROR: Build asset version error: assets/scripts/enemigoia.cs in SourceAssetDB has modification time of '2025-11-22T03:56:47.7179945Z' while content on disk has modification time of '2025-11-22T03:57:01.6579779Z'
Number of updated asset objects reloaded before import = 0Number of asset objects unloaded after import = 0

========================================================================
Received Import Request.
  Time since last request: 0.000020 seconds.
  path: Assets/Scripts/EnemigoIA.cs
  artifactKey: Guid(07720c19042dd6845a64c3fed7855a6f) Importer(815301076,1909f56bfc062723c751e8b465ee728b)
Start importing Assets/Scripts/EnemigoIA.cs using Guid(07720c19042dd6845a64c3fed7855a6f) Importer(815301076,1909f56bfc062723c751e8b465ee728b) (PreviewImporter) -> (artifact id: '00000000000000000000000000000000') in 0.0006306 seconds
Import Error Code:(4)
Message: Build asset version error: assets/scripts/enemigoia.cs in SourceAssetDB has modification time of '2025-11-22T03:56:47.7179945Z' while content on disk has modification time of '2025-11-22T03:57:01.6579779Z'
  ERROR: Build asset version error: assets/scripts/enemigoia.cs in SourceAssetDB has modification time of '2025-11-22T03:56:47.7179945Z' while content on disk has modification time of '2025-11-22T03:57:01.6579779Z'
Number of updated asset objects reloaded before import = 0Number of asset objects unloaded after import = 0

========================================================================
Received Import Request.
  Time since last request: 0.000020 seconds.
  path: Assets/Scripts/EnemigoIA.cs
  artifactKey: Guid(07720c19042dd6845a64c3fed7855a6f) Importer(815301076,1909f56bfc062723c751e8b465ee728b)
Start importing Assets/Scripts/EnemigoIA.cs using Guid(07720c19042dd6845a64c3fed7855a6f) Importer(815301076,1909f56bfc062723c751e8b465ee728b) (PreviewImporter) -> (artifact id: '00000000000000000000000000000000') in 0.0007899 seconds
Import Error Code:(4)
Message: Build asset version error: assets/scripts/enemigoia.cs in SourceAssetDB has modification time of '2025-11-22T03:56:47.7179945Z' while content on disk has modification time of '2025-11-22T03:57:01.6579779Z'
  ERROR: Build asset version error: assets/scripts/enemigoia.cs in SourceAssetDB has modification time of '2025-11-22T03:56:47.7179945Z' while content on disk has modification time of '2025-11-22T03:57:01.6579779Z'
Number of updated asset objects reloaded before import = 0Number of asset objects unloaded after import = 0

========================================================================
Received Import Request.
  Time since last request: 0.000024 seconds.
  path: Assets/Scripts/EnemigoIA.cs
  artifactKey: Guid(07720c19042dd6845a64c3fed7855a6f) Importer(815301076,1909f56bfc062723c751e8b465ee728b)
Start importing Assets/Scripts/EnemigoIA.cs using Guid(07720c19042dd6845a64c3fed7855a6f) Importer(815301076,1909f56bfc062723c751e8b465ee728b) (PreviewImporter) -> (artifact id: '00000000000000000000000000000000') in 0.0006948 seconds
Import Error Code:(4)
Message: Build asset version error: assets/scripts/enemigoia.cs in SourceAssetDB has modification time of '2025-11-22T03:56:47.7179945Z' while content on disk has modification time of '2025-11-22T03:57:01.6579779Z'
  ERROR: Build asset version error: assets/scripts/enemigoia.cs in SourceAssetDB has modification time of '2025-11-22T03:56:47.7179945Z' while content on disk has modification time of '2025-11-22T03:57:01.6579779Z'
Number of updated asset objects reloaded before import = 0Number of asset objects unloaded after import = 0

========================================================================
Received Import Request.
  Time since last request: 0.000025 seconds.
  path: Assets/Scripts/EnemigoIA.cs
  artifactKey: Guid(07720c19042dd6845a64c3fed7855a6f) Importer(815301076,1909f56bfc062723c751e8b465ee728b)
Start importing Assets/Scripts/EnemigoIA.cs using Guid(07720c19042dd6845a64c3fed7855a6f) Importer(815301076,1909f56bfc062723c751e8b465ee728b) (PreviewImporter) -> (artifact id: '00000000000000000000000000000000') in 0.0006006 seconds
Import Error Code:(4)
Message: Build asset version error: assets/scripts/enemigoia.cs in SourceAssetDB has modification time of '2025-11-22T03:56:47.7179945Z' while content on disk has modification time of '2025-11-22T03:57:01.6579779Z'
  ERROR: Build asset version error: assets/scripts/enemigoia.cs in SourceAssetDB has modification time of '2025-11-22T03:56:47.7179945Z' while content on disk has modification time of '2025-11-22T03:57:01.6579779Z'
Number of updated asset objects reloaded before import = 0Number of asset objects unloaded after import = 0

========================================================================
Received Import Request.
  Time since last request: 0.000016 seconds.
  path: Assets/Scripts/EnemigoIA.cs
  artifactKey: Guid(07720c19042dd6845a64c3fed7855a6f) Importer(815301076,1909f56bfc062723c751e8b465ee728b)
Start importing Assets/Scripts/EnemigoIA.cs using Guid(07720c19042dd6845a64c3fed7855a6f) Importer(815301076,1909f56bfc062723c751e8b465ee728b) (PreviewImporter) -> (artifact id: '00000000000000000000000000000000') in 0.0008152 seconds
Import Error Code:(4)
Message: Build asset version error: assets/scripts/enemigoia.cs in SourceAssetDB has modification time of '2025-11-22T03:56:47.7179945Z' while content on disk has modification time of '2025-11-22T03:57:01.6579779Z'
  ERROR: Build asset version error: assets/scripts/enemigoia.cs in SourceAssetDB has modification time of '2025-11-22T03:56:47.7179945Z' while content on disk has modification time of '2025-11-22T03:57:01.6579779Z'
Number of updated asset objects reloaded before import = 0Number of asset objects unloaded after import = 0

========================================================================
Received Import Request.
  Time since last request: 0.000020 seconds.
  path: Assets/Scripts/EnemigoIA.cs
  artifactKey: Guid(07720c19042dd6845a64c3fed7855a6f) Importer(815301076,1909f56bfc062723c751e8b465ee728b)
Start importing Assets/Scripts/EnemigoIA.cs using Guid(07720c19042dd6845a64c3fed7855a6f) Importer(815301076,1909f56bfc062723c751e8b465ee728b) (PreviewImporter) -> (artifact id: '00000000000000000000000000000000') in 0.0006426 seconds
Import Error Code:(4)
Message: Build asset version error: assets/scripts/enemigoia.cs in SourceAssetDB has modification time of '2025-11-22T03:56:47.7179945Z' while content on disk has modification time of '2025-11-22T03:57:01.6579779Z'
  ERROR: Build asset version error: assets/scripts/enemigoia.cs in SourceAssetDB has modification time of '2025-11-22T03:56:47.7179945Z' while content on disk has modification time of '2025-11-22T03:57:01.6579779Z'
Number of updated asset objects reloaded before import = 0Number of asset objects unloaded after import = 0

========================================================================
Received Import Request.
  Time since last request: 0.000023 seconds.
  path: Assets/Scripts/EnemigoIA.cs
  artifactKey: Guid(07720c19042dd6845a64c3fed7855a6f) Importer(815301076,1909f56bfc062723c751e8b465ee728b)
Start importing Assets/Scripts/EnemigoIA.cs using Guid(07720c19042dd6845a64c3fed7855a6f) Importer(815301076,1909f56bfc062723c751e8b465ee728b) (PreviewImporter) -> (artifact id: '00000000000000000000000000000000') in 0.0006099 seconds
Import Error Code:(4)
Message: Build asset version error: assets/scripts/enemigoia.cs in SourceAssetDB has modification time of '2025-11-22T03:56:47.7179945Z' while content on disk has modification time of '2025-11-22T03:57:01.6579779Z'
  ERROR: Build asset version error: assets/scripts/enemigoia.cs in SourceAssetDB has modification time of '2025-11-22T03:56:47.7179945Z' while content on disk has modification time of '2025-11-22T03:57:01.6579779Z'
Number of updated asset objects reloaded before import = 0Number of asset objects unloaded after import = 0

========================================================================
Received Import Request.
  Time since last request: 0.000035 seconds.
  path: Assets/Scripts/EnemigoIA.cs
  artifactKey: Guid(07720c19042dd6845a64c3fed7855a6f) Importer(815301076,1909f56bfc062723c751e8b465ee728b)
Start importing Assets/Scripts/EnemigoIA.cs using Guid(07720c19042dd6845a64c3fed7855a6f) Importer(815301076,1909f56bfc062723c751e8b465ee728b) (PreviewImporter) -> (artifact id: '00000000000000000000000000000000') in 0.0009047 seconds
Import Error Code:(4)
Message: Build asset version error: assets/scripts/enemigoia.cs in SourceAssetDB has modification time of '2025-11-22T03:56:47.7179945Z' while content on disk has modification time of '2025-11-22T03:57:01.6579779Z'
  ERROR: Build asset version error: assets/scripts/enemigoia.cs in SourceAssetDB has modification time of '2025-11-22T03:56:47.7179945Z' while content on disk has modification time of '2025-11-22T03:57:01.6579779Z'
Number of updated asset objects reloaded before import = 0Number of asset objects unloaded after import = 0

========================================================================
Received Import Request.
  Time since last request: 0.000021 seconds.
  path: Assets/Scripts/EnemigoIA.cs
  artifactKey: Guid(07720c19042dd6845a64c3fed7855a6f) Importer(815301076,1909f56bfc062723c751e8b465ee728b)
Start importing Assets/Scripts/EnemigoIA.cs using Guid(07720c19042dd6845a64c3fed7855a6f) Importer(815301076,1909f56bfc062723c751e8b465ee728b) (PreviewImporter) -> (artifact id: '00000000000000000000000000000000') in 0.0008913 seconds
Import Error Code:(4)
Message: Build asset version error: assets/scripts/enemigoia.cs in SourceAssetDB has modification time of '2025-11-22T03:56:47.7179945Z' while content on disk has modification time of '2025-11-22T03:57:01.6579779Z'
  ERROR: Build asset version error: assets/scripts/enemigoia.cs in SourceAssetDB has modification time of '2025-11-22T03:56:47.7179945Z' while content on disk has modification time of '2025-11-22T03:57:01.6579779Z'
Number of updated asset objects reloaded before import = 0Number of asset objects unloaded after import = 0

========================================================================
Received Import Request.
  Time since last request: 0.000017 seconds.
  path: Assets/Scripts/EnemigoIA.cs
  artifactKey: Guid(07720c19042dd6845a64c3fed7855a6f) Importer(815301076,1909f56bfc062723c751e8b465ee728b)
Start importing Assets/Scripts/EnemigoIA.cs using Guid(07720c19042dd6845a64c3fed7855a6f) Importer(815301076,1909f56bfc062723c751e8b465ee728b) (PreviewImporter) -> (artifact id: '00000000000000000000000000000000') in 0.0006573 seconds
Import Error Code:(4)
Message: Build asset version error: assets/scripts/enemigoia.cs in SourceAssetDB has modification time of '2025-11-22T03:56:47.7179945Z' while content on disk has modification time of '2025-11-22T03:57:01.6579779Z'
  ERROR: Build asset version error: assets/scripts/enemigoia.cs in SourceAssetDB has modification time of '2025-11-22T03:56:47.7179945Z' while content on disk has modification time of '2025-11-22T03:57:01.6579779Z'
Number of updated asset objects reloaded before import = 0Number of asset objects unloaded after import = 0

========================================================================
Received Import Request.
  Time since last request: 0.000018 seconds.
  path: Assets/Scripts/EnemigoIA.cs
  artifactKey: Guid(07720c19042dd6845a64c3fed7855a6f) Importer(815301076,1909f56bfc062723c751e8b465ee728b)
Start importing Assets/Scripts/EnemigoIA.cs using Guid(07720c19042dd6845a64c3fed7855a6f) Importer(815301076,1909f56bfc062723c751e8b465ee728b) (PreviewImporter) -> (artifact id: '00000000000000000000000000000000') in 0.0006889 seconds
Import Error Code:(4)
Message: Build asset version error: assets/scripts/enemigoia.cs in SourceAssetDB has modification time of '2025-11-22T03:56:47.7179945Z' while content on disk has modification time of '2025-11-22T03:57:01.6579779Z'
  ERROR: Build asset version error: assets/scripts/enemigoia.cs in SourceAssetDB has modification time of '2025-11-22T03:56:47.7179945Z' while content on disk has modification time of '2025-11-22T03:57:01.6579779Z'
Number of updated asset objects reloaded before import = 0Number of asset objects unloaded after import = 0

========================================================================
Received Import Request.
  Time since last request: 0.000035 seconds.
  path: Assets/Scripts/EnemigoIA.cs
  artifactKey: Guid(07720c19042dd6845a64c3fed7855a6f) Importer(815301076,1909f56bfc062723c751e8b465ee728b)
Start importing Assets/Scripts/EnemigoIA.cs using Guid(07720c19042dd6845a64c3fed7855a6f) Importer(815301076,1909f56bfc062723c751e8b465ee728b) (PreviewImporter) -> (artifact id: '00000000000000000000000000000000') in 0.0006871 seconds
Import Error Code:(4)
Message: Build asset version error: assets/scripts/enemigoia.cs in SourceAssetDB has modification time of '2025-11-22T03:56:47.7179945Z' while content on disk has modification time of '2025-11-22T03:57:01.6579779Z'
  ERROR: Build asset version error: assets/scripts/enemigoia.cs in SourceAssetDB has modification time of '2025-11-22T03:56:47.7179945Z' while content on disk has modification time of '2025-11-22T03:57:01.6579779Z'
Number of updated asset objects reloaded before import = 0Number of asset objects unloaded after import = 0

========================================================================
Received Import Request.
  Time since last request: 0.000064 seconds.
  path: Assets/Scripts/EnemigoIA.cs
  artifactKey: Guid(07720c19042dd6845a64c3fed7855a6f) Importer(815301076,1909f56bfc062723c751e8b465ee728b)
Start importing Assets/Scripts/EnemigoIA.cs using Guid(07720c19042dd6845a64c3fed7855a6f) Importer(815301076,1909f56bfc062723c751e8b465ee728b) (PreviewImporter) -> (artifact id: '00000000000000000000000000000000') in 0.000635 seconds
Import Error Code:(4)
Message: Build asset version error: assets/scripts/enemigoia.cs in SourceAssetDB has modification time of '2025-11-22T03:56:47.7179945Z' while content on disk has modification time of '2025-11-22T03:57:01.6579779Z'
  ERROR: Build asset version error: assets/scripts/enemigoia.cs in SourceAssetDB has modification time of '2025-11-22T03:56:47.7179945Z' while content on disk has modification time of '2025-11-22T03:57:01.6579779Z'
Number of updated asset objects reloaded before import = 0Number of asset objects unloaded after import = 0

========================================================================
Received Import Request.
  Time since last request: 0.000018 seconds.
  path: Assets/Scripts/EnemigoIA.cs
  artifactKey: Guid(07720c19042dd6845a64c3fed7855a6f) Importer(815301076,1909f56bfc062723c751e8b465ee728b)
Start importing Assets/Scripts/EnemigoIA.cs using Guid(07720c19042dd6845a64c3fed7855a6f) Importer(815301076,1909f56bfc062723c751e8b465ee728b) (PreviewImporter) -> (artifact id: '00000000000000000000000000000000') in 0.0006497 seconds
Import Error Code:(4)
Message: Build asset version error: assets/scripts/enemigoia.cs in SourceAssetDB has modification time of '2025-11-22T03:56:47.7179945Z' while content on disk has modification time of '2025-11-22T03:57:01.6579779Z'
  ERROR: Build asset version error: assets/scripts/enemigoia.cs in SourceAssetDB has modification time of '2025-11-22T03:56:47.7179945Z' while content on disk has modification time of '2025-11-22T03:57:01.6579779Z'
Number of updated asset objects reloaded before import = 0Number of asset objects unloaded after import = 0

========================================================================
Received Import Request.
  Time since last request: 0.000020 seconds.
  path: Assets/Scripts/EnemigoIA.cs
  artifactKey: Guid(07720c19042dd6845a64c3fed7855a6f) Importer(815301076,1909f56bfc062723c751e8b465ee728b)
Start importing Assets/Scripts/EnemigoIA.cs using Guid(07720c19042dd6845a64c3fed7855a6f) Importer(815301076,1909f56bfc062723c751e8b465ee728b) (PreviewImporter) -> (artifact id: '00000000000000000000000000000000') in 0.0006272 seconds
Import Error Code:(4)
Message: Build asset version error: assets/scripts/enemigoia.cs in SourceAssetDB has modification time of '2025-11-22T03:56:47.7179945Z' while content on disk has modification time of '2025-11-22T03:57:01.6579779Z'
  ERROR: Build asset version error: assets/scripts/enemigoia.cs in SourceAssetDB has modification time of '2025-11-22T03:56:47.7179945Z' while content on disk has modification time of '2025-11-22T03:57:01.6579779Z'
Number of updated asset objects reloaded before import = 0Number of asset objects unloaded after import = 0

========================================================================
Received Import Request.
  Time since last request: 0.000039 seconds.
  path: Assets/Scripts/EnemigoIA.cs
  artifactKey: Guid(07720c19042dd6845a64c3fed7855a6f) Importer(815301076,1909f56bfc062723c751e8b465ee728b)
Start importing Assets/Scripts/EnemigoIA.cs using Guid(07720c19042dd6845a64c3fed7855a6f) Importer(815301076,1909f56bfc062723c751e8b465ee728b) (PreviewImporter) -> (artifact id: '00000000000000000000000000000000') in 0.0006594 seconds
Import Error Code:(4)
Message: Build asset version error: assets/scripts/enemigoia.cs in SourceAssetDB has modification time of '2025-11-22T03:56:47.7179945Z' while content on disk has modification time of '2025-11-22T03:57:01.6579779Z'
  ERROR: Build asset version error: assets/scripts/enemigoia.cs in SourceAssetDB has modification time of '2025-11-22T03:56:47.7179945Z' while content on disk has modification time of '2025-11-22T03:57:01.6579779Z'
Number of updated asset objects reloaded before import = 0Number of asset objects unloaded after import = 0

========================================================================
Received Import Request.
  Time since last request: 0.000034 seconds.
  path: Assets/Scripts/EnemigoIA.cs
  artifactKey: Guid(07720c19042dd6845a64c3fed7855a6f) Importer(815301076,1909f56bfc062723c751e8b465ee728b)
Start importing Assets/Scripts/EnemigoIA.cs using Guid(07720c19042dd6845a64c3fed7855a6f) Importer(815301076,1909f56bfc062723c751e8b465ee728b) (PreviewImporter) -> (artifact id: '00000000000000000000000000000000') in 0.0006327 seconds
Import Error Code:(4)
Message: Build asset version error: assets/scripts/enemigoia.cs in SourceAssetDB has modification time of '2025-11-22T03:56:47.7179945Z' while content on disk has modification time of '2025-11-22T03:57:01.6579779Z'
  ERROR: Build asset version error: assets/scripts/enemigoia.cs in SourceAssetDB has modification time of '2025-11-22T03:56:47.7179945Z' while content on disk has modification time of '2025-11-22T03:57:01.6579779Z'
Number of updated asset objects reloaded before import = 0Number of asset objects unloaded after import = 0

========================================================================
Received Import Request.
  Time since last request: 0.000035 seconds.
  path: Assets/Scripts/EnemigoIA.cs
  artifactKey: Guid(07720c19042dd6845a64c3fed7855a6f) Importer(815301076,1909f56bfc062723c751e8b465ee728b)
Start importing Assets/Scripts/EnemigoIA.cs using Guid(07720c19042dd6845a64c3fed7855a6f) Importer(815301076,1909f56bfc062723c751e8b465ee728b) (PreviewImporter) -> (artifact id: '00000000000000000000000000000000') in 0.0007877 seconds
Import Error Code:(4)
Message: Build asset version error: assets/scripts/enemigoia.cs in SourceAssetDB has modification time of '2025-11-22T03:56:47.7179945Z' while content on disk has modification time of '2025-11-22T03:57:01.6579779Z'
  ERROR: Build asset version error: assets/scripts/enemigoia.cs in SourceAssetDB has modification time of '2025-11-22T03:56:47.7179945Z' while content on disk has modification time of '2025-11-22T03:57:01.6579779Z'
Number of updated asset objects reloaded before import = 0Number of asset objects unloaded after import = 0

========================================================================
Received Import Request.
  Time since last request: 0.000020 seconds.
  path: Assets/Scripts/EnemigoIA.cs
  artifactKey: Guid(07720c19042dd6845a64c3fed7855a6f) Importer(815301076,1909f56bfc062723c751e8b465ee728b)
Start importing Assets/Scripts/EnemigoIA.cs using Guid(07720c19042dd6845a64c3fed7855a6f) Importer(815301076,1909f56bfc062723c751e8b465ee728b) (PreviewImporter) -> (artifact id: '00000000000000000000000000000000') in 0.0006094 seconds
Import Error Code:(4)
Message: Build asset version error: assets/scripts/enemigoia.cs in SourceAssetDB has modification time of '2025-11-22T03:56:47.7179945Z' while content on disk has modification time of '2025-11-22T03:57:01.6579779Z'
  ERROR: Build asset version error: assets/scripts/enemigoia.cs in SourceAssetDB has modification time of '2025-11-22T03:56:47.7179945Z' while content on disk has modification time of '2025-11-22T03:57:01.6579779Z'
Number of updated asset objects reloaded before import = 0Number of asset objects unloaded after import = 0

========================================================================
Received Import Request.
  Time since last request: 0.000023 seconds.
  path: Assets/Scripts/EnemigoIA.cs
  artifactKey: Guid(07720c19042dd6845a64c3fed7855a6f) Importer(815301076,1909f56bfc062723c751e8b465ee728b)
Start importing Assets/Scripts/EnemigoIA.cs using Guid(07720c19042dd6845a64c3fed7855a6f) Importer(815301076,1909f56bfc062723c751e8b465ee728b) (PreviewImporter) -> (artifact id: '00000000000000000000000000000000') in 0.000957 seconds
Import Error Code:(4)
Message: Build asset version error: assets/scripts/enemigoia.cs in SourceAssetDB has modification time of '2025-11-22T03:56:47.7179945Z' while content on disk has modification time of '2025-11-22T03:57:01.6579779Z'
  ERROR: Build asset version error: assets/scripts/enemigoia.cs in SourceAssetDB has modification time of '2025-11-22T03:56:47.7179945Z' while content on disk has modification time of '2025-11-22T03:57:01.6579779Z'
Number of updated asset objects reloaded before import = 0Number of asset objects unloaded after import = 0

========================================================================
Received Import Request.
  Time since last request: 0.000016 seconds.
  path: Assets/Scripts/EnemigoIA.cs
  artifactKey: Guid(07720c19042dd6845a64c3fed7855a6f) Importer(815301076,1909f56bfc062723c751e8b465ee728b)
Start importing Assets/Scripts/EnemigoIA.cs using Guid(07720c19042dd6845a64c3fed7855a6f) Importer(815301076,1909f56bfc062723c751e8b465ee728b) (PreviewImporter) -> (artifact id: '00000000000000000000000000000000') in 0.0007272 seconds
Import Error Code:(4)
Message: Build asset version error: assets/scripts/enemigoia.cs in SourceAssetDB has modification time of '2025-11-22T03:56:47.7179945Z' while content on disk has modification time of '2025-11-22T03:57:01.6579779Z'
  ERROR: Build asset version error: assets/scripts/enemigoia.cs in SourceAssetDB has modification time of '2025-11-22T03:56:47.7179945Z' while content on disk has modification time of '2025-11-22T03:57:01.6579779Z'
Number of updated asset objects reloaded before import = 0Number of asset objects unloaded after import = 0

========================================================================
Received Import Request.
  Time since last request: 0.000019 seconds.
  path: Assets/Scripts/EnemigoIA.cs
  artifactKey: Guid(07720c19042dd6845a64c3fed7855a6f) Importer(815301076,1909f56bfc062723c751e8b465ee728b)
Start importing Assets/Scripts/EnemigoIA.cs using Guid(07720c19042dd6845a64c3fed7855a6f) Importer(815301076,1909f56bfc062723c751e8b465ee728b) (PreviewImporter) -> (artifact id: '00000000000000000000000000000000') in 0.0006219 seconds
Import Error Code:(4)
Message: Build asset version error: assets/scripts/enemigoia.cs in SourceAssetDB has modification time of '2025-11-22T03:56:47.7179945Z' while content on disk has modification time of '2025-11-22T03:57:01.6579779Z'
  ERROR: Build asset version error: assets/scripts/enemigoia.cs in SourceAssetDB has modification time of '2025-11-22T03:56:47.7179945Z' while content on disk has modification time of '2025-11-22T03:57:01.6579779Z'
Number of updated asset objects reloaded before import = 0Number of asset objects unloaded after import = 0

========================================================================
Received Import Request.
  Time since last request: 0.000026 seconds.
  path: Assets/Scripts/EnemigoIA.cs
  artifactKey: Guid(07720c19042dd6845a64c3fed7855a6f) Importer(815301076,1909f56bfc062723c751e8b465ee728b)
Start importing Assets/Scripts/EnemigoIA.cs using Guid(07720c19042dd6845a64c3fed7855a6f) Importer(815301076,1909f56bfc062723c751e8b465ee728b) (PreviewImporter) -> (artifact id: '00000000000000000000000000000000') in 0.0006656 seconds
Import Error Code:(4)
Message: Build asset version error: assets/scripts/enemigoia.cs in SourceAssetDB has modification time of '2025-11-22T03:56:47.7179945Z' while content on disk has modification time of '2025-11-22T03:57:01.6579779Z'
  ERROR: Build asset version error: assets/scripts/enemigoia.cs in SourceAssetDB has modification time of '2025-11-22T03:56:47.7179945Z' while content on disk has modification time of '2025-11-22T03:57:01.6579779Z'
Number of updated asset objects reloaded before import = 0Number of asset objects unloaded after import = 0

========================================================================
Received Import Request.
  Time since last request: 0.000018 seconds.
  path: Assets/Scripts/EnemigoIA.cs
  artifactKey: Guid(07720c19042dd6845a64c3fed7855a6f) Importer(815301076,1909f56bfc062723c751e8b465ee728b)
Start importing Assets/Scripts/EnemigoIA.cs using Guid(07720c19042dd6845a64c3fed7855a6f) Importer(815301076,1909f56bfc062723c751e8b465ee728b) (PreviewImporter) -> (artifact id: '00000000000000000000000000000000') in 0.0008099 seconds
Import Error Code:(4)
Message: Build asset version error: assets/scripts/enemigoia.cs in SourceAssetDB has modification time of '2025-11-22T03:56:47.7179945Z' while content on disk has modification time of '2025-11-22T03:57:01.6579779Z'
  ERROR: Build asset version error: assets/scripts/enemigoia.cs in SourceAssetDB has modification time of '2025-11-22T03:56:47.7179945Z' while content on disk has modification time of '2025-11-22T03:57:01.6579779Z'
Number of updated asset objects reloaded before import = 0Number of asset objects unloaded after import = 0

========================================================================
Received Import Request.
  Time since last request: 0.000016 seconds.
  path: Assets/Scripts/EnemigoIA.cs
  artifactKey: Guid(07720c19042dd6845a64c3fed7855a6f) Importer(815301076,1909f56bfc062723c751e8b465ee728b)
Start importing Assets/Scripts/EnemigoIA.cs using Guid(07720c19042dd6845a64c3fed7855a6f) Importer(815301076,1909f56bfc062723c751e8b465ee728b) (PreviewImporter) -> (artifact id: '00000000000000000000000000000000') in 0.0007095 seconds
Import Error Code:(4)
Message: Build asset version error: assets/scripts/enemigoia.cs in SourceAssetDB has modification time of '2025-11-22T03:56:47.7179945Z' while content on disk has modification time of '2025-11-22T03:57:01.6579779Z'
  ERROR: Build asset version error: assets/scripts/enemigoia.cs in SourceAssetDB has modification time of '2025-11-22T03:56:47.7179945Z' while content on disk has modification time of '2025-11-22T03:57:01.6579779Z'
Number of updated asset objects reloaded before import = 0Number of asset objects unloaded after import = 0

========================================================================
Received Import Request.
  Time since last request: 0.000019 seconds.
  path: Assets/Scripts/EnemigoIA.cs
  artifactKey: Guid(07720c19042dd6845a64c3fed7855a6f) Importer(815301076,1909f56bfc062723c751e8b465ee728b)
Start importing Assets/Scripts/EnemigoIA.cs using Guid(07720c19042dd6845a64c3fed7855a6f) Importer(815301076,1909f56bfc062723c751e8b465ee728b) (PreviewImporter) -> (artifact id: '00000000000000000000000000000000') in 0.00076 seconds
Import Error Code:(4)
Message: Build asset version error: assets/scripts/enemigoia.cs in SourceAssetDB has modification time of '2025-11-22T03:56:47.7179945Z' while content on disk has modification time of '2025-11-22T03:57:01.6579779Z'
  ERROR: Build asset version error: assets/scripts/enemigoia.cs in SourceAssetDB has modification time of '2025-11-22T03:56:47.7179945Z' while content on disk has modification time of '2025-11-22T03:57:01.6579779Z'
Number of updated asset objects reloaded before import = 0Number of asset objects unloaded after import = 0

========================================================================
Received Import Request.
  Time since last request: 0.000019 seconds.
  path: Assets/Scripts/EnemigoIA.cs
  artifactKey: Guid(07720c19042dd6845a64c3fed7855a6f) Importer(815301076,1909f56bfc062723c751e8b465ee728b)
Start importing Assets/Scripts/EnemigoIA.cs using Guid(07720c19042dd6845a64c3fed7855a6f) Importer(815301076,1909f56bfc062723c751e8b465ee728b) (PreviewImporter) -> (artifact id: '00000000000000000000000000000000') in 0.0007648 seconds
Import Error Code:(4)
Message: Build asset version error: assets/scripts/enemigoia.cs in SourceAssetDB has modification time of '2025-11-22T03:56:47.7179945Z' while content on disk has modification time of '2025-11-22T03:57:01.6579779Z'
  ERROR: Build asset version error: assets/scripts/enemigoia.cs in SourceAssetDB has modification time of '2025-11-22T03:56:47.7179945Z' while content on disk has modification time of '2025-11-22T03:57:01.6579779Z'
Number of updated asset objects reloaded before import = 0Number of asset objects unloaded after import = 0

========================================================================
Received Import Request.
  Time since last request: 0.000027 seconds.
  path: Assets/Scripts/EnemigoIA.cs
  artifactKey: Guid(07720c19042dd6845a64c3fed7855a6f) Importer(815301076,1909f56bfc062723c751e8b465ee728b)
Start importing Assets/Scripts/EnemigoIA.cs using Guid(07720c19042dd6845a64c3fed7855a6f) Importer(815301076,1909f56bfc062723c751e8b465ee728b) (PreviewImporter) -> (artifact id: '00000000000000000000000000000000') in 0.0008636 seconds
Import Error Code:(4)
Message: Build asset version error: assets/scripts/enemigoia.cs in SourceAssetDB has modification time of '2025-11-22T03:56:47.7179945Z' while content on disk has modification time of '2025-11-22T03:57:01.6579779Z'
  ERROR: Build asset version error: assets/scripts/enemigoia.cs in SourceAssetDB has modification time of '2025-11-22T03:56:47.7179945Z' while content on disk has modification time of '2025-11-22T03:57:01.6579779Z'
Number of updated asset objects reloaded before import = 0Number of asset objects unloaded after import = 0

========================================================================
Received Import Request.
  Time since last request: 0.000021 seconds.
  path: Assets/Scripts/EnemigoIA.cs
  artifactKey: Guid(07720c19042dd6845a64c3fed7855a6f) Importer(815301076,1909f56bfc062723c751e8b465ee728b)
Start importing Assets/Scripts/EnemigoIA.cs using Guid(07720c19042dd6845a64c3fed7855a6f) Importer(815301076,1909f56bfc062723c751e8b465ee728b) (PreviewImporter) -> (artifact id: '00000000000000000000000000000000') in 0.000773 seconds
Import Error Code:(4)
Message: Build asset version error: assets/scripts/enemigoia.cs in SourceAssetDB has modification time of '2025-11-22T03:56:47.7179945Z' while content on disk has modification time of '2025-11-22T03:57:01.6579779Z'
  ERROR: Build asset version error: assets/scripts/enemigoia.cs in SourceAssetDB has modification time of '2025-11-22T03:56:47.7179945Z' while content on disk has modification time of '2025-11-22T03:57:01.6579779Z'
Number of updated asset objects reloaded before import = 0Number of asset objects unloaded after import = 0

========================================================================
Received Import Request.
  Time since last request: 0.000021 seconds.
  path: Assets/Scripts/EnemigoIA.cs
  artifactKey: Guid(07720c19042dd6845a64c3fed7855a6f) Importer(815301076,1909f56bfc062723c751e8b465ee728b)
Start importing Assets/Scripts/EnemigoIA.cs using Guid(07720c19042dd6845a64c3fed7855a6f) Importer(815301076,1909f56bfc062723c751e8b465ee728b) (PreviewImporter) -> (artifact id: '00000000000000000000000000000000') in 0.0008524 seconds
Import Error Code:(4)
Message: Build asset version error: assets/scripts/enemigoia.cs in SourceAssetDB has modification time of '2025-11-22T03:56:47.7179945Z' while content on disk has modification time of '2025-11-22T03:57:01.6579779Z'
  ERROR: Build asset version error: assets/scripts/enemigoia.cs in SourceAssetDB has modification time of '2025-11-22T03:56:47.7179945Z' while content on disk has modification time of '2025-11-22T03:57:01.6579779Z'
Number of updated asset objects reloaded before import = 0Number of asset objects unloaded after import = 0

========================================================================
Received Import Request.
  Time since last request: 0.000028 seconds.
  path: Assets/Scripts/EnemigoIA.cs
  artifactKey: Guid(07720c19042dd6845a64c3fed7855a6f) Importer(815301076,1909f56bfc062723c751e8b465ee728b)
Start importing Assets/Scripts/EnemigoIA.cs using Guid(07720c19042dd6845a64c3fed7855a6f) Importer(815301076,1909f56bfc062723c751e8b465ee728b) (PreviewImporter) -> (artifact id: '00000000000000000000000000000000') in 0.0007147 seconds
Import Error Code:(4)
Message: Build asset version error: assets/scripts/enemigoia.cs in SourceAssetDB has modification time of '2025-11-22T03:56:47.7179945Z' while content on disk has modification time of '2025-11-22T03:57:01.6579779Z'
  ERROR: Build asset version error: assets/scripts/enemigoia.cs in SourceAssetDB has modification time of '2025-11-22T03:56:47.7179945Z' while content on disk has modification time of '2025-11-22T03:57:01.6579779Z'
Number of updated asset objects reloaded before import = 0Number of asset objects unloaded after import = 0

========================================================================
Received Import Request.
  Time since last request: 0.000022 seconds.
  path: Assets/Scripts/EnemigoIA.cs
  artifactKey: Guid(07720c19042dd6845a64c3fed7855a6f) Importer(815301076,1909f56bfc062723c751e8b465ee728b)
Start importing Assets/Scripts/EnemigoIA.cs using Guid(07720c19042dd6845a64c3fed7855a6f) Importer(815301076,1909f56bfc062723c751e8b465ee728b) (PreviewImporter) -> (artifact id: '00000000000000000000000000000000') in 0.0008101 seconds
Import Error Code:(4)
Message: Build asset version error: assets/scripts/enemigoia.cs in SourceAssetDB has modification time of '2025-11-22T03:56:47.7179945Z' while content on disk has modification time of '2025-11-22T03:57:01.6579779Z'
  ERROR: Build asset version error: assets/scripts/enemigoia.cs in SourceAssetDB has modification time of '2025-11-22T03:56:47.7179945Z' while content on disk has modification time of '2025-11-22T03:57:01.6579779Z'
Number of updated asset objects reloaded before import = 0Number of asset objects unloaded after import = 0

========================================================================
Received Import Request.
  Time since last request: 0.000034 seconds.
  path: Assets/Scripts/EnemigoIA.cs
  artifactKey: Guid(07720c19042dd6845a64c3fed7855a6f) Importer(815301076,1909f56bfc062723c751e8b465ee728b)
Start importing Assets/Scripts/EnemigoIA.cs using Guid(07720c19042dd6845a64c3fed7855a6f) Importer(815301076,1909f56bfc062723c751e8b465ee728b) (PreviewImporter) -> (artifact id: '00000000000000000000000000000000') in 0.0007947 seconds
Import Error Code:(4)
Message: Build asset version error: assets/scripts/enemigoia.cs in SourceAssetDB has modification time of '2025-11-22T03:56:47.7179945Z' while content on disk has modification time of '2025-11-22T03:57:01.6579779Z'
  ERROR: Build asset version error: assets/scripts/enemigoia.cs in SourceAssetDB has modification time of '2025-11-22T03:56:47.7179945Z' while content on disk has modification time of '2025-11-22T03:57:01.6579779Z'
Number of updated asset objects reloaded before import = 0Number of asset objects unloaded after import = 0

========================================================================
Received Import Request.
  Time since last request: 0.000021 seconds.
  path: Assets/Scripts/EnemigoIA.cs
  artifactKey: Guid(07720c19042dd6845a64c3fed7855a6f) Importer(815301076,1909f56bfc062723c751e8b465ee728b)
Start importing Assets/Scripts/EnemigoIA.cs using Guid(07720c19042dd6845a64c3fed7855a6f) Importer(815301076,1909f56bfc062723c751e8b465ee728b) (PreviewImporter) -> (artifact id: '00000000000000000000000000000000') in 0.000804 seconds
Import Error Code:(4)
Message: Build asset version error: assets/scripts/enemigoia.cs in SourceAssetDB has modification time of '2025-11-22T03:56:47.7179945Z' while content on disk has modification time of '2025-11-22T03:57:01.6579779Z'
  ERROR: Build asset version error: assets/scripts/enemigoia.cs in SourceAssetDB has modification time of '2025-11-22T03:56:47.7179945Z' while content on disk has modification time of '2025-11-22T03:57:01.6579779Z'
Number of updated asset objects reloaded before import = 0Number of asset objects unloaded after import = 0

========================================================================
Received Import Request.
  Time since last request: 0.000016 seconds.
  path: Assets/Scripts/EnemigoIA.cs
  artifactKey: Guid(07720c19042dd6845a64c3fed7855a6f) Importer(815301076,1909f56bfc062723c751e8b465ee728b)
Start importing Assets/Scripts/EnemigoIA.cs using Guid(07720c19042dd6845a64c3fed7855a6f) Importer(815301076,1909f56bfc062723c751e8b465ee728b) (PreviewImporter) -> (artifact id: '00000000000000000000000000000000') in 0.0008491 seconds
Import Error Code:(4)
Message: Build asset version error: assets/scripts/enemigoia.cs in SourceAssetDB has modification time of '2025-11-22T03:56:47.7179945Z' while content on disk has modification time of '2025-11-22T03:57:01.6579779Z'
  ERROR: Build asset version error: assets/scripts/enemigoia.cs in SourceAssetDB has modification time of '2025-11-22T03:56:47.7179945Z' while content on disk has modification time of '2025-11-22T03:57:01.6579779Z'
Number of updated asset objects reloaded before import = 0Number of asset objects unloaded after import = 0

========================================================================
Received Import Request.
  Time since last request: 0.000030 seconds.
  path: Assets/Scripts/EnemigoIA.cs
  artifactKey: Guid(07720c19042dd6845a64c3fed7855a6f) Importer(815301076,1909f56bfc062723c751e8b465ee728b)
Start importing Assets/Scripts/EnemigoIA.cs using Guid(07720c19042dd6845a64c3fed7855a6f) Importer(815301076,1909f56bfc062723c751e8b465ee728b) (PreviewImporter) -> (artifact id: '00000000000000000000000000000000') in 0.0008956 seconds
Import Error Code:(4)
Message: Build asset version error: assets/scripts/enemigoia.cs in SourceAssetDB has modification time of '2025-11-22T03:56:47.7179945Z' while content on disk has modification time of '2025-11-22T03:57:01.6579779Z'
  ERROR: Build asset version error: assets/scripts/enemigoia.cs in SourceAssetDB has modification time of '2025-11-22T03:56:47.7179945Z' while content on disk has modification time of '2025-11-22T03:57:01.6579779Z'
Number of updated asset objects reloaded before import = 0Number of asset objects unloaded after import = 0

========================================================================
Received Import Request.
  Time since last request: 0.000038 seconds.
  path: Assets/Scripts/EnemigoIA.cs
  artifactKey: Guid(07720c19042dd6845a64c3fed7855a6f) Importer(815301076,1909f56bfc062723c751e8b465ee728b)
Start importing Assets/Scripts/EnemigoIA.cs using Guid(07720c19042dd6845a64c3fed7855a6f) Importer(815301076,1909f56bfc062723c751e8b465ee728b) (PreviewImporter) -> (artifact id: '00000000000000000000000000000000') in 0.0008296 seconds
Import Error Code:(4)
Message: Build asset version error: assets/scripts/enemigoia.cs in SourceAssetDB has modification time of '2025-11-22T03:56:47.7179945Z' while content on disk has modification time of '2025-11-22T03:57:01.6579779Z'
  ERROR: Build asset version error: assets/scripts/enemigoia.cs in SourceAssetDB has modification time of '2025-11-22T03:56:47.7179945Z' while content on disk has modification time of '2025-11-22T03:57:01.6579779Z'
Number of updated asset objects reloaded before import = 0Number of asset objects unloaded after import = 0

========================================================================
Received Import Request.
  Time since last request: 0.000022 seconds.
  path: Assets/Scripts/EnemigoIA.cs
  artifactKey: Guid(07720c19042dd6845a64c3fed7855a6f) Importer(815301076,1909f56bfc062723c751e8b465ee728b)
Start importing Assets/Scripts/EnemigoIA.cs using Guid(07720c19042dd6845a64c3fed7855a6f) Importer(815301076,1909f56bfc062723c751e8b465ee728b) (PreviewImporter) -> (artifact id: '00000000000000000000000000000000') in 0.0006251 seconds
Import Error Code:(4)
Message: Build asset version error: assets/scripts/enemigoia.cs in SourceAssetDB has modification time of '2025-11-22T03:56:47.7179945Z' while content on disk has modification time of '2025-11-22T03:57:01.6579779Z'
  ERROR: Build asset version error: assets/scripts/enemigoia.cs in SourceAssetDB has modification time of '2025-11-22T03:56:47.7179945Z' while content on disk has modification time of '2025-11-22T03:57:01.6579779Z'
Number of updated asset objects reloaded before import = 0Number of asset objects unloaded after import = 0

========================================================================
Received Import Request.
  Time since last request: 0.000021 seconds.
  path: Assets/Scripts/EnemigoIA.cs
  artifactKey: Guid(07720c19042dd6845a64c3fed7855a6f) Importer(815301076,1909f56bfc062723c751e8b465ee728b)
Start importing Assets/Scripts/EnemigoIA.cs using Guid(07720c19042dd6845a64c3fed7855a6f) Importer(815301076,1909f56bfc062723c751e8b465ee728b) (PreviewImporter) -> (artifact id: '00000000000000000000000000000000') in 0.0008903 seconds
Import Error Code:(4)
Message: Build asset version error: assets/scripts/enemigoia.cs in SourceAssetDB has modification time of '2025-11-22T03:56:47.7179945Z' while content on disk has modification time of '2025-11-22T03:57:01.6579779Z'
  ERROR: Build asset version error: assets/scripts/enemigoia.cs in SourceAssetDB has modification time of '2025-11-22T03:56:47.7179945Z' while content on disk has modification time of '2025-11-22T03:57:01.6579779Z'
Number of updated asset objects reloaded before import = 0Number of asset objects unloaded after import = 0

========================================================================
Received Prepare
Begin MonoManager ReloadAssembly
Duplicate assembly 'System.Runtime.CompilerServices.Unsafe.dll' with different versions detected, using 'Packages/com.unity.collections/Unity.Collections.Tests/System.Runtime.CompilerServices.Unsafe/System.Runtime.CompilerServices.Unsafe.dll, AssemblyName=System.Runtime.CompilerServices.Unsafe, Version=6.0.0.0, Culture=neutral, PublicKeyToken=b03f5f7f11d50a3a' and ignoring 'Packages/com.unity.ai.assistant/Plugins/Markdig/Dependencies/System.Runtime.CompilerServices.Unsafe.dll, AssemblyName=System.Runtime.CompilerServices.Unsafe, Version=4.0.6.0, Culture=neutral, PublicKeyToken=b03f5f7f11d50a3a'.Symbol file LoadedFromMemory is not a mono symbol file
Symbol file LoadedFromMemory is not a mono symbol file
- Loaded All Assemblies, in  1.390 seconds
Refreshing native plugins compatible for Editor in 4.29 ms, found 5 plugins.
Native extension for WindowsStandalone target not found
[Package Manager] Failed to launch server process. Reason: Unity was launched with the -noUpm command-line argument
[Package Manager] Unable to send message (not connected to server process).
[Package Manager] Cannot connect to Unity Package Manager local server
[Package Manager] Failed to launch server process. Reason: Unity was launched with the -noUpm command-line argument
[Package Manager] Unable to send message (not connected to server process).
[Package Manager] Cannot connect to Unity Package Manager local server
Mono: successfully reloaded assembly
- Finished resetting the current domain, in  1.345 seconds
Domain Reload Profiling: 2736ms
	BeginReloadAssembly (316ms)
		ExecutionOrderSort (0ms)
		DisableScriptedObjects (22ms)
		BackupInstance (0ms)
		ReleaseScriptingObjects (0ms)
		CreateAndSetChildDomain (95ms)
	RebuildCommonClasses (51ms)
	RebuildNativeTypeToScriptingClass (19ms)
	initialDomainReloadingComplete (50ms)
	LoadAllAssembliesAndSetupDomain (955ms)
		LoadAssemblies (631ms)
		RebuildTransferFunctionScriptingTraits (0ms)
		AnalyzeDomain (451ms)
			TypeCache.Refresh (17ms)
				TypeCache.ScanAssembly (3ms)
			BuildScriptInfoCaches (412ms)
			ResolveRequiredComponents (15ms)
	FinalizeReload (1345ms)
		ReleaseScriptCaches (0ms)
		RebuildScriptCaches (0ms)
		SetupLoadedEditorAssemblies (1089ms)
			LogAssemblyErrors (0ms)
			InitializePlatformSupportModulesInManaged (2ms)
			SetLoadedEditorAssemblies (6ms)
			BeforeProcessingInitializeOnLoad (289ms)
			ProcessInitializeOnLoadAttributes (526ms)
			ProcessInitializeOnLoadMethodAttributes (254ms)
			AfterProcessingInitializeOnLoad (11ms)
			EditorAssembliesLoaded (1ms)
		ExecutionOrderSort2 (0ms)
		AwakeInstancesAfterBackupRestoration (22ms)
Refreshing native plugins compatible for Editor in 4.59 ms, found 5 plugins.
Preloading 1 native plugins for Editor in 0.05 ms.
Unloading 53 Unused Serialized files (Serialized files now loaded: 0)
Unloading 9404 unused Assets / (18.0 MB). Loaded Objects now: 10318.
Memory consumption went from 200.9 MB to 182.9 MB.
Total: 19.820800 ms (FindLiveObjects: 1.669900 ms CreateObjectMapping: 1.163500 ms MarkObjects: 9.517100 ms  DeleteObjects: 7.468800 ms)

Prepare: number of updated asset objects reloaded= 0
========================================================================
Received Prepare
Refreshing native plugins compatible for Editor in 3.19 ms, found 5 plugins.
Preloading 1 native plugins for Editor in 0.06 ms.
Unloading 53 Unused Serialized files (Serialized files now loaded: 0)
Unloading 9386 unused Assets / (19.5 MB). Loaded Objects now: 10319.
Memory consumption went from 203.6 MB to 184.1 MB.
Total: 15.138100 ms (FindLiveObjects: 0.969200 ms CreateObjectMapping: 0.814500 ms MarkObjects: 6.312800 ms  DeleteObjects: 7.040300 ms)

Prepare: number of updated asset objects reloaded= 0
========================================================================
Received Import Request.
  Time since last request: 80.723233 seconds.
  path: Assets/Scripts/CombateJugador.cs
  artifactKey: Guid(cdbaa6a8e72014f498a2f8f492043561) Importer(815301076,1909f56bfc062723c751e8b465ee728b)
Start importing Assets/Scripts/CombateJugador.cs using Guid(cdbaa6a8e72014f498a2f8f492043561) Importer(815301076,1909f56bfc062723c751e8b465ee728b) (PreviewImporter) -> (artifact id: 'dc238f3debf1d52ac7a318912ac06918') in 0.0017873 seconds
Number of updated asset objects reloaded before import = 0Number of asset objects unloaded after import = 0

========================================================================
Received Prepare
Begin MonoManager ReloadAssembly
[Licensing::Client] Successfully resolved entitlement details
Duplicate assembly 'System.Runtime.CompilerServices.Unsafe.dll' with different versions detected, using 'Packages/com.unity.collections/Unity.Collections.Tests/System.Runtime.CompilerServices.Unsafe/System.Runtime.CompilerServices.Unsafe.dll, AssemblyName=System.Runtime.CompilerServices.Unsafe, Version=6.0.0.0, Culture=neutral, PublicKeyToken=b03f5f7f11d50a3a' and ignoring 'Packages/com.unity.ai.assistant/Plugins/Markdig/Dependencies/System.Runtime.CompilerServices.Unsafe.dll, AssemblyName=System.Runtime.CompilerServices.Unsafe, Version=4.0.6.0, Culture=neutral, PublicKeyToken=b03f5f7f11d50a3a'.Symbol file LoadedFromMemory is not a mono symbol file
Symbol file LoadedFromMemory is not a mono symbol file
- Loaded All Assemblies, in  1.932 seconds
Refreshing native plugins compatible for Editor in 7.92 ms, found 5 plugins.
Native extension for WindowsStandalone target not found
[Package Manager] Failed to launch server process. Reason: Unity was launched with the -noUpm command-line argument
[Package Manager] Unable to send message (not connected to server process).
[Package Manager] Cannot connect to Unity Package Manager local server
[Package Manager] Failed to launch server process. Reason: Unity was launched with the -noUpm command-line argument
[Package Manager] Unable to send message (not connected to server process).
[Package Manager] Cannot connect to Unity Package Manager local server
Mono: successfully reloaded assembly
- Finished resetting the current domain, in  1.919 seconds
Domain Reload Profiling: 3853ms
	BeginReloadAssembly (429ms)
		ExecutionOrderSort (0ms)
		DisableScriptedObjects (23ms)
		BackupInstance (0ms)
		ReleaseScriptingObjects (0ms)
		CreateAndSetChildDomain (116ms)
	RebuildCommonClasses (78ms)
	RebuildNativeTypeToScriptingClass (33ms)
	initialDomainReloadingComplete (75ms)
	LoadAllAssembliesAndSetupDomain (1317ms)
		LoadAssemblies (819ms)
		RebuildTransferFunctionScriptingTraits (0ms)
		AnalyzeDomain (676ms)
			TypeCache.Refresh (29ms)
				TypeCache.ScanAssembly (5ms)
			BuildScriptInfoCaches (622ms)
			ResolveRequiredComponents (17ms)
	FinalizeReload (1920ms)
		ReleaseScriptCaches (0ms)
		RebuildScriptCaches (0ms)
		SetupLoadedEditorAssemblies (1578ms)
			LogAssemblyErrors (0ms)
			InitializePlatformSupportModulesInManaged (2ms)
			SetLoadedEditorAssemblies (6ms)
			BeforeProcessingInitializeOnLoad (416ms)
			ProcessInitializeOnLoadAttributes (773ms)
			ProcessInitializeOnLoadMethodAttributes (360ms)
			AfterProcessingInitializeOnLoad (20ms)
			EditorAssembliesLoaded (1ms)
		ExecutionOrderSort2 (0ms)
		AwakeInstancesAfterBackupRestoration (37ms)
Refreshing native plugins compatible for Editor in 5.70 ms, found 5 plugins.
Preloading 1 native plugins for Editor in 0.09 ms.
Unloading 53 Unused Serialized files (Serialized files now loaded: 0)
Unloading 9405 unused Assets / (17.6 MB). Loaded Objects now: 10322.
Memory consumption went from 200.9 MB to 183.3 MB.
Total: 22.774200 ms (FindLiveObjects: 1.108600 ms CreateObjectMapping: 1.716400 ms MarkObjects: 10.810800 ms  DeleteObjects: 9.136900 ms)

Prepare: number of updated asset objects reloaded= 0
========================================================================
Received Import Request.
  Time since last request: 13.235919 seconds.
  path: Assets/Scripts/CombateJugador.cs
  artifactKey: Guid(cdbaa6a8e72014f498a2f8f492043561) Importer(815301076,1909f56bfc062723c751e8b465ee728b)
Start importing Assets/Scripts/CombateJugador.cs using Guid(cdbaa6a8e72014f498a2f8f492043561) Importer(815301076,1909f56bfc062723c751e8b465ee728b) (PreviewImporter) -> (artifact id: '00000000000000000000000000000000') in 0.0024587 seconds
Import Error Code:(4)
Message: Build asset version error: assets/scripts/combatejugador.cs in SourceAssetDB has modification time of '2025-11-22T03:58:30.4894875Z' while content on disk has modification time of '2025-11-22T03:58:43.7885307Z'
  ERROR: Build asset version error: assets/scripts/combatejugador.cs in SourceAssetDB has modification time of '2025-11-22T03:58:30.4894875Z' while content on disk has modification time of '2025-11-22T03:58:43.7885307Z'
Number of updated asset objects reloaded before import = 0Number of asset objects unloaded after import = 0

========================================================================
Received Import Request.
  Time since last request: 0.000025 seconds.
  path: Assets/Scripts/CombateJugador.cs
  artifactKey: Guid(cdbaa6a8e72014f498a2f8f492043561) Importer(815301076,1909f56bfc062723c751e8b465ee728b)
Start importing Assets/Scripts/CombateJugador.cs using Guid(cdbaa6a8e72014f498a2f8f492043561) Importer(815301076,1909f56bfc062723c751e8b465ee728b) (PreviewImporter) -> (artifact id: '00000000000000000000000000000000') in 0.0009533 seconds
Import Error Code:(4)
Message: Build asset version error: assets/scripts/combatejugador.cs in SourceAssetDB has modification time of '2025-11-22T03:58:30.4894875Z' while content on disk has modification time of '2025-11-22T03:58:43.7885307Z'
  ERROR: Build asset version error: assets/scripts/combatejugador.cs in SourceAssetDB has modification time of '2025-11-22T03:58:30.4894875Z' while content on disk has modification time of '2025-11-22T03:58:43.7885307Z'
Number of updated asset objects reloaded before import = 0Number of asset objects unloaded after import = 0

========================================================================
Received Import Request.
  Time since last request: 0.000023 seconds.
  path: Assets/Scripts/CombateJugador.cs
  artifactKey: Guid(cdbaa6a8e72014f498a2f8f492043561) Importer(815301076,1909f56bfc062723c751e8b465ee728b)
Start importing Assets/Scripts/CombateJugador.cs using Guid(cdbaa6a8e72014f498a2f8f492043561) Importer(815301076,1909f56bfc062723c751e8b465ee728b) (PreviewImporter) -> (artifact id: '00000000000000000000000000000000') in 0.0006778 seconds
Import Error Code:(4)
Message: Build asset version error: assets/scripts/combatejugador.cs in SourceAssetDB has modification time of '2025-11-22T03:58:30.4894875Z' while content on disk has modification time of '2025-11-22T03:58:43.7885307Z'
  ERROR: Build asset version error: assets/scripts/combatejugador.cs in SourceAssetDB has modification time of '2025-11-22T03:58:30.4894875Z' while content on disk has modification time of '2025-11-22T03:58:43.7885307Z'
Number of updated asset objects reloaded before import = 0Number of asset objects unloaded after import = 0

========================================================================
Received Import Request.
  Time since last request: 0.000022 seconds.
  path: Assets/Scripts/CombateJugador.cs
  artifactKey: Guid(cdbaa6a8e72014f498a2f8f492043561) Importer(815301076,1909f56bfc062723c751e8b465ee728b)
Start importing Assets/Scripts/CombateJugador.cs using Guid(cdbaa6a8e72014f498a2f8f492043561) Importer(815301076,1909f56bfc062723c751e8b465ee728b) (PreviewImporter) -> (artifact id: '00000000000000000000000000000000') in 0.0006524 seconds
Import Error Code:(4)
Message: Build asset version error: assets/scripts/combatejugador.cs in SourceAssetDB has modification time of '2025-11-22T03:58:30.4894875Z' while content on disk has modification time of '2025-11-22T03:58:43.7885307Z'
  ERROR: Build asset version error: assets/scripts/combatejugador.cs in SourceAssetDB has modification time of '2025-11-22T03:58:30.4894875Z' while content on disk has modification time of '2025-11-22T03:58:43.7885307Z'
Number of updated asset objects reloaded before import = 0Number of asset objects unloaded after import = 0

========================================================================
Received Import Request.
  Time since last request: 0.000035 seconds.
  path: Assets/Scripts/CombateJugador.cs
  artifactKey: Guid(cdbaa6a8e72014f498a2f8f492043561) Importer(815301076,1909f56bfc062723c751e8b465ee728b)
Start importing Assets/Scripts/CombateJugador.cs using Guid(cdbaa6a8e72014f498a2f8f492043561) Importer(815301076,1909f56bfc062723c751e8b465ee728b) (PreviewImporter) -> (artifact id: '00000000000000000000000000000000') in 0.0008958 seconds
Import Error Code:(4)
Message: Build asset version error: assets/scripts/combatejugador.cs in SourceAssetDB has modification time of '2025-11-22T03:58:30.4894875Z' while content on disk has modification time of '2025-11-22T03:58:43.7885307Z'
  ERROR: Build asset version error: assets/scripts/combatejugador.cs in SourceAssetDB has modification time of '2025-11-22T03:58:30.4894875Z' while content on disk has modification time of '2025-11-22T03:58:43.7885307Z'
Number of updated asset objects reloaded before import = 0Number of asset objects unloaded after import = 0

========================================================================
Received Import Request.
  Time since last request: 0.000021 seconds.
  path: Assets/Scripts/CombateJugador.cs
  artifactKey: Guid(cdbaa6a8e72014f498a2f8f492043561) Importer(815301076,1909f56bfc062723c751e8b465ee728b)
Start importing Assets/Scripts/CombateJugador.cs using Guid(cdbaa6a8e72014f498a2f8f492043561) Importer(815301076,1909f56bfc062723c751e8b465ee728b) (PreviewImporter) -> (artifact id: '00000000000000000000000000000000') in 0.0007064 seconds
Import Error Code:(4)
Message: Build asset version error: assets/scripts/combatejugador.cs in SourceAssetDB has modification time of '2025-11-22T03:58:30.4894875Z' while content on disk has modification time of '2025-11-22T03:58:43.7885307Z'
  ERROR: Build asset version error: assets/scripts/combatejugador.cs in SourceAssetDB has modification time of '2025-11-22T03:58:30.4894875Z' while content on disk has modification time of '2025-11-22T03:58:43.7885307Z'
Number of updated asset objects reloaded before import = 0Number of asset objects unloaded after import = 0

========================================================================
Received Import Request.
  Time since last request: 0.000022 seconds.
  path: Assets/Scripts/CombateJugador.cs
  artifactKey: Guid(cdbaa6a8e72014f498a2f8f492043561) Importer(815301076,1909f56bfc062723c751e8b465ee728b)
Start importing Assets/Scripts/CombateJugador.cs using Guid(cdbaa6a8e72014f498a2f8f492043561) Importer(815301076,1909f56bfc062723c751e8b465ee728b) (PreviewImporter) -> (artifact id: '00000000000000000000000000000000') in 0.0008522 seconds
Import Error Code:(4)
Message: Build asset version error: assets/scripts/combatejugador.cs in SourceAssetDB has modification time of '2025-11-22T03:58:30.4894875Z' while content on disk has modification time of '2025-11-22T03:58:43.7885307Z'
  ERROR: Build asset version error: assets/scripts/combatejugador.cs in SourceAssetDB has modification time of '2025-11-22T03:58:30.4894875Z' while content on disk has modification time of '2025-11-22T03:58:43.7885307Z'
Number of updated asset objects reloaded before import = 0Number of asset objects unloaded after import = 0

========================================================================
Received Import Request.
  Time since last request: 0.000031 seconds.
  path: Assets/Scripts/CombateJugador.cs
  artifactKey: Guid(cdbaa6a8e72014f498a2f8f492043561) Importer(815301076,1909f56bfc062723c751e8b465ee728b)
Start importing Assets/Scripts/CombateJugador.cs using Guid(cdbaa6a8e72014f498a2f8f492043561) Importer(815301076,1909f56bfc062723c751e8b465ee728b) (PreviewImporter) -> (artifact id: '00000000000000000000000000000000') in 0.0006056 seconds
Import Error Code:(4)
Message: Build asset version error: assets/scripts/combatejugador.cs in SourceAssetDB has modification time of '2025-11-22T03:58:30.4894875Z' while content on disk has modification time of '2025-11-22T03:58:43.7885307Z'
  ERROR: Build asset version error: assets/scripts/combatejugador.cs in SourceAssetDB has modification time of '2025-11-22T03:58:30.4894875Z' while content on disk has modification time of '2025-11-22T03:58:43.7885307Z'
Number of updated asset objects reloaded before import = 0Number of asset objects unloaded after import = 0

========================================================================
Received Import Request.
  Time since last request: 0.000037 seconds.
  path: Assets/Scripts/CombateJugador.cs
  artifactKey: Guid(cdbaa6a8e72014f498a2f8f492043561) Importer(815301076,1909f56bfc062723c751e8b465ee728b)
Start importing Assets/Scripts/CombateJugador.cs using Guid(cdbaa6a8e72014f498a2f8f492043561) Importer(815301076,1909f56bfc062723c751e8b465ee728b) (PreviewImporter) -> (artifact id: '00000000000000000000000000000000') in 0.0007077 seconds
Import Error Code:(4)
Message: Build asset version error: assets/scripts/combatejugador.cs in SourceAssetDB has modification time of '2025-11-22T03:58:30.4894875Z' while content on disk has modification time of '2025-11-22T03:58:43.7885307Z'
  ERROR: Build asset version error: assets/scripts/combatejugador.cs in SourceAssetDB has modification time of '2025-11-22T03:58:30.4894875Z' while content on disk has modification time of '2025-11-22T03:58:43.7885307Z'
Number of updated asset objects reloaded before import = 0Number of asset objects unloaded after import = 0

========================================================================
Received Import Request.
  Time since last request: 0.000022 seconds.
  path: Assets/Scripts/CombateJugador.cs
  artifactKey: Guid(cdbaa6a8e72014f498a2f8f492043561) Importer(815301076,1909f56bfc062723c751e8b465ee728b)
Start importing Assets/Scripts/CombateJugador.cs using Guid(cdbaa6a8e72014f498a2f8f492043561) Importer(815301076,1909f56bfc062723c751e8b465ee728b) (PreviewImporter) -> (artifact id: '00000000000000000000000000000000') in 0.0008551 seconds
Import Error Code:(4)
Message: Build asset version error: assets/scripts/combatejugador.cs in SourceAssetDB has modification time of '2025-11-22T03:58:30.4894875Z' while content on disk has modification time of '2025-11-22T03:58:43.7885307Z'
  ERROR: Build asset version error: assets/scripts/combatejugador.cs in SourceAssetDB has modification time of '2025-11-22T03:58:30.4894875Z' while content on disk has modification time of '2025-11-22T03:58:43.7885307Z'
Number of updated asset objects reloaded before import = 0Number of asset objects unloaded after import = 0

========================================================================
Received Import Request.
  Time since last request: 0.000018 seconds.
  path: Assets/Scripts/CombateJugador.cs
  artifactKey: Guid(cdbaa6a8e72014f498a2f8f492043561) Importer(815301076,1909f56bfc062723c751e8b465ee728b)
Start importing Assets/Scripts/CombateJugador.cs using Guid(cdbaa6a8e72014f498a2f8f492043561) Importer(815301076,1909f56bfc062723c751e8b465ee728b) (PreviewImporter) -> (artifact id: '00000000000000000000000000000000') in 0.0007028 seconds
Import Error Code:(4)
Message: Build asset version error: assets/scripts/combatejugador.cs in SourceAssetDB has modification time of '2025-11-22T03:58:30.4894875Z' while content on disk has modification time of '2025-11-22T03:58:43.7885307Z'
  ERROR: Build asset version error: assets/scripts/combatejugador.cs in SourceAssetDB has modification time of '2025-11-22T03:58:30.4894875Z' while content on disk has modification time of '2025-11-22T03:58:43.7885307Z'
Number of updated asset objects reloaded before import = 0Number of asset objects unloaded after import = 0

========================================================================
Received Import Request.
  Time since last request: 0.000015 seconds.
  path: Assets/Scripts/CombateJugador.cs
  artifactKey: Guid(cdbaa6a8e72014f498a2f8f492043561) Importer(815301076,1909f56bfc062723c751e8b465ee728b)
Start importing Assets/Scripts/CombateJugador.cs using Guid(cdbaa6a8e72014f498a2f8f492043561) Importer(815301076,1909f56bfc062723c751e8b465ee728b) (PreviewImporter) -> (artifact id: '00000000000000000000000000000000') in 0.0007863 seconds
Import Error Code:(4)
Message: Build asset version error: assets/scripts/combatejugador.cs in SourceAssetDB has modification time of '2025-11-22T03:58:30.4894875Z' while content on disk has modification time of '2025-11-22T03:58:43.7885307Z'
  ERROR: Build asset version error: assets/scripts/combatejugador.cs in SourceAssetDB has modification time of '2025-11-22T03:58:30.4894875Z' while content on disk has modification time of '2025-11-22T03:58:43.7885307Z'
Number of updated asset objects reloaded before import = 0Number of asset objects unloaded after import = 0

========================================================================
Received Import Request.
  Time since last request: 0.000024 seconds.
  path: Assets/Scripts/CombateJugador.cs
  artifactKey: Guid(cdbaa6a8e72014f498a2f8f492043561) Importer(815301076,1909f56bfc062723c751e8b465ee728b)
Start importing Assets/Scripts/CombateJugador.cs using Guid(cdbaa6a8e72014f498a2f8f492043561) Importer(815301076,1909f56bfc062723c751e8b465ee728b) (PreviewImporter) -> (artifact id: '00000000000000000000000000000000') in 0.0008096 seconds
Import Error Code:(4)
Message: Build asset version error: assets/scripts/combatejugador.cs in SourceAssetDB has modification time of '2025-11-22T03:58:30.4894875Z' while content on disk has modification time of '2025-11-22T03:58:43.7885307Z'
  ERROR: Build asset version error: assets/scripts/combatejugador.cs in SourceAssetDB has modification time of '2025-11-22T03:58:30.4894875Z' while content on disk has modification time of '2025-11-22T03:58:43.7885307Z'
Number of updated asset objects reloaded before import = 0Number of asset objects unloaded after import = 0

========================================================================
Received Import Request.
  Time since last request: 0.000047 seconds.
  path: Assets/Scripts/CombateJugador.cs
  artifactKey: Guid(cdbaa6a8e72014f498a2f8f492043561) Importer(815301076,1909f56bfc062723c751e8b465ee728b)
Start importing Assets/Scripts/CombateJugador.cs using Guid(cdbaa6a8e72014f498a2f8f492043561) Importer(815301076,1909f56bfc062723c751e8b465ee728b) (PreviewImporter) -> (artifact id: '00000000000000000000000000000000') in 0.0008602 seconds
Import Error Code:(4)
Message: Build asset version error: assets/scripts/combatejugador.cs in SourceAssetDB has modification time of '2025-11-22T03:58:30.4894875Z' while content on disk has modification time of '2025-11-22T03:58:43.7885307Z'
  ERROR: Build asset version error: assets/scripts/combatejugador.cs in SourceAssetDB has modification time of '2025-11-22T03:58:30.4894875Z' while content on disk has modification time of '2025-11-22T03:58:43.7885307Z'
Number of updated asset objects reloaded before import = 0Number of asset objects unloaded after import = 0

========================================================================
Received Import Request.
  Time since last request: 0.000018 seconds.
  path: Assets/Scripts/CombateJugador.cs
  artifactKey: Guid(cdbaa6a8e72014f498a2f8f492043561) Importer(815301076,1909f56bfc062723c751e8b465ee728b)
Start importing Assets/Scripts/CombateJugador.cs using Guid(cdbaa6a8e72014f498a2f8f492043561) Importer(815301076,1909f56bfc062723c751e8b465ee728b) (PreviewImporter) -> (artifact id: '00000000000000000000000000000000') in 0.0006404 seconds
Import Error Code:(4)
Message: Build asset version error: assets/scripts/combatejugador.cs in SourceAssetDB has modification time of '2025-11-22T03:58:30.4894875Z' while content on disk has modification time of '2025-11-22T03:58:43.7885307Z'
  ERROR: Build asset version error: assets/scripts/combatejugador.cs in SourceAssetDB has modification time of '2025-11-22T03:58:30.4894875Z' while content on disk has modification time of '2025-11-22T03:58:43.7885307Z'
Number of updated asset objects reloaded before import = 0Number of asset objects unloaded after import = 0

========================================================================
Received Import Request.
  Time since last request: 0.000017 seconds.
  path: Assets/Scripts/CombateJugador.cs
  artifactKey: Guid(cdbaa6a8e72014f498a2f8f492043561) Importer(815301076,1909f56bfc062723c751e8b465ee728b)
Start importing Assets/Scripts/CombateJugador.cs using Guid(cdbaa6a8e72014f498a2f8f492043561) Importer(815301076,1909f56bfc062723c751e8b465ee728b) (PreviewImporter) -> (artifact id: '00000000000000000000000000000000') in 0.0009014 seconds
Import Error Code:(4)
Message: Build asset version error: assets/scripts/combatejugador.cs in SourceAssetDB has modification time of '2025-11-22T03:58:30.4894875Z' while content on disk has modification time of '2025-11-22T03:58:43.7885307Z'
  ERROR: Build asset version error: assets/scripts/combatejugador.cs in SourceAssetDB has modification time of '2025-11-22T03:58:30.4894875Z' while content on disk has modification time of '2025-11-22T03:58:43.7885307Z'
Number of updated asset objects reloaded before import = 0Number of asset objects unloaded after import = 0

========================================================================
Received Import Request.
  Time since last request: 0.000028 seconds.
  path: Assets/Scripts/CombateJugador.cs
  artifactKey: Guid(cdbaa6a8e72014f498a2f8f492043561) Importer(815301076,1909f56bfc062723c751e8b465ee728b)
Start importing Assets/Scripts/CombateJugador.cs using Guid(cdbaa6a8e72014f498a2f8f492043561) Importer(815301076,1909f56bfc062723c751e8b465ee728b) (PreviewImporter) -> (artifact id: '00000000000000000000000000000000') in 0.0007794 seconds
Import Error Code:(4)
Message: Build asset version error: assets/scripts/combatejugador.cs in SourceAssetDB has modification time of '2025-11-22T03:58:30.4894875Z' while content on disk has modification time of '2025-11-22T03:58:43.7885307Z'
  ERROR: Build asset version error: assets/scripts/combatejugador.cs in SourceAssetDB has modification time of '2025-11-22T03:58:30.4894875Z' while content on disk has modification time of '2025-11-22T03:58:43.7885307Z'
Number of updated asset objects reloaded before import = 0Number of asset objects unloaded after import = 0

========================================================================
Received Import Request.
  Time since last request: 0.000030 seconds.
  path: Assets/Scripts/CombateJugador.cs
  artifactKey: Guid(cdbaa6a8e72014f498a2f8f492043561) Importer(815301076,1909f56bfc062723c751e8b465ee728b)
Start importing Assets/Scripts/CombateJugador.cs using Guid(cdbaa6a8e72014f498a2f8f492043561) Importer(815301076,1909f56bfc062723c751e8b465ee728b) (PreviewImporter) -> (artifact id: '00000000000000000000000000000000') in 0.0007478 seconds
Import Error Code:(4)
Message: Build asset version error: assets/scripts/combatejugador.cs in SourceAssetDB has modification time of '2025-11-22T03:58:30.4894875Z' while content on disk has modification time of '2025-11-22T03:58:43.7885307Z'
  ERROR: Build asset version error: assets/scripts/combatejugador.cs in SourceAssetDB has modification time of '2025-11-22T03:58:30.4894875Z' while content on disk has modification time of '2025-11-22T03:58:43.7885307Z'
Number of updated asset objects reloaded before import = 0Number of asset objects unloaded after import = 0

========================================================================
Received Import Request.
  Time since last request: 0.000033 seconds.
  path: Assets/Scripts/CombateJugador.cs
  artifactKey: Guid(cdbaa6a8e72014f498a2f8f492043561) Importer(815301076,1909f56bfc062723c751e8b465ee728b)
Start importing Assets/Scripts/CombateJugador.cs using Guid(cdbaa6a8e72014f498a2f8f492043561) Importer(815301076,1909f56bfc062723c751e8b465ee728b) (PreviewImporter) -> (artifact id: '00000000000000000000000000000000') in 0.0008111 seconds
Import Error Code:(4)
Message: Build asset version error: assets/scripts/combatejugador.cs in SourceAssetDB has modification time of '2025-11-22T03:58:30.4894875Z' while content on disk has modification time of '2025-11-22T03:58:43.7885307Z'
  ERROR: Build asset version error: assets/scripts/combatejugador.cs in SourceAssetDB has modification time of '2025-11-22T03:58:30.4894875Z' while content on disk has modification time of '2025-11-22T03:58:43.7885307Z'
Number of updated asset objects reloaded before import = 0Number of asset objects unloaded after import = 0

========================================================================
Received Import Request.
  Time since last request: 0.000025 seconds.
  path: Assets/Scripts/CombateJugador.cs
  artifactKey: Guid(cdbaa6a8e72014f498a2f8f492043561) Importer(815301076,1909f56bfc062723c751e8b465ee728b)
Start importing Assets/Scripts/CombateJugador.cs using Guid(cdbaa6a8e72014f498a2f8f492043561) Importer(815301076,1909f56bfc062723c751e8b465ee728b) (PreviewImporter) -> (artifact id: '00000000000000000000000000000000') in 0.0009518 seconds
Import Error Code:(4)
Message: Build asset version error: assets/scripts/combatejugador.cs in SourceAssetDB has modification time of '2025-11-22T03:58:30.4894875Z' while content on disk has modification time of '2025-11-22T03:58:43.7885307Z'
  ERROR: Build asset version error: assets/scripts/combatejugador.cs in SourceAssetDB has modification time of '2025-11-22T03:58:30.4894875Z' while content on disk has modification time of '2025-11-22T03:58:43.7885307Z'
Number of updated asset objects reloaded before import = 0Number of asset objects unloaded after import = 0

========================================================================
Received Import Request.
  Time since last request: 0.000025 seconds.
  path: Assets/Scripts/CombateJugador.cs
  artifactKey: Guid(cdbaa6a8e72014f498a2f8f492043561) Importer(815301076,1909f56bfc062723c751e8b465ee728b)
Start importing Assets/Scripts/CombateJugador.cs using Guid(cdbaa6a8e72014f498a2f8f492043561) Importer(815301076,1909f56bfc062723c751e8b465ee728b) (PreviewImporter) -> (artifact id: '00000000000000000000000000000000') in 0.000748 seconds
Import Error Code:(4)
Message: Build asset version error: assets/scripts/combatejugador.cs in SourceAssetDB has modification time of '2025-11-22T03:58:30.4894875Z' while content on disk has modification time of '2025-11-22T03:58:43.7885307Z'
  ERROR: Build asset version error: assets/scripts/combatejugador.cs in SourceAssetDB has modification time of '2025-11-22T03:58:30.4894875Z' while content on disk has modification time of '2025-11-22T03:58:43.7885307Z'
Number of updated asset objects reloaded before import = 0Number of asset objects unloaded after import = 0

========================================================================
Received Import Request.
  Time since last request: 0.000023 seconds.
  path: Assets/Scripts/CombateJugador.cs
  artifactKey: Guid(cdbaa6a8e72014f498a2f8f492043561) Importer(815301076,1909f56bfc062723c751e8b465ee728b)
Start importing Assets/Scripts/CombateJugador.cs using Guid(cdbaa6a8e72014f498a2f8f492043561) Importer(815301076,1909f56bfc062723c751e8b465ee728b) (PreviewImporter) -> (artifact id: '00000000000000000000000000000000') in 0.0010191 seconds
Import Error Code:(4)
Message: Build asset version error: assets/scripts/combatejugador.cs in SourceAssetDB has modification time of '2025-11-22T03:58:30.4894875Z' while content on disk has modification time of '2025-11-22T03:58:43.7885307Z'
  ERROR: Build asset version error: assets/scripts/combatejugador.cs in SourceAssetDB has modification time of '2025-11-22T03:58:30.4894875Z' while content on disk has modification time of '2025-11-22T03:58:43.7885307Z'
Number of updated asset objects reloaded before import = 0Number of asset objects unloaded after import = 0

========================================================================
Received Import Request.
  Time since last request: 0.000044 seconds.
  path: Assets/Scripts/CombateJugador.cs
  artifactKey: Guid(cdbaa6a8e72014f498a2f8f492043561) Importer(815301076,1909f56bfc062723c751e8b465ee728b)
Start importing Assets/Scripts/CombateJugador.cs using Guid(cdbaa6a8e72014f498a2f8f492043561) Importer(815301076,1909f56bfc062723c751e8b465ee728b) (PreviewImporter) -> (artifact id: '00000000000000000000000000000000') in 0.0010549 seconds
Import Error Code:(4)
Message: Build asset version error: assets/scripts/combatejugador.cs in SourceAssetDB has modification time of '2025-11-22T03:58:30.4894875Z' while content on disk has modification time of '2025-11-22T03:58:43.7885307Z'
  ERROR: Build asset version error: assets/scripts/combatejugador.cs in SourceAssetDB has modification time of '2025-11-22T03:58:30.4894875Z' while content on disk has modification time of '2025-11-22T03:58:43.7885307Z'
Number of updated asset objects reloaded before import = 0Number of asset objects unloaded after import = 0

========================================================================
Received Import Request.
  Time since last request: 0.000030 seconds.
  path: Assets/Scripts/CombateJugador.cs
  artifactKey: Guid(cdbaa6a8e72014f498a2f8f492043561) Importer(815301076,1909f56bfc062723c751e8b465ee728b)
Start importing Assets/Scripts/CombateJugador.cs using Guid(cdbaa6a8e72014f498a2f8f492043561) Importer(815301076,1909f56bfc062723c751e8b465ee728b) (PreviewImporter) -> (artifact id: '00000000000000000000000000000000') in 0.0008404 seconds
Import Error Code:(4)
Message: Build asset version error: assets/scripts/combatejugador.cs in SourceAssetDB has modification time of '2025-11-22T03:58:30.4894875Z' while content on disk has modification time of '2025-11-22T03:58:43.7885307Z'
  ERROR: Build asset version error: assets/scripts/combatejugador.cs in SourceAssetDB has modification time of '2025-11-22T03:58:30.4894875Z' while content on disk has modification time of '2025-11-22T03:58:43.7885307Z'
Number of updated asset objects reloaded before import = 0Number of asset objects unloaded after import = 0

========================================================================
Received Import Request.
  Time since last request: 0.000029 seconds.
  path: Assets/Scripts/CombateJugador.cs
  artifactKey: Guid(cdbaa6a8e72014f498a2f8f492043561) Importer(815301076,1909f56bfc062723c751e8b465ee728b)
Start importing Assets/Scripts/CombateJugador.cs using Guid(cdbaa6a8e72014f498a2f8f492043561) Importer(815301076,1909f56bfc062723c751e8b465ee728b) (PreviewImporter) -> (artifact id: '00000000000000000000000000000000') in 0.0011215 seconds
Import Error Code:(4)
Message: Build asset version error: assets/scripts/combatejugador.cs in SourceAssetDB has modification time of '2025-11-22T03:58:30.4894875Z' while content on disk has modification time of '2025-11-22T03:58:43.7885307Z'
  ERROR: Build asset version error: assets/scripts/combatejugador.cs in SourceAssetDB has modification time of '2025-11-22T03:58:30.4894875Z' while content on disk has modification time of '2025-11-22T03:58:43.7885307Z'
Number of updated asset objects reloaded before import = 0Number of asset objects unloaded after import = 0

========================================================================
Received Import Request.
  Time since last request: 0.000041 seconds.
  path: Assets/Scripts/CombateJugador.cs
  artifactKey: Guid(cdbaa6a8e72014f498a2f8f492043561) Importer(815301076,1909f56bfc062723c751e8b465ee728b)
Start importing Assets/Scripts/CombateJugador.cs using Guid(cdbaa6a8e72014f498a2f8f492043561) Importer(815301076,1909f56bfc062723c751e8b465ee728b) (PreviewImporter) -> (artifact id: '00000000000000000000000000000000') in 0.0007607 seconds
Import Error Code:(4)
Message: Build asset version error: assets/scripts/combatejugador.cs in SourceAssetDB has modification time of '2025-11-22T03:58:30.4894875Z' while content on disk has modification time of '2025-11-22T03:58:43.7885307Z'
  ERROR: Build asset version error: assets/scripts/combatejugador.cs in SourceAssetDB has modification time of '2025-11-22T03:58:30.4894875Z' while content on disk has modification time of '2025-11-22T03:58:43.7885307Z'
Number of updated asset objects reloaded before import = 0Number of asset objects unloaded after import = 0

========================================================================
Received Import Request.
  Time since last request: 0.000035 seconds.
  path: Assets/Scripts/CombateJugador.cs
  artifactKey: Guid(cdbaa6a8e72014f498a2f8f492043561) Importer(815301076,1909f56bfc062723c751e8b465ee728b)
Start importing Assets/Scripts/CombateJugador.cs using Guid(cdbaa6a8e72014f498a2f8f492043561) Importer(815301076,1909f56bfc062723c751e8b465ee728b) (PreviewImporter) -> (artifact id: '00000000000000000000000000000000') in 0.0008364 seconds
Import Error Code:(4)
Message: Build asset version error: assets/scripts/combatejugador.cs in SourceAssetDB has modification time of '2025-11-22T03:58:30.4894875Z' while content on disk has modification time of '2025-11-22T03:58:43.7885307Z'
  ERROR: Build asset version error: assets/scripts/combatejugador.cs in SourceAssetDB has modification time of '2025-11-22T03:58:30.4894875Z' while content on disk has modification time of '2025-11-22T03:58:43.7885307Z'
Number of updated asset objects reloaded before import = 0Number of asset objects unloaded after import = 0

========================================================================
Received Import Request.
  Time since last request: 0.000017 seconds.
  path: Assets/Scripts/CombateJugador.cs
  artifactKey: Guid(cdbaa6a8e72014f498a2f8f492043561) Importer(815301076,1909f56bfc062723c751e8b465ee728b)
Start importing Assets/Scripts/CombateJugador.cs using Guid(cdbaa6a8e72014f498a2f8f492043561) Importer(815301076,1909f56bfc062723c751e8b465ee728b) (PreviewImporter) -> (artifact id: '00000000000000000000000000000000') in 0.0008404 seconds
Import Error Code:(4)
Message: Build asset version error: assets/scripts/combatejugador.cs in SourceAssetDB has modification time of '2025-11-22T03:58:30.4894875Z' while content on disk has modification time of '2025-11-22T03:58:43.7885307Z'
  ERROR: Build asset version error: assets/scripts/combatejugador.cs in SourceAssetDB has modification time of '2025-11-22T03:58:30.4894875Z' while content on disk has modification time of '2025-11-22T03:58:43.7885307Z'
Number of updated asset objects reloaded before import = 0Number of asset objects unloaded after import = 0

========================================================================
Received Import Request.
  Time since last request: 0.000020 seconds.
  path: Assets/Scripts/CombateJugador.cs
  artifactKey: Guid(cdbaa6a8e72014f498a2f8f492043561) Importer(815301076,1909f56bfc062723c751e8b465ee728b)
Start importing Assets/Scripts/CombateJugador.cs using Guid(cdbaa6a8e72014f498a2f8f492043561) Importer(815301076,1909f56bfc062723c751e8b465ee728b) (PreviewImporter) -> (artifact id: '00000000000000000000000000000000') in 0.0008427 seconds
Import Error Code:(4)
Message: Build asset version error: assets/scripts/combatejugador.cs in SourceAssetDB has modification time of '2025-11-22T03:58:30.4894875Z' while content on disk has modification time of '2025-11-22T03:58:43.7885307Z'
  ERROR: Build asset version error: assets/scripts/combatejugador.cs in SourceAssetDB has modification time of '2025-11-22T03:58:30.4894875Z' while content on disk has modification time of '2025-11-22T03:58:43.7885307Z'
Number of updated asset objects reloaded before import = 0Number of asset objects unloaded after import = 0

========================================================================
Received Import Request.
  Time since last request: 0.000022 seconds.
  path: Assets/Scripts/CombateJugador.cs
  artifactKey: Guid(cdbaa6a8e72014f498a2f8f492043561) Importer(815301076,1909f56bfc062723c751e8b465ee728b)
Start importing Assets/Scripts/CombateJugador.cs using Guid(cdbaa6a8e72014f498a2f8f492043561) Importer(815301076,1909f56bfc062723c751e8b465ee728b) (PreviewImporter) -> (artifact id: '00000000000000000000000000000000') in 0.0007858 seconds
Import Error Code:(4)
Message: Build asset version error: assets/scripts/combatejugador.cs in SourceAssetDB has modification time of '2025-11-22T03:58:30.4894875Z' while content on disk has modification time of '2025-11-22T03:58:43.7885307Z'
  ERROR: Build asset version error: assets/scripts/combatejugador.cs in SourceAssetDB has modification time of '2025-11-22T03:58:30.4894875Z' while content on disk has modification time of '2025-11-22T03:58:43.7885307Z'
Number of updated asset objects reloaded before import = 0Number of asset objects unloaded after import = 0

========================================================================
Received Import Request.
  Time since last request: 0.000026 seconds.
  path: Assets/Scripts/CombateJugador.cs
  artifactKey: Guid(cdbaa6a8e72014f498a2f8f492043561) Importer(815301076,1909f56bfc062723c751e8b465ee728b)
Start importing Assets/Scripts/CombateJugador.cs using Guid(cdbaa6a8e72014f498a2f8f492043561) Importer(815301076,1909f56bfc062723c751e8b465ee728b) (PreviewImporter) -> (artifact id: '00000000000000000000000000000000') in 0.0007356 seconds
Import Error Code:(4)
Message: Build asset version error: assets/scripts/combatejugador.cs in SourceAssetDB has modification time of '2025-11-22T03:58:30.4894875Z' while content on disk has modification time of '2025-11-22T03:58:43.7885307Z'
  ERROR: Build asset version error: assets/scripts/combatejugador.cs in SourceAssetDB has modification time of '2025-11-22T03:58:30.4894875Z' while content on disk has modification time of '2025-11-22T03:58:43.7885307Z'
Number of updated asset objects reloaded before import = 0Number of asset objects unloaded after import = 0

========================================================================
Received Import Request.
  Time since last request: 0.000045 seconds.
  path: Assets/Scripts/CombateJugador.cs
  artifactKey: Guid(cdbaa6a8e72014f498a2f8f492043561) Importer(815301076,1909f56bfc062723c751e8b465ee728b)
Start importing Assets/Scripts/CombateJugador.cs using Guid(cdbaa6a8e72014f498a2f8f492043561) Importer(815301076,1909f56bfc062723c751e8b465ee728b) (PreviewImporter) -> (artifact id: '00000000000000000000000000000000') in 0.0006572 seconds
Import Error Code:(4)
Message: Build asset version error: assets/scripts/combatejugador.cs in SourceAssetDB has modification time of '2025-11-22T03:58:30.4894875Z' while content on disk has modification time of '2025-11-22T03:58:43.7885307Z'
  ERROR: Build asset version error: assets/scripts/combatejugador.cs in SourceAssetDB has modification time of '2025-11-22T03:58:30.4894875Z' while content on disk has modification time of '2025-11-22T03:58:43.7885307Z'
Number of updated asset objects reloaded before import = 0Number of asset objects unloaded after import = 0

========================================================================
Received Import Request.
  Time since last request: 0.000021 seconds.
  path: Assets/Scripts/CombateJugador.cs
  artifactKey: Guid(cdbaa6a8e72014f498a2f8f492043561) Importer(815301076,1909f56bfc062723c751e8b465ee728b)
Start importing Assets/Scripts/CombateJugador.cs using Guid(cdbaa6a8e72014f498a2f8f492043561) Importer(815301076,1909f56bfc062723c751e8b465ee728b) (PreviewImporter) -> (artifact id: '00000000000000000000000000000000') in 0.0005859 seconds
Import Error Code:(4)
Message: Build asset version error: assets/scripts/combatejugador.cs in SourceAssetDB has modification time of '2025-11-22T03:58:30.4894875Z' while content on disk has modification time of '2025-11-22T03:58:43.7885307Z'
  ERROR: Build asset version error: assets/scripts/combatejugador.cs in SourceAssetDB has modification time of '2025-11-22T03:58:30.4894875Z' while content on disk has modification time of '2025-11-22T03:58:43.7885307Z'
Number of updated asset objects reloaded before import = 0Number of asset objects unloaded after import = 0

========================================================================
Received Import Request.
  Time since last request: 0.000021 seconds.
  path: Assets/Scripts/CombateJugador.cs
  artifactKey: Guid(cdbaa6a8e72014f498a2f8f492043561) Importer(815301076,1909f56bfc062723c751e8b465ee728b)
Start importing Assets/Scripts/CombateJugador.cs using Guid(cdbaa6a8e72014f498a2f8f492043561) Importer(815301076,1909f56bfc062723c751e8b465ee728b) (PreviewImporter) -> (artifact id: '00000000000000000000000000000000') in 0.0007492 seconds
Import Error Code:(4)
Message: Build asset version error: assets/scripts/combatejugador.cs in SourceAssetDB has modification time of '2025-11-22T03:58:30.4894875Z' while content on disk has modification time of '2025-11-22T03:58:43.7885307Z'
  ERROR: Build asset version error: assets/scripts/combatejugador.cs in SourceAssetDB has modification time of '2025-11-22T03:58:30.4894875Z' while content on disk has modification time of '2025-11-22T03:58:43.7885307Z'
Number of updated asset objects reloaded before import = 0Number of asset objects unloaded after import = 0

========================================================================
Received Import Request.
  Time since last request: 0.000021 seconds.
  path: Assets/Scripts/CombateJugador.cs
  artifactKey: Guid(cdbaa6a8e72014f498a2f8f492043561) Importer(815301076,1909f56bfc062723c751e8b465ee728b)
Start importing Assets/Scripts/CombateJugador.cs using Guid(cdbaa6a8e72014f498a2f8f492043561) Importer(815301076,1909f56bfc062723c751e8b465ee728b) (PreviewImporter) -> (artifact id: '00000000000000000000000000000000') in 0.0007818 seconds
Import Error Code:(4)
Message: Build asset version error: assets/scripts/combatejugador.cs in SourceAssetDB has modification time of '2025-11-22T03:58:30.4894875Z' while content on disk has modification time of '2025-11-22T03:58:43.7885307Z'
  ERROR: Build asset version error: assets/scripts/combatejugador.cs in SourceAssetDB has modification time of '2025-11-22T03:58:30.4894875Z' while content on disk has modification time of '2025-11-22T03:58:43.7885307Z'
Number of updated asset objects reloaded before import = 0Number of asset objects unloaded after import = 0

========================================================================
Received Import Request.
  Time since last request: 0.000022 seconds.
  path: Assets/Scripts/CombateJugador.cs
  artifactKey: Guid(cdbaa6a8e72014f498a2f8f492043561) Importer(815301076,1909f56bfc062723c751e8b465ee728b)
Start importing Assets/Scripts/CombateJugador.cs using Guid(cdbaa6a8e72014f498a2f8f492043561) Importer(815301076,1909f56bfc062723c751e8b465ee728b) (PreviewImporter) -> (artifact id: '00000000000000000000000000000000') in 0.0007286 seconds
Import Error Code:(4)
Message: Build asset version error: assets/scripts/combatejugador.cs in SourceAssetDB has modification time of '2025-11-22T03:58:30.4894875Z' while content on disk has modification time of '2025-11-22T03:58:43.7885307Z'
  ERROR: Build asset version error: assets/scripts/combatejugador.cs in SourceAssetDB has modification time of '2025-11-22T03:58:30.4894875Z' while content on disk has modification time of '2025-11-22T03:58:43.7885307Z'
Number of updated asset objects reloaded before import = 0Number of asset objects unloaded after import = 0

========================================================================
Received Import Request.
  Time since last request: 0.000034 seconds.
  path: Assets/Scripts/CombateJugador.cs
  artifactKey: Guid(cdbaa6a8e72014f498a2f8f492043561) Importer(815301076,1909f56bfc062723c751e8b465ee728b)
Start importing Assets/Scripts/CombateJugador.cs using Guid(cdbaa6a8e72014f498a2f8f492043561) Importer(815301076,1909f56bfc062723c751e8b465ee728b) (PreviewImporter) -> (artifact id: '00000000000000000000000000000000') in 0.000601 seconds
Import Error Code:(4)
Message: Build asset version error: assets/scripts/combatejugador.cs in SourceAssetDB has modification time of '2025-11-22T03:58:30.4894875Z' while content on disk has modification time of '2025-11-22T03:58:43.7885307Z'
  ERROR: Build asset version error: assets/scripts/combatejugador.cs in SourceAssetDB has modification time of '2025-11-22T03:58:30.4894875Z' while content on disk has modification time of '2025-11-22T03:58:43.7885307Z'
Number of updated asset objects reloaded before import = 0Number of asset objects unloaded after import = 0

========================================================================
Received Import Request.
  Time since last request: 0.000015 seconds.
  path: Assets/Scripts/CombateJugador.cs
  artifactKey: Guid(cdbaa6a8e72014f498a2f8f492043561) Importer(815301076,1909f56bfc062723c751e8b465ee728b)
Start importing Assets/Scripts/CombateJugador.cs using Guid(cdbaa6a8e72014f498a2f8f492043561) Importer(815301076,1909f56bfc062723c751e8b465ee728b) (PreviewImporter) -> (artifact id: '00000000000000000000000000000000') in 0.0008201 seconds
Import Error Code:(4)
Message: Build asset version error: assets/scripts/combatejugador.cs in SourceAssetDB has modification time of '2025-11-22T03:58:30.4894875Z' while content on disk has modification time of '2025-11-22T03:58:43.7885307Z'
  ERROR: Build asset version error: assets/scripts/combatejugador.cs in SourceAssetDB has modification time of '2025-11-22T03:58:30.4894875Z' while content on disk has modification time of '2025-11-22T03:58:43.7885307Z'
Number of updated asset objects reloaded before import = 0Number of asset objects unloaded after import = 0

========================================================================
Received Import Request.
  Time since last request: 0.000022 seconds.
  path: Assets/Scripts/CombateJugador.cs
  artifactKey: Guid(cdbaa6a8e72014f498a2f8f492043561) Importer(815301076,1909f56bfc062723c751e8b465ee728b)
Start importing Assets/Scripts/CombateJugador.cs using Guid(cdbaa6a8e72014f498a2f8f492043561) Importer(815301076,1909f56bfc062723c751e8b465ee728b) (PreviewImporter) -> (artifact id: '00000000000000000000000000000000') in 0.0008279 seconds
Import Error Code:(4)
Message: Build asset version error: assets/scripts/combatejugador.cs in SourceAssetDB has modification time of '2025-11-22T03:58:30.4894875Z' while content on disk has modification time of '2025-11-22T03:58:43.7885307Z'
  ERROR: Build asset version error: assets/scripts/combatejugador.cs in SourceAssetDB has modification time of '2025-11-22T03:58:30.4894875Z' while content on disk has modification time of '2025-11-22T03:58:43.7885307Z'
Number of updated asset objects reloaded before import = 0Number of asset objects unloaded after import = 0

========================================================================
Received Import Request.
  Time since last request: 0.000021 seconds.
  path: Assets/Scripts/CombateJugador.cs
  artifactKey: Guid(cdbaa6a8e72014f498a2f8f492043561) Importer(815301076,1909f56bfc062723c751e8b465ee728b)
Start importing Assets/Scripts/CombateJugador.cs using Guid(cdbaa6a8e72014f498a2f8f492043561) Importer(815301076,1909f56bfc062723c751e8b465ee728b) (PreviewImporter) -> (artifact id: '00000000000000000000000000000000') in 0.0008137 seconds
Import Error Code:(4)
Message: Build asset version error: assets/scripts/combatejugador.cs in SourceAssetDB has modification time of '2025-11-22T03:58:30.4894875Z' while content on disk has modification time of '2025-11-22T03:58:43.7885307Z'
  ERROR: Build asset version error: assets/scripts/combatejugador.cs in SourceAssetDB has modification time of '2025-11-22T03:58:30.4894875Z' while content on disk has modification time of '2025-11-22T03:58:43.7885307Z'
Number of updated asset objects reloaded before import = 0Number of asset objects unloaded after import = 0

========================================================================
Received Import Request.
  Time since last request: 0.000025 seconds.
  path: Assets/Scripts/CombateJugador.cs
  artifactKey: Guid(cdbaa6a8e72014f498a2f8f492043561) Importer(815301076,1909f56bfc062723c751e8b465ee728b)
Start importing Assets/Scripts/CombateJugador.cs using Guid(cdbaa6a8e72014f498a2f8f492043561) Importer(815301076,1909f56bfc062723c751e8b465ee728b) (PreviewImporter) -> (artifact id: '00000000000000000000000000000000') in 0.0007945 seconds
Import Error Code:(4)
Message: Build asset version error: assets/scripts/combatejugador.cs in SourceAssetDB has modification time of '2025-11-22T03:58:30.4894875Z' while content on disk has modification time of '2025-11-22T03:58:43.7885307Z'
  ERROR: Build asset version error: assets/scripts/combatejugador.cs in SourceAssetDB has modification time of '2025-11-22T03:58:30.4894875Z' while content on disk has modification time of '2025-11-22T03:58:43.7885307Z'
Number of updated asset objects reloaded before import = 0Number of asset objects unloaded after import = 0

========================================================================
Received Import Request.
  Time since last request: 0.000026 seconds.
  path: Assets/Scripts/CombateJugador.cs
  artifactKey: Guid(cdbaa6a8e72014f498a2f8f492043561) Importer(815301076,1909f56bfc062723c751e8b465ee728b)
Start importing Assets/Scripts/CombateJugador.cs using Guid(cdbaa6a8e72014f498a2f8f492043561) Importer(815301076,1909f56bfc062723c751e8b465ee728b) (PreviewImporter) -> (artifact id: '00000000000000000000000000000000') in 0.0008914 seconds
Import Error Code:(4)
Message: Build asset version error: assets/scripts/combatejugador.cs in SourceAssetDB has modification time of '2025-11-22T03:58:30.4894875Z' while content on disk has modification time of '2025-11-22T03:58:43.7885307Z'
  ERROR: Build asset version error: assets/scripts/combatejugador.cs in SourceAssetDB has modification time of '2025-11-22T03:58:30.4894875Z' while content on disk has modification time of '2025-11-22T03:58:43.7885307Z'
Number of updated asset objects reloaded before import = 0Number of asset objects unloaded after import = 0

========================================================================
Received Import Request.
  Time since last request: 0.000022 seconds.
  path: Assets/Scripts/CombateJugador.cs
  artifactKey: Guid(cdbaa6a8e72014f498a2f8f492043561) Importer(815301076,1909f56bfc062723c751e8b465ee728b)
Start importing Assets/Scripts/CombateJugador.cs using Guid(cdbaa6a8e72014f498a2f8f492043561) Importer(815301076,1909f56bfc062723c751e8b465ee728b) (PreviewImporter) -> (artifact id: '00000000000000000000000000000000') in 0.000878 seconds
Import Error Code:(4)
Message: Build asset version error: assets/scripts/combatejugador.cs in SourceAssetDB has modification time of '2025-11-22T03:58:30.4894875Z' while content on disk has modification time of '2025-11-22T03:58:43.7885307Z'
  ERROR: Build asset version error: assets/scripts/combatejugador.cs in SourceAssetDB has modification time of '2025-11-22T03:58:30.4894875Z' while content on disk has modification time of '2025-11-22T03:58:43.7885307Z'
Number of updated asset objects reloaded before import = 0Number of asset objects unloaded after import = 0

========================================================================
Received Import Request.
  Time since last request: 0.000018 seconds.
  path: Assets/Scripts/CombateJugador.cs
  artifactKey: Guid(cdbaa6a8e72014f498a2f8f492043561) Importer(815301076,1909f56bfc062723c751e8b465ee728b)
Start importing Assets/Scripts/CombateJugador.cs using Guid(cdbaa6a8e72014f498a2f8f492043561) Importer(815301076,1909f56bfc062723c751e8b465ee728b) (PreviewImporter) -> (artifact id: '00000000000000000000000000000000') in 0.0006095 seconds
Import Error Code:(4)
Message: Build asset version error: assets/scripts/combatejugador.cs in SourceAssetDB has modification time of '2025-11-22T03:58:30.4894875Z' while content on disk has modification time of '2025-11-22T03:58:43.7885307Z'
  ERROR: Build asset version error: assets/scripts/combatejugador.cs in SourceAssetDB has modification time of '2025-11-22T03:58:30.4894875Z' while content on disk has modification time of '2025-11-22T03:58:43.7885307Z'
Number of updated asset objects reloaded before import = 0Number of asset objects unloaded after import = 0

========================================================================
Received Import Request.
  Time since last request: 0.000016 seconds.
  path: Assets/Scripts/CombateJugador.cs
  artifactKey: Guid(cdbaa6a8e72014f498a2f8f492043561) Importer(815301076,1909f56bfc062723c751e8b465ee728b)
Start importing Assets/Scripts/CombateJugador.cs using Guid(cdbaa6a8e72014f498a2f8f492043561) Importer(815301076,1909f56bfc062723c751e8b465ee728b) (PreviewImporter) -> (artifact id: '00000000000000000000000000000000') in 0.0005933 seconds
Import Error Code:(4)
Message: Build asset version error: assets/scripts/combatejugador.cs in SourceAssetDB has modification time of '2025-11-22T03:58:30.4894875Z' while content on disk has modification time of '2025-11-22T03:58:43.7885307Z'
  ERROR: Build asset version error: assets/scripts/combatejugador.cs in SourceAssetDB has modification time of '2025-11-22T03:58:30.4894875Z' while content on disk has modification time of '2025-11-22T03:58:43.7885307Z'
Number of updated asset objects reloaded before import = 0Number of asset objects unloaded after import = 0

========================================================================
Received Import Request.
  Time since last request: 0.000033 seconds.
  path: Assets/Scripts/CombateJugador.cs
  artifactKey: Guid(cdbaa6a8e72014f498a2f8f492043561) Importer(815301076,1909f56bfc062723c751e8b465ee728b)
Start importing Assets/Scripts/CombateJugador.cs using Guid(cdbaa6a8e72014f498a2f8f492043561) Importer(815301076,1909f56bfc062723c751e8b465ee728b) (PreviewImporter) -> (artifact id: '00000000000000000000000000000000') in 0.0006472 seconds
Import Error Code:(4)
Message: Build asset version error: assets/scripts/combatejugador.cs in SourceAssetDB has modification time of '2025-11-22T03:58:30.4894875Z' while content on disk has modification time of '2025-11-22T03:58:43.7885307Z'
  ERROR: Build asset version error: assets/scripts/combatejugador.cs in SourceAssetDB has modification time of '2025-11-22T03:58:30.4894875Z' while content on disk has modification time of '2025-11-22T03:58:43.7885307Z'
Number of updated asset objects reloaded before import = 0Number of asset objects unloaded after import = 0

========================================================================
Received Import Request.
  Time since last request: 0.000024 seconds.
  path: Assets/Scripts/CombateJugador.cs
  artifactKey: Guid(cdbaa6a8e72014f498a2f8f492043561) Importer(815301076,1909f56bfc062723c751e8b465ee728b)
Start importing Assets/Scripts/CombateJugador.cs using Guid(cdbaa6a8e72014f498a2f8f492043561) Importer(815301076,1909f56bfc062723c751e8b465ee728b) (PreviewImporter) -> (artifact id: '00000000000000000000000000000000') in 0.0006814 seconds
Import Error Code:(4)
Message: Build asset version error: assets/scripts/combatejugador.cs in SourceAssetDB has modification time of '2025-11-22T03:58:30.4894875Z' while content on disk has modification time of '2025-11-22T03:58:43.7885307Z'
  ERROR: Build asset version error: assets/scripts/combatejugador.cs in SourceAssetDB has modification time of '2025-11-22T03:58:30.4894875Z' while content on disk has modification time of '2025-11-22T03:58:43.7885307Z'
Number of updated asset objects reloaded before import = 0Number of asset objects unloaded after import = 0

========================================================================
Received Import Request.
  Time since last request: 0.000017 seconds.
  path: Assets/Scripts/CombateJugador.cs
  artifactKey: Guid(cdbaa6a8e72014f498a2f8f492043561) Importer(815301076,1909f56bfc062723c751e8b465ee728b)
Start importing Assets/Scripts/CombateJugador.cs using Guid(cdbaa6a8e72014f498a2f8f492043561) Importer(815301076,1909f56bfc062723c751e8b465ee728b) (PreviewImporter) -> (artifact id: '00000000000000000000000000000000') in 0.0006746 seconds
Import Error Code:(4)
Message: Build asset version error: assets/scripts/combatejugador.cs in SourceAssetDB has modification time of '2025-11-22T03:58:30.4894875Z' while content on disk has modification time of '2025-11-22T03:58:43.7885307Z'
  ERROR: Build asset version error: assets/scripts/combatejugador.cs in SourceAssetDB has modification time of '2025-11-22T03:58:30.4894875Z' while content on disk has modification time of '2025-11-22T03:58:43.7885307Z'
Number of updated asset objects reloaded before import = 0Number of asset objects unloaded after import = 0

========================================================================
Received Import Request.
  Time since last request: 0.000018 seconds.
  path: Assets/Scripts/CombateJugador.cs
  artifactKey: Guid(cdbaa6a8e72014f498a2f8f492043561) Importer(815301076,1909f56bfc062723c751e8b465ee728b)
Start importing Assets/Scripts/CombateJugador.cs using Guid(cdbaa6a8e72014f498a2f8f492043561) Importer(815301076,1909f56bfc062723c751e8b465ee728b) (PreviewImporter) -> (artifact id: '00000000000000000000000000000000') in 0.0007306 seconds
Import Error Code:(4)
Message: Build asset version error: assets/scripts/combatejugador.cs in SourceAssetDB has modification time of '2025-11-22T03:58:30.4894875Z' while content on disk has modification time of '2025-11-22T03:58:43.7885307Z'
  ERROR: Build asset version error: assets/scripts/combatejugador.cs in SourceAssetDB has modification time of '2025-11-22T03:58:30.4894875Z' while content on disk has modification time of '2025-11-22T03:58:43.7885307Z'
Number of updated asset objects reloaded before import = 0Number of asset objects unloaded after import = 0

========================================================================
Received Import Request.
  Time since last request: 0.000022 seconds.
  path: Assets/Scripts/CombateJugador.cs
  artifactKey: Guid(cdbaa6a8e72014f498a2f8f492043561) Importer(815301076,1909f56bfc062723c751e8b465ee728b)
Start importing Assets/Scripts/CombateJugador.cs using Guid(cdbaa6a8e72014f498a2f8f492043561) Importer(815301076,1909f56bfc062723c751e8b465ee728b) (PreviewImporter) -> (artifact id: '00000000000000000000000000000000') in 0.0008057 seconds
Import Error Code:(4)
Message: Build asset version error: assets/scripts/combatejugador.cs in SourceAssetDB has modification time of '2025-11-22T03:58:30.4894875Z' while content on disk has modification time of '2025-11-22T03:58:43.7885307Z'
  ERROR: Build asset version error: assets/scripts/combatejugador.cs in SourceAssetDB has modification time of '2025-11-22T03:58:30.4894875Z' while content on disk has modification time of '2025-11-22T03:58:43.7885307Z'
Number of updated asset objects reloaded before import = 0Number of asset objects unloaded after import = 0

========================================================================
Received Import Request.
  Time since last request: 0.000021 seconds.
  path: Assets/Scripts/CombateJugador.cs
  artifactKey: Guid(cdbaa6a8e72014f498a2f8f492043561) Importer(815301076,1909f56bfc062723c751e8b465ee728b)
Start importing Assets/Scripts/CombateJugador.cs using Guid(cdbaa6a8e72014f498a2f8f492043561) Importer(815301076,1909f56bfc062723c751e8b465ee728b) (PreviewImporter) -> (artifact id: '00000000000000000000000000000000') in 0.0007565 seconds
Import Error Code:(4)
Message: Build asset version error: assets/scripts/combatejugador.cs in SourceAssetDB has modification time of '2025-11-22T03:58:30.4894875Z' while content on disk has modification time of '2025-11-22T03:58:43.7885307Z'
  ERROR: Build asset version error: assets/scripts/combatejugador.cs in SourceAssetDB has modification time of '2025-11-22T03:58:30.4894875Z' while content on disk has modification time of '2025-11-22T03:58:43.7885307Z'
Number of updated asset objects reloaded before import = 0Number of asset objects unloaded after import = 0

========================================================================
Received Import Request.
  Time since last request: 0.000032 seconds.
  path: Assets/Scripts/CombateJugador.cs
  artifactKey: Guid(cdbaa6a8e72014f498a2f8f492043561) Importer(815301076,1909f56bfc062723c751e8b465ee728b)
Start importing Assets/Scripts/CombateJugador.cs using Guid(cdbaa6a8e72014f498a2f8f492043561) Importer(815301076,1909f56bfc062723c751e8b465ee728b) (PreviewImporter) -> (artifact id: '00000000000000000000000000000000') in 0.0009158 seconds
Import Error Code:(4)
Message: Build asset version error: assets/scripts/combatejugador.cs in SourceAssetDB has modification time of '2025-11-22T03:58:30.4894875Z' while content on disk has modification time of '2025-11-22T03:58:43.7885307Z'
  ERROR: Build asset version error: assets/scripts/combatejugador.cs in SourceAssetDB has modification time of '2025-11-22T03:58:30.4894875Z' while content on disk has modification time of '2025-11-22T03:58:43.7885307Z'
Number of updated asset objects reloaded before import = 0Number of asset objects unloaded after import = 0

========================================================================
Received Import Request.
  Time since last request: 0.000030 seconds.
  path: Assets/Scripts/CombateJugador.cs
  artifactKey: Guid(cdbaa6a8e72014f498a2f8f492043561) Importer(815301076,1909f56bfc062723c751e8b465ee728b)
Start importing Assets/Scripts/CombateJugador.cs using Guid(cdbaa6a8e72014f498a2f8f492043561) Importer(815301076,1909f56bfc062723c751e8b465ee728b) (PreviewImporter) -> (artifact id: '00000000000000000000000000000000') in 0.0008223 seconds
Import Error Code:(4)
Message: Build asset version error: assets/scripts/combatejugador.cs in SourceAssetDB has modification time of '2025-11-22T03:58:30.4894875Z' while content on disk has modification time of '2025-11-22T03:58:43.7885307Z'
  ERROR: Build asset version error: assets/scripts/combatejugador.cs in SourceAssetDB has modification time of '2025-11-22T03:58:30.4894875Z' while content on disk has modification time of '2025-11-22T03:58:43.7885307Z'
Number of updated asset objects reloaded before import = 0Number of asset objects unloaded after import = 0

========================================================================
Received Import Request.
  Time since last request: 0.000025 seconds.
  path: Assets/Scripts/CombateJugador.cs
  artifactKey: Guid(cdbaa6a8e72014f498a2f8f492043561) Importer(815301076,1909f56bfc062723c751e8b465ee728b)
Start importing Assets/Scripts/CombateJugador.cs using Guid(cdbaa6a8e72014f498a2f8f492043561) Importer(815301076,1909f56bfc062723c751e8b465ee728b) (PreviewImporter) -> (artifact id: '00000000000000000000000000000000') in 0.0008179 seconds
Import Error Code:(4)
Message: Build asset version error: assets/scripts/combatejugador.cs in SourceAssetDB has modification time of '2025-11-22T03:58:30.4894875Z' while content on disk has modification time of '2025-11-22T03:58:43.7885307Z'
  ERROR: Build asset version error: assets/scripts/combatejugador.cs in SourceAssetDB has modification time of '2025-11-22T03:58:30.4894875Z' while content on disk has modification time of '2025-11-22T03:58:43.7885307Z'
Number of updated asset objects reloaded before import = 0Number of asset objects unloaded after import = 0

========================================================================
Received Import Request.
  Time since last request: 0.000019 seconds.
  path: Assets/Scripts/CombateJugador.cs
  artifactKey: Guid(cdbaa6a8e72014f498a2f8f492043561) Importer(815301076,1909f56bfc062723c751e8b465ee728b)
Start importing Assets/Scripts/CombateJugador.cs using Guid(cdbaa6a8e72014f498a2f8f492043561) Importer(815301076,1909f56bfc062723c751e8b465ee728b) (PreviewImporter) -> (artifact id: '00000000000000000000000000000000') in 0.0007278 seconds
Import Error Code:(4)
Message: Build asset version error: assets/scripts/combatejugador.cs in SourceAssetDB has modification time of '2025-11-22T03:58:30.4894875Z' while content on disk has modification time of '2025-11-22T03:58:43.7885307Z'
  ERROR: Build asset version error: assets/scripts/combatejugador.cs in SourceAssetDB has modification time of '2025-11-22T03:58:30.4894875Z' while content on disk has modification time of '2025-11-22T03:58:43.7885307Z'
Number of updated asset objects reloaded before import = 0Number of asset objects unloaded after import = 0

========================================================================
Received Import Request.
  Time since last request: 0.000027 seconds.
  path: Assets/Scripts/CombateJugador.cs
  artifactKey: Guid(cdbaa6a8e72014f498a2f8f492043561) Importer(815301076,1909f56bfc062723c751e8b465ee728b)
Start importing Assets/Scripts/CombateJugador.cs using Guid(cdbaa6a8e72014f498a2f8f492043561) Importer(815301076,1909f56bfc062723c751e8b465ee728b) (PreviewImporter) -> (artifact id: '00000000000000000000000000000000') in 0.0007873 seconds
Import Error Code:(4)
Message: Build asset version error: assets/scripts/combatejugador.cs in SourceAssetDB has modification time of '2025-11-22T03:58:30.4894875Z' while content on disk has modification time of '2025-11-22T03:58:43.7885307Z'
  ERROR: Build asset version error: assets/scripts/combatejugador.cs in SourceAssetDB has modification time of '2025-11-22T03:58:30.4894875Z' while content on disk has modification time of '2025-11-22T03:58:43.7885307Z'
Number of updated asset objects reloaded before import = 0Number of asset objects unloaded after import = 0

========================================================================
Received Import Request.
  Time since last request: 0.000021 seconds.
  path: Assets/Scripts/CombateJugador.cs
  artifactKey: Guid(cdbaa6a8e72014f498a2f8f492043561) Importer(815301076,1909f56bfc062723c751e8b465ee728b)
Start importing Assets/Scripts/CombateJugador.cs using Guid(cdbaa6a8e72014f498a2f8f492043561) Importer(815301076,1909f56bfc062723c751e8b465ee728b) (PreviewImporter) -> (artifact id: '00000000000000000000000000000000') in 0.0008376 seconds
Import Error Code:(4)
Message: Build asset version error: assets/scripts/combatejugador.cs in SourceAssetDB has modification time of '2025-11-22T03:58:30.4894875Z' while content on disk has modification time of '2025-11-22T03:58:43.7885307Z'
  ERROR: Build asset version error: assets/scripts/combatejugador.cs in SourceAssetDB has modification time of '2025-11-22T03:58:30.4894875Z' while content on disk has modification time of '2025-11-22T03:58:43.7885307Z'
Number of updated asset objects reloaded before import = 0Number of asset objects unloaded after import = 0

========================================================================
Received Import Request.
  Time since last request: 0.000028 seconds.
  path: Assets/Scripts/CombateJugador.cs
  artifactKey: Guid(cdbaa6a8e72014f498a2f8f492043561) Importer(815301076,1909f56bfc062723c751e8b465ee728b)
Start importing Assets/Scripts/CombateJugador.cs using Guid(cdbaa6a8e72014f498a2f8f492043561) Importer(815301076,1909f56bfc062723c751e8b465ee728b) (PreviewImporter) -> (artifact id: '00000000000000000000000000000000') in 0.0010119 seconds
Import Error Code:(4)
Message: Build asset version error: assets/scripts/combatejugador.cs in SourceAssetDB has modification time of '2025-11-22T03:58:30.4894875Z' while content on disk has modification time of '2025-11-22T03:58:43.7885307Z'
  ERROR: Build asset version error: assets/scripts/combatejugador.cs in SourceAssetDB has modification time of '2025-11-22T03:58:30.4894875Z' while content on disk has modification time of '2025-11-22T03:58:43.7885307Z'
Number of updated asset objects reloaded before import = 0Number of asset objects unloaded after import = 0

========================================================================
Received Import Request.
  Time since last request: 0.000032 seconds.
  path: Assets/Scripts/CombateJugador.cs
  artifactKey: Guid(cdbaa6a8e72014f498a2f8f492043561) Importer(815301076,1909f56bfc062723c751e8b465ee728b)
Start importing Assets/Scripts/CombateJugador.cs using Guid(cdbaa6a8e72014f498a2f8f492043561) Importer(815301076,1909f56bfc062723c751e8b465ee728b) (PreviewImporter) -> (artifact id: '00000000000000000000000000000000') in 0.0010387 seconds
Import Error Code:(4)
Message: Build asset version error: assets/scripts/combatejugador.cs in SourceAssetDB has modification time of '2025-11-22T03:58:30.4894875Z' while content on disk has modification time of '2025-11-22T03:58:43.7885307Z'
  ERROR: Build asset version error: assets/scripts/combatejugador.cs in SourceAssetDB has modification time of '2025-11-22T03:58:30.4894875Z' while content on disk has modification time of '2025-11-22T03:58:43.7885307Z'
Number of updated asset objects reloaded before import = 0Number of asset objects unloaded after import = 0

========================================================================
Received Import Request.
  Time since last request: 0.000042 seconds.
  path: Assets/Scripts/CombateJugador.cs
  artifactKey: Guid(cdbaa6a8e72014f498a2f8f492043561) Importer(815301076,1909f56bfc062723c751e8b465ee728b)
Start importing Assets/Scripts/CombateJugador.cs using Guid(cdbaa6a8e72014f498a2f8f492043561) Importer(815301076,1909f56bfc062723c751e8b465ee728b) (PreviewImporter) -> (artifact id: '00000000000000000000000000000000') in 0.000584 seconds
Import Error Code:(4)
Message: Build asset version error: assets/scripts/combatejugador.cs in SourceAssetDB has modification time of '2025-11-22T03:58:30.4894875Z' while content on disk has modification time of '2025-11-22T03:58:43.7885307Z'
  ERROR: Build asset version error: assets/scripts/combatejugador.cs in SourceAssetDB has modification time of '2025-11-22T03:58:30.4894875Z' while content on disk has modification time of '2025-11-22T03:58:43.7885307Z'
Number of updated asset objects reloaded before import = 0Number of asset objects unloaded after import = 0

========================================================================
Received Import Request.
  Time since last request: 0.000021 seconds.
  path: Assets/Scripts/CombateJugador.cs
  artifactKey: Guid(cdbaa6a8e72014f498a2f8f492043561) Importer(815301076,1909f56bfc062723c751e8b465ee728b)
Start importing Assets/Scripts/CombateJugador.cs using Guid(cdbaa6a8e72014f498a2f8f492043561) Importer(815301076,1909f56bfc062723c751e8b465ee728b) (PreviewImporter) -> (artifact id: '00000000000000000000000000000000') in 0.0009602 seconds
Import Error Code:(4)
Message: Build asset version error: assets/scripts/combatejugador.cs in SourceAssetDB has modification time of '2025-11-22T03:58:30.4894875Z' while content on disk has modification time of '2025-11-22T03:58:43.7885307Z'
  ERROR: Build asset version error: assets/scripts/combatejugador.cs in SourceAssetDB has modification time of '2025-11-22T03:58:30.4894875Z' while content on disk has modification time of '2025-11-22T03:58:43.7885307Z'
Number of updated asset objects reloaded before import = 0Number of asset objects unloaded after import = 0

========================================================================
Received Import Request.
  Time since last request: 0.000028 seconds.
  path: Assets/Scripts/CombateJugador.cs
  artifactKey: Guid(cdbaa6a8e72014f498a2f8f492043561) Importer(815301076,1909f56bfc062723c751e8b465ee728b)
Start importing Assets/Scripts/CombateJugador.cs using Guid(cdbaa6a8e72014f498a2f8f492043561) Importer(815301076,1909f56bfc062723c751e8b465ee728b) (PreviewImporter) -> (artifact id: '00000000000000000000000000000000') in 0.0011101 seconds
Import Error Code:(4)
Message: Build asset version error: assets/scripts/combatejugador.cs in SourceAssetDB has modification time of '2025-11-22T03:58:30.4894875Z' while content on disk has modification time of '2025-11-22T03:58:43.7885307Z'
  ERROR: Build asset version error: assets/scripts/combatejugador.cs in SourceAssetDB has modification time of '2025-11-22T03:58:30.4894875Z' while content on disk has modification time of '2025-11-22T03:58:43.7885307Z'
Number of updated asset objects reloaded before import = 0Number of asset objects unloaded after import = 0

========================================================================
Received Import Request.
  Time since last request: 0.000031 seconds.
  path: Assets/Scripts/CombateJugador.cs
  artifactKey: Guid(cdbaa6a8e72014f498a2f8f492043561) Importer(815301076,1909f56bfc062723c751e8b465ee728b)
Start importing Assets/Scripts/CombateJugador.cs using Guid(cdbaa6a8e72014f498a2f8f492043561) Importer(815301076,1909f56bfc062723c751e8b465ee728b) (PreviewImporter) -> (artifact id: '00000000000000000000000000000000') in 0.0010046 seconds
Import Error Code:(4)
Message: Build asset version error: assets/scripts/combatejugador.cs in SourceAssetDB has modification time of '2025-11-22T03:58:30.4894875Z' while content on disk has modification time of '2025-11-22T03:58:43.7885307Z'
  ERROR: Build asset version error: assets/scripts/combatejugador.cs in SourceAssetDB has modification time of '2025-11-22T03:58:30.4894875Z' while content on disk has modification time of '2025-11-22T03:58:43.7885307Z'
Number of updated asset objects reloaded before import = 0Number of asset objects unloaded after import = 0

========================================================================
Received Import Request.
  Time since last request: 0.000034 seconds.
  path: Assets/Scripts/CombateJugador.cs
  artifactKey: Guid(cdbaa6a8e72014f498a2f8f492043561) Importer(815301076,1909f56bfc062723c751e8b465ee728b)
Start importing Assets/Scripts/CombateJugador.cs using Guid(cdbaa6a8e72014f498a2f8f492043561) Importer(815301076,1909f56bfc062723c751e8b465ee728b) (PreviewImporter) -> (artifact id: '00000000000000000000000000000000') in 0.0009289 seconds
Import Error Code:(4)
Message: Build asset version error: assets/scripts/combatejugador.cs in SourceAssetDB has modification time of '2025-11-22T03:58:30.4894875Z' while content on disk has modification time of '2025-11-22T03:58:43.7885307Z'
  ERROR: Build asset version error: assets/scripts/combatejugador.cs in SourceAssetDB has modification time of '2025-11-22T03:58:30.4894875Z' while content on disk has modification time of '2025-11-22T03:58:43.7885307Z'
Number of updated asset objects reloaded before import = 0Number of asset objects unloaded after import = 0

========================================================================
Received Import Request.
  Time since last request: 0.000028 seconds.
  path: Assets/Scripts/CombateJugador.cs
  artifactKey: Guid(cdbaa6a8e72014f498a2f8f492043561) Importer(815301076,1909f56bfc062723c751e8b465ee728b)
Start importing Assets/Scripts/CombateJugador.cs using Guid(cdbaa6a8e72014f498a2f8f492043561) Importer(815301076,1909f56bfc062723c751e8b465ee728b) (PreviewImporter) -> (artifact id: '00000000000000000000000000000000') in 0.0007731 seconds
Import Error Code:(4)
Message: Build asset version error: assets/scripts/combatejugador.cs in SourceAssetDB has modification time of '2025-11-22T03:58:30.4894875Z' while content on disk has modification time of '2025-11-22T03:58:43.7885307Z'
  ERROR: Build asset version error: assets/scripts/combatejugador.cs in SourceAssetDB has modification time of '2025-11-22T03:58:30.4894875Z' while content on disk has modification time of '2025-11-22T03:58:43.7885307Z'
Number of updated asset objects reloaded before import = 0Number of asset objects unloaded after import = 0

========================================================================
Received Import Request.
  Time since last request: 0.000023 seconds.
  path: Assets/Scripts/CombateJugador.cs
  artifactKey: Guid(cdbaa6a8e72014f498a2f8f492043561) Importer(815301076,1909f56bfc062723c751e8b465ee728b)
Start importing Assets/Scripts/CombateJugador.cs using Guid(cdbaa6a8e72014f498a2f8f492043561) Importer(815301076,1909f56bfc062723c751e8b465ee728b) (PreviewImporter) -> (artifact id: '00000000000000000000000000000000') in 0.0010308 seconds
Import Error Code:(4)
Message: Build asset version error: assets/scripts/combatejugador.cs in SourceAssetDB has modification time of '2025-11-22T03:58:30.4894875Z' while content on disk has modification time of '2025-11-22T03:58:43.7885307Z'
  ERROR: Build asset version error: assets/scripts/combatejugador.cs in SourceAssetDB has modification time of '2025-11-22T03:58:30.4894875Z' while content on disk has modification time of '2025-11-22T03:58:43.7885307Z'
Number of updated asset objects reloaded before import = 0Number of asset objects unloaded after import = 0

========================================================================
Received Import Request.
  Time since last request: 0.000031 seconds.
  path: Assets/Scripts/CombateJugador.cs
  artifactKey: Guid(cdbaa6a8e72014f498a2f8f492043561) Importer(815301076,1909f56bfc062723c751e8b465ee728b)
Start importing Assets/Scripts/CombateJugador.cs using Guid(cdbaa6a8e72014f498a2f8f492043561) Importer(815301076,1909f56bfc062723c751e8b465ee728b) (PreviewImporter) -> (artifact id: '00000000000000000000000000000000') in 0.0007624 seconds
Import Error Code:(4)
Message: Build asset version error: assets/scripts/combatejugador.cs in SourceAssetDB has modification time of '2025-11-22T03:58:30.4894875Z' while content on disk has modification time of '2025-11-22T03:58:43.7885307Z'
  ERROR: Build asset version error: assets/scripts/combatejugador.cs in SourceAssetDB has modification time of '2025-11-22T03:58:30.4894875Z' while content on disk has modification time of '2025-11-22T03:58:43.7885307Z'
Number of updated asset objects reloaded before import = 0Number of asset objects unloaded after import = 0

========================================================================
Received Import Request.
  Time since last request: 0.000042 seconds.
  path: Assets/Scripts/CombateJugador.cs
  artifactKey: Guid(cdbaa6a8e72014f498a2f8f492043561) Importer(815301076,1909f56bfc062723c751e8b465ee728b)
Start importing Assets/Scripts/CombateJugador.cs using Guid(cdbaa6a8e72014f498a2f8f492043561) Importer(815301076,1909f56bfc062723c751e8b465ee728b) (PreviewImporter) -> (artifact id: '00000000000000000000000000000000') in 0.0010077 seconds
Import Error Code:(4)
Message: Build asset version error: assets/scripts/combatejugador.cs in SourceAssetDB has modification time of '2025-11-22T03:58:30.4894875Z' while content on disk has modification time of '2025-11-22T03:58:43.7885307Z'
  ERROR: Build asset version error: assets/scripts/combatejugador.cs in SourceAssetDB has modification time of '2025-11-22T03:58:30.4894875Z' while content on disk has modification time of '2025-11-22T03:58:43.7885307Z'
Number of updated asset objects reloaded before import = 0Number of asset objects unloaded after import = 0

========================================================================
Received Import Request.
  Time since last request: 0.000025 seconds.
  path: Assets/Scripts/CombateJugador.cs
  artifactKey: Guid(cdbaa6a8e72014f498a2f8f492043561) Importer(815301076,1909f56bfc062723c751e8b465ee728b)
Start importing Assets/Scripts/CombateJugador.cs using Guid(cdbaa6a8e72014f498a2f8f492043561) Importer(815301076,1909f56bfc062723c751e8b465ee728b) (PreviewImporter) -> (artifact id: '00000000000000000000000000000000') in 0.0009159 seconds
Import Error Code:(4)
Message: Build asset version error: assets/scripts/combatejugador.cs in SourceAssetDB has modification time of '2025-11-22T03:58:30.4894875Z' while content on disk has modification time of '2025-11-22T03:58:43.7885307Z'
  ERROR: Build asset version error: assets/scripts/combatejugador.cs in SourceAssetDB has modification time of '2025-11-22T03:58:30.4894875Z' while content on disk has modification time of '2025-11-22T03:58:43.7885307Z'
Number of updated asset objects reloaded before import = 0Number of asset objects unloaded after import = 0

========================================================================
Received Import Request.
  Time since last request: 0.000026 seconds.
  path: Assets/Scripts/CombateJugador.cs
  artifactKey: Guid(cdbaa6a8e72014f498a2f8f492043561) Importer(815301076,1909f56bfc062723c751e8b465ee728b)
Start importing Assets/Scripts/CombateJugador.cs using Guid(cdbaa6a8e72014f498a2f8f492043561) Importer(815301076,1909f56bfc062723c751e8b465ee728b) (PreviewImporter) -> (artifact id: '00000000000000000000000000000000') in 0.000907 seconds
Import Error Code:(4)
Message: Build asset version error: assets/scripts/combatejugador.cs in SourceAssetDB has modification time of '2025-11-22T03:58:30.4894875Z' while content on disk has modification time of '2025-11-22T03:58:43.7885307Z'
  ERROR: Build asset version error: assets/scripts/combatejugador.cs in SourceAssetDB has modification time of '2025-11-22T03:58:30.4894875Z' while content on disk has modification time of '2025-11-22T03:58:43.7885307Z'
Number of updated asset objects reloaded before import = 0Number of asset objects unloaded after import = 0

========================================================================
Received Import Request.
  Time since last request: 0.000034 seconds.
  path: Assets/Scripts/CombateJugador.cs
  artifactKey: Guid(cdbaa6a8e72014f498a2f8f492043561) Importer(815301076,1909f56bfc062723c751e8b465ee728b)
Start importing Assets/Scripts/CombateJugador.cs using Guid(cdbaa6a8e72014f498a2f8f492043561) Importer(815301076,1909f56bfc062723c751e8b465ee728b) (PreviewImporter) -> (artifact id: '00000000000000000000000000000000') in 0.0010193 seconds
Import Error Code:(4)
Message: Build asset version error: assets/scripts/combatejugador.cs in SourceAssetDB has modification time of '2025-11-22T03:58:30.4894875Z' while content on disk has modification time of '2025-11-22T03:58:43.7885307Z'
  ERROR: Build asset version error: assets/scripts/combatejugador.cs in SourceAssetDB has modification time of '2025-11-22T03:58:30.4894875Z' while content on disk has modification time of '2025-11-22T03:58:43.7885307Z'
Number of updated asset objects reloaded before import = 0Number of asset objects unloaded after import = 0

========================================================================
Received Import Request.
  Time since last request: 0.000029 seconds.
  path: Assets/Scripts/CombateJugador.cs
  artifactKey: Guid(cdbaa6a8e72014f498a2f8f492043561) Importer(815301076,1909f56bfc062723c751e8b465ee728b)
Start importing Assets/Scripts/CombateJugador.cs using Guid(cdbaa6a8e72014f498a2f8f492043561) Importer(815301076,1909f56bfc062723c751e8b465ee728b) (PreviewImporter) -> (artifact id: '00000000000000000000000000000000') in 0.000645 seconds
Import Error Code:(4)
Message: Build asset version error: assets/scripts/combatejugador.cs in SourceAssetDB has modification time of '2025-11-22T03:58:30.4894875Z' while content on disk has modification time of '2025-11-22T03:58:43.7885307Z'
  ERROR: Build asset version error: assets/scripts/combatejugador.cs in SourceAssetDB has modification time of '2025-11-22T03:58:30.4894875Z' while content on disk has modification time of '2025-11-22T03:58:43.7885307Z'
Number of updated asset objects reloaded before import = 0Number of asset objects unloaded after import = 0

========================================================================
Received Import Request.
  Time since last request: 0.000021 seconds.
  path: Assets/Scripts/CombateJugador.cs
  artifactKey: Guid(cdbaa6a8e72014f498a2f8f492043561) Importer(815301076,1909f56bfc062723c751e8b465ee728b)
Start importing Assets/Scripts/CombateJugador.cs using Guid(cdbaa6a8e72014f498a2f8f492043561) Importer(815301076,1909f56bfc062723c751e8b465ee728b) (PreviewImporter) -> (artifact id: '00000000000000000000000000000000') in 0.0009194 seconds
Import Error Code:(4)
Message: Build asset version error: assets/scripts/combatejugador.cs in SourceAssetDB has modification time of '2025-11-22T03:58:30.4894875Z' while content on disk has modification time of '2025-11-22T03:58:43.7885307Z'
  ERROR: Build asset version error: assets/scripts/combatejugador.cs in SourceAssetDB has modification time of '2025-11-22T03:58:30.4894875Z' while content on disk has modification time of '2025-11-22T03:58:43.7885307Z'
Number of updated asset objects reloaded before import = 0Number of asset objects unloaded after import = 0

========================================================================
Received Import Request.
  Time since last request: 0.000017 seconds.
  path: Assets/Scripts/CombateJugador.cs
  artifactKey: Guid(cdbaa6a8e72014f498a2f8f492043561) Importer(815301076,1909f56bfc062723c751e8b465ee728b)
Start importing Assets/Scripts/CombateJugador.cs using Guid(cdbaa6a8e72014f498a2f8f492043561) Importer(815301076,1909f56bfc062723c751e8b465ee728b) (PreviewImporter) -> (artifact id: '00000000000000000000000000000000') in 0.0010166 seconds
Import Error Code:(4)
Message: Build asset version error: assets/scripts/combatejugador.cs in SourceAssetDB has modification time of '2025-11-22T03:58:30.4894875Z' while content on disk has modification time of '2025-11-22T03:58:43.7885307Z'
  ERROR: Build asset version error: assets/scripts/combatejugador.cs in SourceAssetDB has modification time of '2025-11-22T03:58:30.4894875Z' while content on disk has modification time of '2025-11-22T03:58:43.7885307Z'
Number of updated asset objects reloaded before import = 0Number of asset objects unloaded after import = 0

========================================================================
Received Import Request.
  Time since last request: 0.000034 seconds.
  path: Assets/Scripts/CombateJugador.cs
  artifactKey: Guid(cdbaa6a8e72014f498a2f8f492043561) Importer(815301076,1909f56bfc062723c751e8b465ee728b)
Start importing Assets/Scripts/CombateJugador.cs using Guid(cdbaa6a8e72014f498a2f8f492043561) Importer(815301076,1909f56bfc062723c751e8b465ee728b) (PreviewImporter) -> (artifact id: '00000000000000000000000000000000') in 0.0008308 seconds
Import Error Code:(4)
Message: Build asset version error: assets/scripts/combatejugador.cs in SourceAssetDB has modification time of '2025-11-22T03:58:30.4894875Z' while content on disk has modification time of '2025-11-22T03:58:43.7885307Z'
  ERROR: Build asset version error: assets/scripts/combatejugador.cs in SourceAssetDB has modification time of '2025-11-22T03:58:30.4894875Z' while content on disk has modification time of '2025-11-22T03:58:43.7885307Z'
Number of updated asset objects reloaded before import = 0Number of asset objects unloaded after import = 0

========================================================================
Received Import Request.
  Time since last request: 0.000030 seconds.
  path: Assets/Scripts/CombateJugador.cs
  artifactKey: Guid(cdbaa6a8e72014f498a2f8f492043561) Importer(815301076,1909f56bfc062723c751e8b465ee728b)
Start importing Assets/Scripts/CombateJugador.cs using Guid(cdbaa6a8e72014f498a2f8f492043561) Importer(815301076,1909f56bfc062723c751e8b465ee728b) (PreviewImporter) -> (artifact id: '00000000000000000000000000000000') in 0.0007427 seconds
Import Error Code:(4)
Message: Build asset version error: assets/scripts/combatejugador.cs in SourceAssetDB has modification time of '2025-11-22T03:58:30.4894875Z' while content on disk has modification time of '2025-11-22T03:58:43.7885307Z'
  ERROR: Build asset version error: assets/scripts/combatejugador.cs in SourceAssetDB has modification time of '2025-11-22T03:58:30.4894875Z' while content on disk has modification time of '2025-11-22T03:58:43.7885307Z'
Number of updated asset objects reloaded before import = 0Number of asset objects unloaded after import = 0

========================================================================
Received Import Request.
  Time since last request: 0.000021 seconds.
  path: Assets/Scripts/CombateJugador.cs
  artifactKey: Guid(cdbaa6a8e72014f498a2f8f492043561) Importer(815301076,1909f56bfc062723c751e8b465ee728b)
Start importing Assets/Scripts/CombateJugador.cs using Guid(cdbaa6a8e72014f498a2f8f492043561) Importer(815301076,1909f56bfc062723c751e8b465ee728b) (PreviewImporter) -> (artifact id: '00000000000000000000000000000000') in 0.0006327 seconds
Import Error Code:(4)
Message: Build asset version error: assets/scripts/combatejugador.cs in SourceAssetDB has modification time of '2025-11-22T03:58:30.4894875Z' while content on disk has modification time of '2025-11-22T03:58:43.7885307Z'
  ERROR: Build asset version error: assets/scripts/combatejugador.cs in SourceAssetDB has modification time of '2025-11-22T03:58:30.4894875Z' while content on disk has modification time of '2025-11-22T03:58:43.7885307Z'
Number of updated asset objects reloaded before import = 0Number of asset objects unloaded after import = 0

========================================================================
Received Import Request.
  Time since last request: 0.000019 seconds.
  path: Assets/Scripts/CombateJugador.cs
  artifactKey: Guid(cdbaa6a8e72014f498a2f8f492043561) Importer(815301076,1909f56bfc062723c751e8b465ee728b)
Start importing Assets/Scripts/CombateJugador.cs using Guid(cdbaa6a8e72014f498a2f8f492043561) Importer(815301076,1909f56bfc062723c751e8b465ee728b) (PreviewImporter) -> (artifact id: '00000000000000000000000000000000') in 0.0009346 seconds
Import Error Code:(4)
Message: Build asset version error: assets/scripts/combatejugador.cs in SourceAssetDB has modification time of '2025-11-22T03:58:30.4894875Z' while content on disk has modification time of '2025-11-22T03:58:43.7885307Z'
  ERROR: Build asset version error: assets/scripts/combatejugador.cs in SourceAssetDB has modification time of '2025-11-22T03:58:30.4894875Z' while content on disk has modification time of '2025-11-22T03:58:43.7885307Z'
Number of updated asset objects reloaded before import = 0Number of asset objects unloaded after import = 0

========================================================================
Received Import Request.
  Time since last request: 0.000021 seconds.
  path: Assets/Scripts/CombateJugador.cs
  artifactKey: Guid(cdbaa6a8e72014f498a2f8f492043561) Importer(815301076,1909f56bfc062723c751e8b465ee728b)
Start importing Assets/Scripts/CombateJugador.cs using Guid(cdbaa6a8e72014f498a2f8f492043561) Importer(815301076,1909f56bfc062723c751e8b465ee728b) (PreviewImporter) -> (artifact id: '00000000000000000000000000000000') in 0.0008093 seconds
Import Error Code:(4)
Message: Build asset version error: assets/scripts/combatejugador.cs in SourceAssetDB has modification time of '2025-11-22T03:58:30.4894875Z' while content on disk has modification time of '2025-11-22T03:58:43.7885307Z'
  ERROR: Build asset version error: assets/scripts/combatejugador.cs in SourceAssetDB has modification time of '2025-11-22T03:58:30.4894875Z' while content on disk has modification time of '2025-11-22T03:58:43.7885307Z'
Number of updated asset objects reloaded before import = 0Number of asset objects unloaded after import = 0

========================================================================
Received Import Request.
  Time since last request: 0.000019 seconds.
  path: Assets/Scripts/CombateJugador.cs
  artifactKey: Guid(cdbaa6a8e72014f498a2f8f492043561) Importer(815301076,1909f56bfc062723c751e8b465ee728b)
Start importing Assets/Scripts/CombateJugador.cs using Guid(cdbaa6a8e72014f498a2f8f492043561) Importer(815301076,1909f56bfc062723c751e8b465ee728b) (PreviewImporter) -> (artifact id: '00000000000000000000000000000000') in 0.0008259 seconds
Import Error Code:(4)
Message: Build asset version error: assets/scripts/combatejugador.cs in SourceAssetDB has modification time of '2025-11-22T03:58:30.4894875Z' while content on disk has modification time of '2025-11-22T03:58:43.7885307Z'
  ERROR: Build asset version error: assets/scripts/combatejugador.cs in SourceAssetDB has modification time of '2025-11-22T03:58:30.4894875Z' while content on disk has modification time of '2025-11-22T03:58:43.7885307Z'
Number of updated asset objects reloaded before import = 0Number of asset objects unloaded after import = 0

========================================================================
Received Import Request.
  Time since last request: 0.000034 seconds.
  path: Assets/Scripts/CombateJugador.cs
  artifactKey: Guid(cdbaa6a8e72014f498a2f8f492043561) Importer(815301076,1909f56bfc062723c751e8b465ee728b)
Start importing Assets/Scripts/CombateJugador.cs using Guid(cdbaa6a8e72014f498a2f8f492043561) Importer(815301076,1909f56bfc062723c751e8b465ee728b) (PreviewImporter) -> (artifact id: '00000000000000000000000000000000') in 0.0008431 seconds
Import Error Code:(4)
Message: Build asset version error: assets/scripts/combatejugador.cs in SourceAssetDB has modification time of '2025-11-22T03:58:30.4894875Z' while content on disk has modification time of '2025-11-22T03:58:43.7885307Z'
  ERROR: Build asset version error: assets/scripts/combatejugador.cs in SourceAssetDB has modification time of '2025-11-22T03:58:30.4894875Z' while content on disk has modification time of '2025-11-22T03:58:43.7885307Z'
Number of updated asset objects reloaded before import = 0Number of asset objects unloaded after import = 0

========================================================================
Received Import Request.
  Time since last request: 0.000021 seconds.
  path: Assets/Scripts/CombateJugador.cs
  artifactKey: Guid(cdbaa6a8e72014f498a2f8f492043561) Importer(815301076,1909f56bfc062723c751e8b465ee728b)
Start importing Assets/Scripts/CombateJugador.cs using Guid(cdbaa6a8e72014f498a2f8f492043561) Importer(815301076,1909f56bfc062723c751e8b465ee728b) (PreviewImporter) -> (artifact id: '00000000000000000000000000000000') in 0.0008251 seconds
Import Error Code:(4)
Message: Build asset version error: assets/scripts/combatejugador.cs in SourceAssetDB has modification time of '2025-11-22T03:58:30.4894875Z' while content on disk has modification time of '2025-11-22T03:58:43.7885307Z'
  ERROR: Build asset version error: assets/scripts/combatejugador.cs in SourceAssetDB has modification time of '2025-11-22T03:58:30.4894875Z' while content on disk has modification time of '2025-11-22T03:58:43.7885307Z'
Number of updated asset objects reloaded before import = 0Number of asset objects unloaded after import = 0

========================================================================
Received Import Request.
  Time since last request: 0.000025 seconds.
  path: Assets/Scripts/CombateJugador.cs
  artifactKey: Guid(cdbaa6a8e72014f498a2f8f492043561) Importer(815301076,1909f56bfc062723c751e8b465ee728b)
Start importing Assets/Scripts/CombateJugador.cs using Guid(cdbaa6a8e72014f498a2f8f492043561) Importer(815301076,1909f56bfc062723c751e8b465ee728b) (PreviewImporter) -> (artifact id: '00000000000000000000000000000000') in 0.0008119 seconds
Import Error Code:(4)
Message: Build asset version error: assets/scripts/combatejugador.cs in SourceAssetDB has modification time of '2025-11-22T03:58:30.4894875Z' while content on disk has modification time of '2025-11-22T03:58:43.7885307Z'
  ERROR: Build asset version error: assets/scripts/combatejugador.cs in SourceAssetDB has modification time of '2025-11-22T03:58:30.4894875Z' while content on disk has modification time of '2025-11-22T03:58:43.7885307Z'
Number of updated asset objects reloaded before import = 0Number of asset objects unloaded after import = 0

========================================================================
Received Import Request.
  Time since last request: 0.000025 seconds.
  path: Assets/Scripts/CombateJugador.cs
  artifactKey: Guid(cdbaa6a8e72014f498a2f8f492043561) Importer(815301076,1909f56bfc062723c751e8b465ee728b)
Start importing Assets/Scripts/CombateJugador.cs using Guid(cdbaa6a8e72014f498a2f8f492043561) Importer(815301076,1909f56bfc062723c751e8b465ee728b) (PreviewImporter) -> (artifact id: '00000000000000000000000000000000') in 0.0007938 seconds
Import Error Code:(4)
Message: Build asset version error: assets/scripts/combatejugador.cs in SourceAssetDB has modification time of '2025-11-22T03:58:30.4894875Z' while content on disk has modification time of '2025-11-22T03:58:43.7885307Z'
  ERROR: Build asset version error: assets/scripts/combatejugador.cs in SourceAssetDB has modification time of '2025-11-22T03:58:30.4894875Z' while content on disk has modification time of '2025-11-22T03:58:43.7885307Z'
Number of updated asset objects reloaded before import = 0Number of asset objects unloaded after import = 0

========================================================================
Received Import Request.
  Time since last request: 0.000035 seconds.
  path: Assets/Scripts/CombateJugador.cs
  artifactKey: Guid(cdbaa6a8e72014f498a2f8f492043561) Importer(815301076,1909f56bfc062723c751e8b465ee728b)
Start importing Assets/Scripts/CombateJugador.cs using Guid(cdbaa6a8e72014f498a2f8f492043561) Importer(815301076,1909f56bfc062723c751e8b465ee728b) (PreviewImporter) -> (artifact id: '00000000000000000000000000000000') in 0.0005892 seconds
Import Error Code:(4)
Message: Build asset version error: assets/scripts/combatejugador.cs in SourceAssetDB has modification time of '2025-11-22T03:58:30.4894875Z' while content on disk has modification time of '2025-11-22T03:58:43.7885307Z'
  ERROR: Build asset version error: assets/scripts/combatejugador.cs in SourceAssetDB has modification time of '2025-11-22T03:58:30.4894875Z' while content on disk has modification time of '2025-11-22T03:58:43.7885307Z'
Number of updated asset objects reloaded before import = 0Number of asset objects unloaded after import = 0

========================================================================
Received Import Request.
  Time since last request: 0.000021 seconds.
  path: Assets/Scripts/CombateJugador.cs
  artifactKey: Guid(cdbaa6a8e72014f498a2f8f492043561) Importer(815301076,1909f56bfc062723c751e8b465ee728b)
Start importing Assets/Scripts/CombateJugador.cs using Guid(cdbaa6a8e72014f498a2f8f492043561) Importer(815301076,1909f56bfc062723c751e8b465ee728b) (PreviewImporter) -> (artifact id: '00000000000000000000000000000000') in 0.0010187 seconds
Import Error Code:(4)
Message: Build asset version error: assets/scripts/combatejugador.cs in SourceAssetDB has modification time of '2025-11-22T03:58:30.4894875Z' while content on disk has modification time of '2025-11-22T03:58:43.7885307Z'
  ERROR: Build asset version error: assets/scripts/combatejugador.cs in SourceAssetDB has modification time of '2025-11-22T03:58:30.4894875Z' while content on disk has modification time of '2025-11-22T03:58:43.7885307Z'
Number of updated asset objects reloaded before import = 0Number of asset objects unloaded after import = 0

========================================================================
Received Import Request.
  Time since last request: 0.000017 seconds.
  path: Assets/Scripts/CombateJugador.cs
  artifactKey: Guid(cdbaa6a8e72014f498a2f8f492043561) Importer(815301076,1909f56bfc062723c751e8b465ee728b)
Start importing Assets/Scripts/CombateJugador.cs using Guid(cdbaa6a8e72014f498a2f8f492043561) Importer(815301076,1909f56bfc062723c751e8b465ee728b) (PreviewImporter) -> (artifact id: '00000000000000000000000000000000') in 0.0008009 seconds
Import Error Code:(4)
Message: Build asset version error: assets/scripts/combatejugador.cs in SourceAssetDB has modification time of '2025-11-22T03:58:30.4894875Z' while content on disk has modification time of '2025-11-22T03:58:43.7885307Z'
  ERROR: Build asset version error: assets/scripts/combatejugador.cs in SourceAssetDB has modification time of '2025-11-22T03:58:30.4894875Z' while content on disk has modification time of '2025-11-22T03:58:43.7885307Z'
Number of updated asset objects reloaded before import = 0Number of asset objects unloaded after import = 0

========================================================================
Received Import Request.
  Time since last request: 0.000024 seconds.
  path: Assets/Scripts/CombateJugador.cs
  artifactKey: Guid(cdbaa6a8e72014f498a2f8f492043561) Importer(815301076,1909f56bfc062723c751e8b465ee728b)
Start importing Assets/Scripts/CombateJugador.cs using Guid(cdbaa6a8e72014f498a2f8f492043561) Importer(815301076,1909f56bfc062723c751e8b465ee728b) (PreviewImporter) -> (artifact id: '00000000000000000000000000000000') in 0.0008497 seconds
Import Error Code:(4)
Message: Build asset version error: assets/scripts/combatejugador.cs in SourceAssetDB has modification time of '2025-11-22T03:58:30.4894875Z' while content on disk has modification time of '2025-11-22T03:58:43.7885307Z'
  ERROR: Build asset version error: assets/scripts/combatejugador.cs in SourceAssetDB has modification time of '2025-11-22T03:58:30.4894875Z' while content on disk has modification time of '2025-11-22T03:58:43.7885307Z'
Number of updated asset objects reloaded before import = 0Number of asset objects unloaded after import = 0

========================================================================
Received Import Request.
  Time since last request: 0.000028 seconds.
  path: Assets/Scripts/CombateJugador.cs
  artifactKey: Guid(cdbaa6a8e72014f498a2f8f492043561) Importer(815301076,1909f56bfc062723c751e8b465ee728b)
Start importing Assets/Scripts/CombateJugador.cs using Guid(cdbaa6a8e72014f498a2f8f492043561) Importer(815301076,1909f56bfc062723c751e8b465ee728b) (PreviewImporter) -> (artifact id: '00000000000000000000000000000000') in 0.000809 seconds
Import Error Code:(4)
Message: Build asset version error: assets/scripts/combatejugador.cs in SourceAssetDB has modification time of '2025-11-22T03:58:30.4894875Z' while content on disk has modification time of '2025-11-22T03:58:43.7885307Z'
  ERROR: Build asset version error: assets/scripts/combatejugador.cs in SourceAssetDB has modification time of '2025-11-22T03:58:30.4894875Z' while content on disk has modification time of '2025-11-22T03:58:43.7885307Z'
Number of updated asset objects reloaded before import = 0Number of asset objects unloaded after import = 0

========================================================================
Received Import Request.
  Time since last request: 0.000016 seconds.
  path: Assets/Scripts/CombateJugador.cs
  artifactKey: Guid(cdbaa6a8e72014f498a2f8f492043561) Importer(815301076,1909f56bfc062723c751e8b465ee728b)
Start importing Assets/Scripts/CombateJugador.cs using Guid(cdbaa6a8e72014f498a2f8f492043561) Importer(815301076,1909f56bfc062723c751e8b465ee728b) (PreviewImporter) -> (artifact id: '00000000000000000000000000000000') in 0.000625 seconds
Import Error Code:(4)
Message: Build asset version error: assets/scripts/combatejugador.cs in SourceAssetDB has modification time of '2025-11-22T03:58:30.4894875Z' while content on disk has modification time of '2025-11-22T03:58:43.7885307Z'
  ERROR: Build asset version error: assets/scripts/combatejugador.cs in SourceAssetDB has modification time of '2025-11-22T03:58:30.4894875Z' while content on disk has modification time of '2025-11-22T03:58:43.7885307Z'
Number of updated asset objects reloaded before import = 0Number of asset objects unloaded after import = 0

========================================================================
Received Import Request.
  Time since last request: 0.007255 seconds.
  path: Assets/Scripts/CombateJugador.cs
  artifactKey: Guid(cdbaa6a8e72014f498a2f8f492043561) Importer(815301076,1909f56bfc062723c751e8b465ee728b)
Start importing Assets/Scripts/CombateJugador.cs using Guid(cdbaa6a8e72014f498a2f8f492043561) Importer(815301076,1909f56bfc062723c751e8b465ee728b) (PreviewImporter) -> (artifact id: '00000000000000000000000000000000') in 0.0007173 seconds
Import Error Code:(4)
Message: Build asset version error: assets/scripts/combatejugador.cs in SourceAssetDB has modification time of '2025-11-22T03:58:30.4894875Z' while content on disk has modification time of '2025-11-22T03:58:43.7885307Z'
  ERROR: Build asset version error: assets/scripts/combatejugador.cs in SourceAssetDB has modification time of '2025-11-22T03:58:30.4894875Z' while content on disk has modification time of '2025-11-22T03:58:43.7885307Z'
Number of updated asset objects reloaded before import = 0Number of asset objects unloaded after import = 0

========================================================================
Received Import Request.
  Time since last request: 0.000025 seconds.
  path: Assets/Scripts/CombateJugador.cs
  artifactKey: Guid(cdbaa6a8e72014f498a2f8f492043561) Importer(815301076,1909f56bfc062723c751e8b465ee728b)
Start importing Assets/Scripts/CombateJugador.cs using Guid(cdbaa6a8e72014f498a2f8f492043561) Importer(815301076,1909f56bfc062723c751e8b465ee728b) (PreviewImporter) -> (artifact id: '00000000000000000000000000000000') in 0.0006577 seconds
Import Error Code:(4)
Message: Build asset version error: assets/scripts/combatejugador.cs in SourceAssetDB has modification time of '2025-11-22T03:58:30.4894875Z' while content on disk has modification time of '2025-11-22T03:58:43.7885307Z'
  ERROR: Build asset version error: assets/scripts/combatejugador.cs in SourceAssetDB has modification time of '2025-11-22T03:58:30.4894875Z' while content on disk has modification time of '2025-11-22T03:58:43.7885307Z'
Number of updated asset objects reloaded before import = 0Number of asset objects unloaded after import = 0

========================================================================
Received Import Request.
  Time since last request: 0.000041 seconds.
  path: Assets/Scripts/CombateJugador.cs
  artifactKey: Guid(cdbaa6a8e72014f498a2f8f492043561) Importer(815301076,1909f56bfc062723c751e8b465ee728b)
Start importing Assets/Scripts/CombateJugador.cs using Guid(cdbaa6a8e72014f498a2f8f492043561) Importer(815301076,1909f56bfc062723c751e8b465ee728b) (PreviewImporter) -> (artifact id: '00000000000000000000000000000000') in 0.0007961 seconds
Import Error Code:(4)
Message: Build asset version error: assets/scripts/combatejugador.cs in SourceAssetDB has modification time of '2025-11-22T03:58:30.4894875Z' while content on disk has modification time of '2025-11-22T03:58:43.7885307Z'
  ERROR: Build asset version error: assets/scripts/combatejugador.cs in SourceAssetDB has modification time of '2025-11-22T03:58:30.4894875Z' while content on disk has modification time of '2025-11-22T03:58:43.7885307Z'
Number of updated asset objects reloaded before import = 0Number of asset objects unloaded after import = 0

========================================================================
Received Import Request.
  Time since last request: 0.000017 seconds.
  path: Assets/Scripts/CombateJugador.cs
  artifactKey: Guid(cdbaa6a8e72014f498a2f8f492043561) Importer(815301076,1909f56bfc062723c751e8b465ee728b)
Start importing Assets/Scripts/CombateJugador.cs using Guid(cdbaa6a8e72014f498a2f8f492043561) Importer(815301076,1909f56bfc062723c751e8b465ee728b) (PreviewImporter) -> (artifact id: '00000000000000000000000000000000') in 0.0010022 seconds
Import Error Code:(4)
Message: Build asset version error: assets/scripts/combatejugador.cs in SourceAssetDB has modification time of '2025-11-22T03:58:30.4894875Z' while content on disk has modification time of '2025-11-22T03:58:43.7885307Z'
  ERROR: Build asset version error: assets/scripts/combatejugador.cs in SourceAssetDB has modification time of '2025-11-22T03:58:30.4894875Z' while content on disk has modification time of '2025-11-22T03:58:43.7885307Z'
Number of updated asset objects reloaded before import = 0Number of asset objects unloaded after import = 0

========================================================================
Received Import Request.
  Time since last request: 0.000021 seconds.
  path: Assets/Scripts/CombateJugador.cs
  artifactKey: Guid(cdbaa6a8e72014f498a2f8f492043561) Importer(815301076,1909f56bfc062723c751e8b465ee728b)
Start importing Assets/Scripts/CombateJugador.cs using Guid(cdbaa6a8e72014f498a2f8f492043561) Importer(815301076,1909f56bfc062723c751e8b465ee728b) (PreviewImporter) -> (artifact id: '00000000000000000000000000000000') in 0.0007985 seconds
Import Error Code:(4)
Message: Build asset version error: assets/scripts/combatejugador.cs in SourceAssetDB has modification time of '2025-11-22T03:58:30.4894875Z' while content on disk has modification time of '2025-11-22T03:58:43.7885307Z'
  ERROR: Build asset version error: assets/scripts/combatejugador.cs in SourceAssetDB has modification time of '2025-11-22T03:58:30.4894875Z' while content on disk has modification time of '2025-11-22T03:58:43.7885307Z'
Number of updated asset objects reloaded before import = 0Number of asset objects unloaded after import = 0

========================================================================
Received Import Request.
  Time since last request: 0.000022 seconds.
  path: Assets/Scripts/CombateJugador.cs
  artifactKey: Guid(cdbaa6a8e72014f498a2f8f492043561) Importer(815301076,1909f56bfc062723c751e8b465ee728b)
Start importing Assets/Scripts/CombateJugador.cs using Guid(cdbaa6a8e72014f498a2f8f492043561) Importer(815301076,1909f56bfc062723c751e8b465ee728b) (PreviewImporter) -> (artifact id: '00000000000000000000000000000000') in 0.0008115 seconds
Import Error Code:(4)
Message: Build asset version error: assets/scripts/combatejugador.cs in SourceAssetDB has modification time of '2025-11-22T03:58:30.4894875Z' while content on disk has modification time of '2025-11-22T03:58:43.7885307Z'
  ERROR: Build asset version error: assets/scripts/combatejugador.cs in SourceAssetDB has modification time of '2025-11-22T03:58:30.4894875Z' while content on disk has modification time of '2025-11-22T03:58:43.7885307Z'
Number of updated asset objects reloaded before import = 0Number of asset objects unloaded after import = 0

========================================================================
Received Import Request.
  Time since last request: 0.000025 seconds.
  path: Assets/Scripts/CombateJugador.cs
  artifactKey: Guid(cdbaa6a8e72014f498a2f8f492043561) Importer(815301076,1909f56bfc062723c751e8b465ee728b)
Start importing Assets/Scripts/CombateJugador.cs using Guid(cdbaa6a8e72014f498a2f8f492043561) Importer(815301076,1909f56bfc062723c751e8b465ee728b) (PreviewImporter) -> (artifact id: '00000000000000000000000000000000') in 0.0006496 seconds
Import Error Code:(4)
Message: Build asset version error: assets/scripts/combatejugador.cs in SourceAssetDB has modification time of '2025-11-22T03:58:30.4894875Z' while content on disk has modification time of '2025-11-22T03:58:43.7885307Z'
  ERROR: Build asset version error: assets/scripts/combatejugador.cs in SourceAssetDB has modification time of '2025-11-22T03:58:30.4894875Z' while content on disk has modification time of '2025-11-22T03:58:43.7885307Z'
Number of updated asset objects reloaded before import = 0Number of asset objects unloaded after import = 0

========================================================================
Received Import Request.
  Time since last request: 0.000037 seconds.
  path: Assets/Scripts/CombateJugador.cs
  artifactKey: Guid(cdbaa6a8e72014f498a2f8f492043561) Importer(815301076,1909f56bfc062723c751e8b465ee728b)
Start importing Assets/Scripts/CombateJugador.cs using Guid(cdbaa6a8e72014f498a2f8f492043561) Importer(815301076,1909f56bfc062723c751e8b465ee728b) (PreviewImporter) -> (artifact id: '00000000000000000000000000000000') in 0.0008416 seconds
Import Error Code:(4)
Message: Build asset version error: assets/scripts/combatejugador.cs in SourceAssetDB has modification time of '2025-11-22T03:58:30.4894875Z' while content on disk has modification time of '2025-11-22T03:58:43.7885307Z'
  ERROR: Build asset version error: assets/scripts/combatejugador.cs in SourceAssetDB has modification time of '2025-11-22T03:58:30.4894875Z' while content on disk has modification time of '2025-11-22T03:58:43.7885307Z'
Number of updated asset objects reloaded before import = 0Number of asset objects unloaded after import = 0

========================================================================
Received Import Request.
  Time since last request: 0.000021 seconds.
  path: Assets/Scripts/CombateJugador.cs
  artifactKey: Guid(cdbaa6a8e72014f498a2f8f492043561) Importer(815301076,1909f56bfc062723c751e8b465ee728b)
Start importing Assets/Scripts/CombateJugador.cs using Guid(cdbaa6a8e72014f498a2f8f492043561) Importer(815301076,1909f56bfc062723c751e8b465ee728b) (PreviewImporter) -> (artifact id: '00000000000000000000000000000000') in 0.0008389 seconds
Import Error Code:(4)
Message: Build asset version error: assets/scripts/combatejugador.cs in SourceAssetDB has modification time of '2025-11-22T03:58:30.4894875Z' while content on disk has modification time of '2025-11-22T03:58:43.7885307Z'
  ERROR: Build asset version error: assets/scripts/combatejugador.cs in SourceAssetDB has modification time of '2025-11-22T03:58:30.4894875Z' while content on disk has modification time of '2025-11-22T03:58:43.7885307Z'
Number of updated asset objects reloaded before import = 0Number of asset objects unloaded after import = 0

========================================================================
Received Import Request.
  Time since last request: 0.000021 seconds.
  path: Assets/Scripts/CombateJugador.cs
  artifactKey: Guid(cdbaa6a8e72014f498a2f8f492043561) Importer(815301076,1909f56bfc062723c751e8b465ee728b)
Start importing Assets/Scripts/CombateJugador.cs using Guid(cdbaa6a8e72014f498a2f8f492043561) Importer(815301076,1909f56bfc062723c751e8b465ee728b) (PreviewImporter) -> (artifact id: '00000000000000000000000000000000') in 0.0008642 seconds
Import Error Code:(4)
Message: Build asset version error: assets/scripts/combatejugador.cs in SourceAssetDB has modification time of '2025-11-22T03:58:30.4894875Z' while content on disk has modification time of '2025-11-22T03:58:43.7885307Z'
  ERROR: Build asset version error: assets/scripts/combatejugador.cs in SourceAssetDB has modification time of '2025-11-22T03:58:30.4894875Z' while content on disk has modification time of '2025-11-22T03:58:43.7885307Z'
Number of updated asset objects reloaded before import = 0Number of asset objects unloaded after import = 0

========================================================================
Received Import Request.
  Time since last request: 0.000024 seconds.
  path: Assets/Scripts/CombateJugador.cs
  artifactKey: Guid(cdbaa6a8e72014f498a2f8f492043561) Importer(815301076,1909f56bfc062723c751e8b465ee728b)
Start importing Assets/Scripts/CombateJugador.cs using Guid(cdbaa6a8e72014f498a2f8f492043561) Importer(815301076,1909f56bfc062723c751e8b465ee728b) (PreviewImporter) -> (artifact id: '00000000000000000000000000000000') in 0.0008212 seconds
Import Error Code:(4)
Message: Build asset version error: assets/scripts/combatejugador.cs in SourceAssetDB has modification time of '2025-11-22T03:58:30.4894875Z' while content on disk has modification time of '2025-11-22T03:58:43.7885307Z'
  ERROR: Build asset version error: assets/scripts/combatejugador.cs in SourceAssetDB has modification time of '2025-11-22T03:58:30.4894875Z' while content on disk has modification time of '2025-11-22T03:58:43.7885307Z'
Number of updated asset objects reloaded before import = 0Number of asset objects unloaded after import = 0

========================================================================
Received Import Request.
  Time since last request: 0.000043 seconds.
  path: Assets/Scripts/CombateJugador.cs
  artifactKey: Guid(cdbaa6a8e72014f498a2f8f492043561) Importer(815301076,1909f56bfc062723c751e8b465ee728b)
Start importing Assets/Scripts/CombateJugador.cs using Guid(cdbaa6a8e72014f498a2f8f492043561) Importer(815301076,1909f56bfc062723c751e8b465ee728b) (PreviewImporter) -> (artifact id: '00000000000000000000000000000000') in 0.000736 seconds
Import Error Code:(4)
Message: Build asset version error: assets/scripts/combatejugador.cs in SourceAssetDB has modification time of '2025-11-22T03:58:30.4894875Z' while content on disk has modification time of '2025-11-22T03:58:43.7885307Z'
  ERROR: Build asset version error: assets/scripts/combatejugador.cs in SourceAssetDB has modification time of '2025-11-22T03:58:30.4894875Z' while content on disk has modification time of '2025-11-22T03:58:43.7885307Z'
Number of updated asset objects reloaded before import = 0Number of asset objects unloaded after import = 0

========================================================================
Received Import Request.
  Time since last request: 0.000017 seconds.
  path: Assets/Scripts/CombateJugador.cs
  artifactKey: Guid(cdbaa6a8e72014f498a2f8f492043561) Importer(815301076,1909f56bfc062723c751e8b465ee728b)
Start importing Assets/Scripts/CombateJugador.cs using Guid(cdbaa6a8e72014f498a2f8f492043561) Importer(815301076,1909f56bfc062723c751e8b465ee728b) (PreviewImporter) -> (artifact id: '00000000000000000000000000000000') in 0.0005951 seconds
Import Error Code:(4)
Message: Build asset version error: assets/scripts/combatejugador.cs in SourceAssetDB has modification time of '2025-11-22T03:58:30.4894875Z' while content on disk has modification time of '2025-11-22T03:58:43.7885307Z'
  ERROR: Build asset version error: assets/scripts/combatejugador.cs in SourceAssetDB has modification time of '2025-11-22T03:58:30.4894875Z' while content on disk has modification time of '2025-11-22T03:58:43.7885307Z'
Number of updated asset objects reloaded before import = 0Number of asset objects unloaded after import = 0

========================================================================
Received Import Request.
  Time since last request: 0.000016 seconds.
  path: Assets/Scripts/CombateJugador.cs
  artifactKey: Guid(cdbaa6a8e72014f498a2f8f492043561) Importer(815301076,1909f56bfc062723c751e8b465ee728b)
Start importing Assets/Scripts/CombateJugador.cs using Guid(cdbaa6a8e72014f498a2f8f492043561) Importer(815301076,1909f56bfc062723c751e8b465ee728b) (PreviewImporter) -> (artifact id: '00000000000000000000000000000000') in 0.0006507 seconds
Import Error Code:(4)
Message: Build asset version error: assets/scripts/combatejugador.cs in SourceAssetDB has modification time of '2025-11-22T03:58:30.4894875Z' while content on disk has modification time of '2025-11-22T03:58:43.7885307Z'
  ERROR: Build asset version error: assets/scripts/combatejugador.cs in SourceAssetDB has modification time of '2025-11-22T03:58:30.4894875Z' while content on disk has modification time of '2025-11-22T03:58:43.7885307Z'
Number of updated asset objects reloaded before import = 0Number of asset objects unloaded after import = 0

========================================================================
Received Import Request.
  Time since last request: 0.000024 seconds.
  path: Assets/Scripts/CombateJugador.cs
  artifactKey: Guid(cdbaa6a8e72014f498a2f8f492043561) Importer(815301076,1909f56bfc062723c751e8b465ee728b)
Start importing Assets/Scripts/CombateJugador.cs using Guid(cdbaa6a8e72014f498a2f8f492043561) Importer(815301076,1909f56bfc062723c751e8b465ee728b) (PreviewImporter) -> (artifact id: '00000000000000000000000000000000') in 0.0008166 seconds
Import Error Code:(4)
Message: Build asset version error: assets/scripts/combatejugador.cs in SourceAssetDB has modification time of '2025-11-22T03:58:30.4894875Z' while content on disk has modification time of '2025-11-22T03:58:43.7885307Z'
  ERROR: Build asset version error: assets/scripts/combatejugador.cs in SourceAssetDB has modification time of '2025-11-22T03:58:30.4894875Z' while content on disk has modification time of '2025-11-22T03:58:43.7885307Z'
Number of updated asset objects reloaded before import = 0Number of asset objects unloaded after import = 0

========================================================================
Received Import Request.
  Time since last request: 0.000034 seconds.
  path: Assets/Scripts/CombateJugador.cs
  artifactKey: Guid(cdbaa6a8e72014f498a2f8f492043561) Importer(815301076,1909f56bfc062723c751e8b465ee728b)
Start importing Assets/Scripts/CombateJugador.cs using Guid(cdbaa6a8e72014f498a2f8f492043561) Importer(815301076,1909f56bfc062723c751e8b465ee728b) (PreviewImporter) -> (artifact id: '00000000000000000000000000000000') in 0.0007945 seconds
Import Error Code:(4)
Message: Build asset version error: assets/scripts/combatejugador.cs in SourceAssetDB has modification time of '2025-11-22T03:58:30.4894875Z' while content on disk has modification time of '2025-11-22T03:58:43.7885307Z'
  ERROR: Build asset version error: assets/scripts/combatejugador.cs in SourceAssetDB has modification time of '2025-11-22T03:58:30.4894875Z' while content on disk has modification time of '2025-11-22T03:58:43.7885307Z'
Number of updated asset objects reloaded before import = 0Number of asset objects unloaded after import = 0

========================================================================
Received Import Request.
  Time since last request: 0.000017 seconds.
  path: Assets/Scripts/CombateJugador.cs
  artifactKey: Guid(cdbaa6a8e72014f498a2f8f492043561) Importer(815301076,1909f56bfc062723c751e8b465ee728b)
Start importing Assets/Scripts/CombateJugador.cs using Guid(cdbaa6a8e72014f498a2f8f492043561) Importer(815301076,1909f56bfc062723c751e8b465ee728b) (PreviewImporter) -> (artifact id: '00000000000000000000000000000000') in 0.0006121 seconds
Import Error Code:(4)
Message: Build asset version error: assets/scripts/combatejugador.cs in SourceAssetDB has modification time of '2025-11-22T03:58:30.4894875Z' while content on disk has modification time of '2025-11-22T03:58:43.7885307Z'
  ERROR: Build asset version error: assets/scripts/combatejugador.cs in SourceAssetDB has modification time of '2025-11-22T03:58:30.4894875Z' while content on disk has modification time of '2025-11-22T03:58:43.7885307Z'
Number of updated asset objects reloaded before import = 0Number of asset objects unloaded after import = 0

========================================================================
Received Import Request.
  Time since last request: 0.000023 seconds.
  path: Assets/Scripts/CombateJugador.cs
  artifactKey: Guid(cdbaa6a8e72014f498a2f8f492043561) Importer(815301076,1909f56bfc062723c751e8b465ee728b)
Start importing Assets/Scripts/CombateJugador.cs using Guid(cdbaa6a8e72014f498a2f8f492043561) Importer(815301076,1909f56bfc062723c751e8b465ee728b) (PreviewImporter) -> (artifact id: '00000000000000000000000000000000') in 0.0007153 seconds
Import Error Code:(4)
Message: Build asset version error: assets/scripts/combatejugador.cs in SourceAssetDB has modification time of '2025-11-22T03:58:30.4894875Z' while content on disk has modification time of '2025-11-22T03:58:43.7885307Z'
  ERROR: Build asset version error: assets/scripts/combatejugador.cs in SourceAssetDB has modification time of '2025-11-22T03:58:30.4894875Z' while content on disk has modification time of '2025-11-22T03:58:43.7885307Z'
Number of updated asset objects reloaded before import = 0Number of asset objects unloaded after import = 0

========================================================================
Received Import Request.
  Time since last request: 0.000016 seconds.
  path: Assets/Scripts/CombateJugador.cs
  artifactKey: Guid(cdbaa6a8e72014f498a2f8f492043561) Importer(815301076,1909f56bfc062723c751e8b465ee728b)
Start importing Assets/Scripts/CombateJugador.cs using Guid(cdbaa6a8e72014f498a2f8f492043561) Importer(815301076,1909f56bfc062723c751e8b465ee728b) (PreviewImporter) -> (artifact id: '00000000000000000000000000000000') in 0.0006422 seconds
Import Error Code:(4)
Message: Build asset version error: assets/scripts/combatejugador.cs in SourceAssetDB has modification time of '2025-11-22T03:58:30.4894875Z' while content on disk has modification time of '2025-11-22T03:58:43.7885307Z'
  ERROR: Build asset version error: assets/scripts/combatejugador.cs in SourceAssetDB has modification time of '2025-11-22T03:58:30.4894875Z' while content on disk has modification time of '2025-11-22T03:58:43.7885307Z'
Number of updated asset objects reloaded before import = 0Number of asset objects unloaded after import = 0

========================================================================
Received Import Request.
  Time since last request: 0.000024 seconds.
  path: Assets/Scripts/CombateJugador.cs
  artifactKey: Guid(cdbaa6a8e72014f498a2f8f492043561) Importer(815301076,1909f56bfc062723c751e8b465ee728b)
Start importing Assets/Scripts/CombateJugador.cs using Guid(cdbaa6a8e72014f498a2f8f492043561) Importer(815301076,1909f56bfc062723c751e8b465ee728b) (PreviewImporter) -> (artifact id: '00000000000000000000000000000000') in 0.0006674 seconds
Import Error Code:(4)
Message: Build asset version error: assets/scripts/combatejugador.cs in SourceAssetDB has modification time of '2025-11-22T03:58:30.4894875Z' while content on disk has modification time of '2025-11-22T03:58:43.7885307Z'
  ERROR: Build asset version error: assets/scripts/combatejugador.cs in SourceAssetDB has modification time of '2025-11-22T03:58:30.4894875Z' while content on disk has modification time of '2025-11-22T03:58:43.7885307Z'
Number of updated asset objects reloaded before import = 0Number of asset objects unloaded after import = 0

========================================================================
Received Import Request.
  Time since last request: 0.000028 seconds.
  path: Assets/Scripts/CombateJugador.cs
  artifactKey: Guid(cdbaa6a8e72014f498a2f8f492043561) Importer(815301076,1909f56bfc062723c751e8b465ee728b)
Start importing Assets/Scripts/CombateJugador.cs using Guid(cdbaa6a8e72014f498a2f8f492043561) Importer(815301076,1909f56bfc062723c751e8b465ee728b) (PreviewImporter) -> (artifact id: '00000000000000000000000000000000') in 0.0007714 seconds
Import Error Code:(4)
Message: Build asset version error: assets/scripts/combatejugador.cs in SourceAssetDB has modification time of '2025-11-22T03:58:30.4894875Z' while content on disk has modification time of '2025-11-22T03:58:43.7885307Z'
  ERROR: Build asset version error: assets/scripts/combatejugador.cs in SourceAssetDB has modification time of '2025-11-22T03:58:30.4894875Z' while content on disk has modification time of '2025-11-22T03:58:43.7885307Z'
Number of updated asset objects reloaded before import = 0Number of asset objects unloaded after import = 0

========================================================================
Received Import Request.
  Time since last request: 0.000015 seconds.
  path: Assets/Scripts/CombateJugador.cs
  artifactKey: Guid(cdbaa6a8e72014f498a2f8f492043561) Importer(815301076,1909f56bfc062723c751e8b465ee728b)
Start importing Assets/Scripts/CombateJugador.cs using Guid(cdbaa6a8e72014f498a2f8f492043561) Importer(815301076,1909f56bfc062723c751e8b465ee728b) (PreviewImporter) -> (artifact id: '00000000000000000000000000000000') in 0.0008438 seconds
Import Error Code:(4)
Message: Build asset version error: assets/scripts/combatejugador.cs in SourceAssetDB has modification time of '2025-11-22T03:58:30.4894875Z' while content on disk has modification time of '2025-11-22T03:58:43.7885307Z'
  ERROR: Build asset version error: assets/scripts/combatejugador.cs in SourceAssetDB has modification time of '2025-11-22T03:58:30.4894875Z' while content on disk has modification time of '2025-11-22T03:58:43.7885307Z'
Number of updated asset objects reloaded before import = 0Number of asset objects unloaded after import = 0

========================================================================
Received Import Request.
  Time since last request: 0.000021 seconds.
  path: Assets/Scripts/CombateJugador.cs
  artifactKey: Guid(cdbaa6a8e72014f498a2f8f492043561) Importer(815301076,1909f56bfc062723c751e8b465ee728b)
Start importing Assets/Scripts/CombateJugador.cs using Guid(cdbaa6a8e72014f498a2f8f492043561) Importer(815301076,1909f56bfc062723c751e8b465ee728b) (PreviewImporter) -> (artifact id: '00000000000000000000000000000000') in 0.0008103 seconds
Import Error Code:(4)
Message: Build asset version error: assets/scripts/combatejugador.cs in SourceAssetDB has modification time of '2025-11-22T03:58:30.4894875Z' while content on disk has modification time of '2025-11-22T03:58:43.7885307Z'
  ERROR: Build asset version error: assets/scripts/combatejugador.cs in SourceAssetDB has modification time of '2025-11-22T03:58:30.4894875Z' while content on disk has modification time of '2025-11-22T03:58:43.7885307Z'
Number of updated asset objects reloaded before import = 0Number of asset objects unloaded after import = 0

========================================================================
Received Import Request.
  Time since last request: 0.000025 seconds.
  path: Assets/Scripts/CombateJugador.cs
  artifactKey: Guid(cdbaa6a8e72014f498a2f8f492043561) Importer(815301076,1909f56bfc062723c751e8b465ee728b)
Start importing Assets/Scripts/CombateJugador.cs using Guid(cdbaa6a8e72014f498a2f8f492043561) Importer(815301076,1909f56bfc062723c751e8b465ee728b) (PreviewImporter) -> (artifact id: '00000000000000000000000000000000') in 0.0009306 seconds
Import Error Code:(4)
Message: Build asset version error: assets/scripts/combatejugador.cs in SourceAssetDB has modification time of '2025-11-22T03:58:30.4894875Z' while content on disk has modification time of '2025-11-22T03:58:43.7885307Z'
  ERROR: Build asset version error: assets/scripts/combatejugador.cs in SourceAssetDB has modification time of '2025-11-22T03:58:30.4894875Z' while content on disk has modification time of '2025-11-22T03:58:43.7885307Z'
Number of updated asset objects reloaded before import = 0Number of asset objects unloaded after import = 0

========================================================================
Received Import Request.
  Time since last request: 0.000036 seconds.
  path: Assets/Scripts/CombateJugador.cs
  artifactKey: Guid(cdbaa6a8e72014f498a2f8f492043561) Importer(815301076,1909f56bfc062723c751e8b465ee728b)
Start importing Assets/Scripts/CombateJugador.cs using Guid(cdbaa6a8e72014f498a2f8f492043561) Importer(815301076,1909f56bfc062723c751e8b465ee728b) (PreviewImporter) -> (artifact id: '00000000000000000000000000000000') in 0.0008411 seconds
Import Error Code:(4)
Message: Build asset version error: assets/scripts/combatejugador.cs in SourceAssetDB has modification time of '2025-11-22T03:58:30.4894875Z' while content on disk has modification time of '2025-11-22T03:58:43.7885307Z'
  ERROR: Build asset version error: assets/scripts/combatejugador.cs in SourceAssetDB has modification time of '2025-11-22T03:58:30.4894875Z' while content on disk has modification time of '2025-11-22T03:58:43.7885307Z'
Number of updated asset objects reloaded before import = 0Number of asset objects unloaded after import = 0

========================================================================
Received Import Request.
  Time since last request: 0.000027 seconds.
  path: Assets/Scripts/CombateJugador.cs
  artifactKey: Guid(cdbaa6a8e72014f498a2f8f492043561) Importer(815301076,1909f56bfc062723c751e8b465ee728b)
Start importing Assets/Scripts/CombateJugador.cs using Guid(cdbaa6a8e72014f498a2f8f492043561) Importer(815301076,1909f56bfc062723c751e8b465ee728b) (PreviewImporter) -> (artifact id: '00000000000000000000000000000000') in 0.0006892 seconds
Import Error Code:(4)
Message: Build asset version error: assets/scripts/combatejugador.cs in SourceAssetDB has modification time of '2025-11-22T03:58:30.4894875Z' while content on disk has modification time of '2025-11-22T03:58:43.7885307Z'
  ERROR: Build asset version error: assets/scripts/combatejugador.cs in SourceAssetDB has modification time of '2025-11-22T03:58:30.4894875Z' while content on disk has modification time of '2025-11-22T03:58:43.7885307Z'
Number of updated asset objects reloaded before import = 0Number of asset objects unloaded after import = 0

========================================================================
Received Import Request.
  Time since last request: 0.000023 seconds.
  path: Assets/Scripts/CombateJugador.cs
  artifactKey: Guid(cdbaa6a8e72014f498a2f8f492043561) Importer(815301076,1909f56bfc062723c751e8b465ee728b)
Start importing Assets/Scripts/CombateJugador.cs using Guid(cdbaa6a8e72014f498a2f8f492043561) Importer(815301076,1909f56bfc062723c751e8b465ee728b) (PreviewImporter) -> (artifact id: '00000000000000000000000000000000') in 0.0008135 seconds
Import Error Code:(4)
Message: Build asset version error: assets/scripts/combatejugador.cs in SourceAssetDB has modification time of '2025-11-22T03:58:30.4894875Z' while content on disk has modification time of '2025-11-22T03:58:43.7885307Z'
  ERROR: Build asset version error: assets/scripts/combatejugador.cs in SourceAssetDB has modification time of '2025-11-22T03:58:30.4894875Z' while content on disk has modification time of '2025-11-22T03:58:43.7885307Z'
Number of updated asset objects reloaded before import = 0Number of asset objects unloaded after import = 0

========================================================================
Received Import Request.
  Time since last request: 0.000018 seconds.
  path: Assets/Scripts/CombateJugador.cs
  artifactKey: Guid(cdbaa6a8e72014f498a2f8f492043561) Importer(815301076,1909f56bfc062723c751e8b465ee728b)
Start importing Assets/Scripts/CombateJugador.cs using Guid(cdbaa6a8e72014f498a2f8f492043561) Importer(815301076,1909f56bfc062723c751e8b465ee728b) (PreviewImporter) -> (artifact id: '00000000000000000000000000000000') in 0.0008549 seconds
Import Error Code:(4)
Message: Build asset version error: assets/scripts/combatejugador.cs in SourceAssetDB has modification time of '2025-11-22T03:58:30.4894875Z' while content on disk has modification time of '2025-11-22T03:58:43.7885307Z'
  ERROR: Build asset version error: assets/scripts/combatejugador.cs in SourceAssetDB has modification time of '2025-11-22T03:58:30.4894875Z' while content on disk has modification time of '2025-11-22T03:58:43.7885307Z'
Number of updated asset objects reloaded before import = 0Number of asset objects unloaded after import = 0

========================================================================
Received Import Request.
  Time since last request: 0.000027 seconds.
  path: Assets/Scripts/CombateJugador.cs
  artifactKey: Guid(cdbaa6a8e72014f498a2f8f492043561) Importer(815301076,1909f56bfc062723c751e8b465ee728b)
Start importing Assets/Scripts/CombateJugador.cs using Guid(cdbaa6a8e72014f498a2f8f492043561) Importer(815301076,1909f56bfc062723c751e8b465ee728b) (PreviewImporter) -> (artifact id: '00000000000000000000000000000000') in 0.0008035 seconds
Import Error Code:(4)
Message: Build asset version error: assets/scripts/combatejugador.cs in SourceAssetDB has modification time of '2025-11-22T03:58:30.4894875Z' while content on disk has modification time of '2025-11-22T03:58:43.7885307Z'
  ERROR: Build asset version error: assets/scripts/combatejugador.cs in SourceAssetDB has modification time of '2025-11-22T03:58:30.4894875Z' while content on disk has modification time of '2025-11-22T03:58:43.7885307Z'
Number of updated asset objects reloaded before import = 0Number of asset objects unloaded after import = 0

========================================================================
Received Import Request.
  Time since last request: 0.000021 seconds.
  path: Assets/Scripts/CombateJugador.cs
  artifactKey: Guid(cdbaa6a8e72014f498a2f8f492043561) Importer(815301076,1909f56bfc062723c751e8b465ee728b)
Start importing Assets/Scripts/CombateJugador.cs using Guid(cdbaa6a8e72014f498a2f8f492043561) Importer(815301076,1909f56bfc062723c751e8b465ee728b) (PreviewImporter) -> (artifact id: '00000000000000000000000000000000') in 0.0006474 seconds
Import Error Code:(4)
Message: Build asset version error: assets/scripts/combatejugador.cs in SourceAssetDB has modification time of '2025-11-22T03:58:30.4894875Z' while content on disk has modification time of '2025-11-22T03:58:43.7885307Z'
  ERROR: Build asset version error: assets/scripts/combatejugador.cs in SourceAssetDB has modification time of '2025-11-22T03:58:30.4894875Z' while content on disk has modification time of '2025-11-22T03:58:43.7885307Z'
Number of updated asset objects reloaded before import = 0Number of asset objects unloaded after import = 0

========================================================================
Received Import Request.
  Time since last request: 0.000020 seconds.
  path: Assets/Scripts/CombateJugador.cs
  artifactKey: Guid(cdbaa6a8e72014f498a2f8f492043561) Importer(815301076,1909f56bfc062723c751e8b465ee728b)
Start importing Assets/Scripts/CombateJugador.cs using Guid(cdbaa6a8e72014f498a2f8f492043561) Importer(815301076,1909f56bfc062723c751e8b465ee728b) (PreviewImporter) -> (artifact id: '00000000000000000000000000000000') in 0.0008048 seconds
Import Error Code:(4)
Message: Build asset version error: assets/scripts/combatejugador.cs in SourceAssetDB has modification time of '2025-11-22T03:58:30.4894875Z' while content on disk has modification time of '2025-11-22T03:58:43.7885307Z'
  ERROR: Build asset version error: assets/scripts/combatejugador.cs in SourceAssetDB has modification time of '2025-11-22T03:58:30.4894875Z' while content on disk has modification time of '2025-11-22T03:58:43.7885307Z'
Number of updated asset objects reloaded before import = 0Number of asset objects unloaded after import = 0

========================================================================
Received Import Request.
  Time since last request: 0.000022 seconds.
  path: Assets/Scripts/CombateJugador.cs
  artifactKey: Guid(cdbaa6a8e72014f498a2f8f492043561) Importer(815301076,1909f56bfc062723c751e8b465ee728b)
Start importing Assets/Scripts/CombateJugador.cs using Guid(cdbaa6a8e72014f498a2f8f492043561) Importer(815301076,1909f56bfc062723c751e8b465ee728b) (PreviewImporter) -> (artifact id: '00000000000000000000000000000000') in 0.0008306 seconds
Import Error Code:(4)
Message: Build asset version error: assets/scripts/combatejugador.cs in SourceAssetDB has modification time of '2025-11-22T03:58:30.4894875Z' while content on disk has modification time of '2025-11-22T03:58:43.7885307Z'
  ERROR: Build asset version error: assets/scripts/combatejugador.cs in SourceAssetDB has modification time of '2025-11-22T03:58:30.4894875Z' while content on disk has modification time of '2025-11-22T03:58:43.7885307Z'
Number of updated asset objects reloaded before import = 0Number of asset objects unloaded after import = 0

========================================================================
Received Import Request.
  Time since last request: 0.000032 seconds.
  path: Assets/Scripts/CombateJugador.cs
  artifactKey: Guid(cdbaa6a8e72014f498a2f8f492043561) Importer(815301076,1909f56bfc062723c751e8b465ee728b)
Start importing Assets/Scripts/CombateJugador.cs using Guid(cdbaa6a8e72014f498a2f8f492043561) Importer(815301076,1909f56bfc062723c751e8b465ee728b) (PreviewImporter) -> (artifact id: '00000000000000000000000000000000') in 0.0008819 seconds
Import Error Code:(4)
Message: Build asset version error: assets/scripts/combatejugador.cs in SourceAssetDB has modification time of '2025-11-22T03:58:30.4894875Z' while content on disk has modification time of '2025-11-22T03:58:43.7885307Z'
  ERROR: Build asset version error: assets/scripts/combatejugador.cs in SourceAssetDB has modification time of '2025-11-22T03:58:30.4894875Z' while content on disk has modification time of '2025-11-22T03:58:43.7885307Z'
Number of updated asset objects reloaded before import = 0Number of asset objects unloaded after import = 0

========================================================================
Received Import Request.
  Time since last request: 0.000034 seconds.
  path: Assets/Scripts/CombateJugador.cs
  artifactKey: Guid(cdbaa6a8e72014f498a2f8f492043561) Importer(815301076,1909f56bfc062723c751e8b465ee728b)
Start importing Assets/Scripts/CombateJugador.cs using Guid(cdbaa6a8e72014f498a2f8f492043561) Importer(815301076,1909f56bfc062723c751e8b465ee728b) (PreviewImporter) -> (artifact id: '00000000000000000000000000000000') in 0.000899 seconds
Import Error Code:(4)
Message: Build asset version error: assets/scripts/combatejugador.cs in SourceAssetDB has modification time of '2025-11-22T03:58:30.4894875Z' while content on disk has modification time of '2025-11-22T03:58:43.7885307Z'
  ERROR: Build asset version error: assets/scripts/combatejugador.cs in SourceAssetDB has modification time of '2025-11-22T03:58:30.4894875Z' while content on disk has modification time of '2025-11-22T03:58:43.7885307Z'
Number of updated asset objects reloaded before import = 0Number of asset objects unloaded after import = 0

========================================================================
Received Import Request.
  Time since last request: 0.000021 seconds.
  path: Assets/Scripts/CombateJugador.cs
  artifactKey: Guid(cdbaa6a8e72014f498a2f8f492043561) Importer(815301076,1909f56bfc062723c751e8b465ee728b)
Start importing Assets/Scripts/CombateJugador.cs using Guid(cdbaa6a8e72014f498a2f8f492043561) Importer(815301076,1909f56bfc062723c751e8b465ee728b) (PreviewImporter) -> (artifact id: '00000000000000000000000000000000') in 0.0008349 seconds
Import Error Code:(4)
Message: Build asset version error: assets/scripts/combatejugador.cs in SourceAssetDB has modification time of '2025-11-22T03:58:30.4894875Z' while content on disk has modification time of '2025-11-22T03:58:43.7885307Z'
  ERROR: Build asset version error: assets/scripts/combatejugador.cs in SourceAssetDB has modification time of '2025-11-22T03:58:30.4894875Z' while content on disk has modification time of '2025-11-22T03:58:43.7885307Z'
Number of updated asset objects reloaded before import = 0Number of asset objects unloaded after import = 0

========================================================================
Received Import Request.
  Time since last request: 0.000021 seconds.
  path: Assets/Scripts/CombateJugador.cs
  artifactKey: Guid(cdbaa6a8e72014f498a2f8f492043561) Importer(815301076,1909f56bfc062723c751e8b465ee728b)
Start importing Assets/Scripts/CombateJugador.cs using Guid(cdbaa6a8e72014f498a2f8f492043561) Importer(815301076,1909f56bfc062723c751e8b465ee728b) (PreviewImporter) -> (artifact id: '00000000000000000000000000000000') in 0.0008984 seconds
Import Error Code:(4)
Message: Build asset version error: assets/scripts/combatejugador.cs in SourceAssetDB has modification time of '2025-11-22T03:58:30.4894875Z' while content on disk has modification time of '2025-11-22T03:58:43.7885307Z'
  ERROR: Build asset version error: assets/scripts/combatejugador.cs in SourceAssetDB has modification time of '2025-11-22T03:58:30.4894875Z' while content on disk has modification time of '2025-11-22T03:58:43.7885307Z'
Number of updated asset objects reloaded before import = 0Number of asset objects unloaded after import = 0

========================================================================
Received Import Request.
  Time since last request: 0.000017 seconds.
  path: Assets/Scripts/CombateJugador.cs
  artifactKey: Guid(cdbaa6a8e72014f498a2f8f492043561) Importer(815301076,1909f56bfc062723c751e8b465ee728b)
Start importing Assets/Scripts/CombateJugador.cs using Guid(cdbaa6a8e72014f498a2f8f492043561) Importer(815301076,1909f56bfc062723c751e8b465ee728b) (PreviewImporter) -> (artifact id: '00000000000000000000000000000000') in 0.0009898 seconds
Import Error Code:(4)
Message: Build asset version error: assets/scripts/combatejugador.cs in SourceAssetDB has modification time of '2025-11-22T03:58:30.4894875Z' while content on disk has modification time of '2025-11-22T03:58:43.7885307Z'
  ERROR: Build asset version error: assets/scripts/combatejugador.cs in SourceAssetDB has modification time of '2025-11-22T03:58:30.4894875Z' while content on disk has modification time of '2025-11-22T03:58:43.7885307Z'
Number of updated asset objects reloaded before import = 0Number of asset objects unloaded after import = 0

========================================================================
Received Import Request.
  Time since last request: 0.000025 seconds.
  path: Assets/Scripts/CombateJugador.cs
  artifactKey: Guid(cdbaa6a8e72014f498a2f8f492043561) Importer(815301076,1909f56bfc062723c751e8b465ee728b)
Start importing Assets/Scripts/CombateJugador.cs using Guid(cdbaa6a8e72014f498a2f8f492043561) Importer(815301076,1909f56bfc062723c751e8b465ee728b) (PreviewImporter) -> (artifact id: '00000000000000000000000000000000') in 0.0006612 seconds
Import Error Code:(4)
Message: Build asset version error: assets/scripts/combatejugador.cs in SourceAssetDB has modification time of '2025-11-22T03:58:30.4894875Z' while content on disk has modification time of '2025-11-22T03:58:43.7885307Z'
  ERROR: Build asset version error: assets/scripts/combatejugador.cs in SourceAssetDB has modification time of '2025-11-22T03:58:30.4894875Z' while content on disk has modification time of '2025-11-22T03:58:43.7885307Z'
Number of updated asset objects reloaded before import = 0Number of asset objects unloaded after import = 0

========================================================================
Received Import Request.
  Time since last request: 0.000026 seconds.
  path: Assets/Scripts/CombateJugador.cs
  artifactKey: Guid(cdbaa6a8e72014f498a2f8f492043561) Importer(815301076,1909f56bfc062723c751e8b465ee728b)
Start importing Assets/Scripts/CombateJugador.cs using Guid(cdbaa6a8e72014f498a2f8f492043561) Importer(815301076,1909f56bfc062723c751e8b465ee728b) (PreviewImporter) -> (artifact id: '00000000000000000000000000000000') in 0.0008171 seconds
Import Error Code:(4)
Message: Build asset version error: assets/scripts/combatejugador.cs in SourceAssetDB has modification time of '2025-11-22T03:58:30.4894875Z' while content on disk has modification time of '2025-11-22T03:58:43.7885307Z'
  ERROR: Build asset version error: assets/scripts/combatejugador.cs in SourceAssetDB has modification time of '2025-11-22T03:58:30.4894875Z' while content on disk has modification time of '2025-11-22T03:58:43.7885307Z'
Number of updated asset objects reloaded before import = 0Number of asset objects unloaded after import = 0

========================================================================
Received Import Request.
  Time since last request: 0.000021 seconds.
  path: Assets/Scripts/CombateJugador.cs
  artifactKey: Guid(cdbaa6a8e72014f498a2f8f492043561) Importer(815301076,1909f56bfc062723c751e8b465ee728b)
Start importing Assets/Scripts/CombateJugador.cs using Guid(cdbaa6a8e72014f498a2f8f492043561) Importer(815301076,1909f56bfc062723c751e8b465ee728b) (PreviewImporter) -> (artifact id: '00000000000000000000000000000000') in 0.0007844 seconds
Import Error Code:(4)
Message: Build asset version error: assets/scripts/combatejugador.cs in SourceAssetDB has modification time of '2025-11-22T03:58:30.4894875Z' while content on disk has modification time of '2025-11-22T03:58:43.7885307Z'
  ERROR: Build asset version error: assets/scripts/combatejugador.cs in SourceAssetDB has modification time of '2025-11-22T03:58:30.4894875Z' while content on disk has modification time of '2025-11-22T03:58:43.7885307Z'
Number of updated asset objects reloaded before import = 0Number of asset objects unloaded after import = 0

========================================================================
Received Import Request.
  Time since last request: 0.000018 seconds.
  path: Assets/Scripts/CombateJugador.cs
  artifactKey: Guid(cdbaa6a8e72014f498a2f8f492043561) Importer(815301076,1909f56bfc062723c751e8b465ee728b)
Start importing Assets/Scripts/CombateJugador.cs using Guid(cdbaa6a8e72014f498a2f8f492043561) Importer(815301076,1909f56bfc062723c751e8b465ee728b) (PreviewImporter) -> (artifact id: '00000000000000000000000000000000') in 0.0006261 seconds
Import Error Code:(4)
Message: Build asset version error: assets/scripts/combatejugador.cs in SourceAssetDB has modification time of '2025-11-22T03:58:30.4894875Z' while content on disk has modification time of '2025-11-22T03:58:43.7885307Z'
  ERROR: Build asset version error: assets/scripts/combatejugador.cs in SourceAssetDB has modification time of '2025-11-22T03:58:30.4894875Z' while content on disk has modification time of '2025-11-22T03:58:43.7885307Z'
Number of updated asset objects reloaded before import = 0Number of asset objects unloaded after import = 0

========================================================================
Received Import Request.
  Time since last request: 0.000024 seconds.
  path: Assets/Scripts/CombateJugador.cs
  artifactKey: Guid(cdbaa6a8e72014f498a2f8f492043561) Importer(815301076,1909f56bfc062723c751e8b465ee728b)
Start importing Assets/Scripts/CombateJugador.cs using Guid(cdbaa6a8e72014f498a2f8f492043561) Importer(815301076,1909f56bfc062723c751e8b465ee728b) (PreviewImporter) -> (artifact id: '00000000000000000000000000000000') in 0.0008166 seconds
Import Error Code:(4)
Message: Build asset version error: assets/scripts/combatejugador.cs in SourceAssetDB has modification time of '2025-11-22T03:58:30.4894875Z' while content on disk has modification time of '2025-11-22T03:58:43.7885307Z'
  ERROR: Build asset version error: assets/scripts/combatejugador.cs in SourceAssetDB has modification time of '2025-11-22T03:58:30.4894875Z' while content on disk has modification time of '2025-11-22T03:58:43.7885307Z'
Number of updated asset objects reloaded before import = 0Number of asset objects unloaded after import = 0

========================================================================
Received Import Request.
  Time since last request: 0.000036 seconds.
  path: Assets/Scripts/CombateJugador.cs
  artifactKey: Guid(cdbaa6a8e72014f498a2f8f492043561) Importer(815301076,1909f56bfc062723c751e8b465ee728b)
Start importing Assets/Scripts/CombateJugador.cs using Guid(cdbaa6a8e72014f498a2f8f492043561) Importer(815301076,1909f56bfc062723c751e8b465ee728b) (PreviewImporter) -> (artifact id: '00000000000000000000000000000000') in 0.0008436 seconds
Import Error Code:(4)
Message: Build asset version error: assets/scripts/combatejugador.cs in SourceAssetDB has modification time of '2025-11-22T03:58:30.4894875Z' while content on disk has modification time of '2025-11-22T03:58:43.7885307Z'
  ERROR: Build asset version error: assets/scripts/combatejugador.cs in SourceAssetDB has modification time of '2025-11-22T03:58:30.4894875Z' while content on disk has modification time of '2025-11-22T03:58:43.7885307Z'
Number of updated asset objects reloaded before import = 0Number of asset objects unloaded after import = 0

========================================================================
Received Import Request.
  Time since last request: 0.000021 seconds.
  path: Assets/Scripts/CombateJugador.cs
  artifactKey: Guid(cdbaa6a8e72014f498a2f8f492043561) Importer(815301076,1909f56bfc062723c751e8b465ee728b)
Start importing Assets/Scripts/CombateJugador.cs using Guid(cdbaa6a8e72014f498a2f8f492043561) Importer(815301076,1909f56bfc062723c751e8b465ee728b) (PreviewImporter) -> (artifact id: '00000000000000000000000000000000') in 0.0008181 seconds
Import Error Code:(4)
Message: Build asset version error: assets/scripts/combatejugador.cs in SourceAssetDB has modification time of '2025-11-22T03:58:30.4894875Z' while content on disk has modification time of '2025-11-22T03:58:43.7885307Z'
  ERROR: Build asset version error: assets/scripts/combatejugador.cs in SourceAssetDB has modification time of '2025-11-22T03:58:30.4894875Z' while content on disk has modification time of '2025-11-22T03:58:43.7885307Z'
Number of updated asset objects reloaded before import = 0Number of asset objects unloaded after import = 0

========================================================================
Received Import Request.
  Time since last request: 0.000021 seconds.
  path: Assets/Scripts/CombateJugador.cs
  artifactKey: Guid(cdbaa6a8e72014f498a2f8f492043561) Importer(815301076,1909f56bfc062723c751e8b465ee728b)
Start importing Assets/Scripts/CombateJugador.cs using Guid(cdbaa6a8e72014f498a2f8f492043561) Importer(815301076,1909f56bfc062723c751e8b465ee728b) (PreviewImporter) -> (artifact id: '00000000000000000000000000000000') in 0.0008392 seconds
Import Error Code:(4)
Message: Build asset version error: assets/scripts/combatejugador.cs in SourceAssetDB has modification time of '2025-11-22T03:58:30.4894875Z' while content on disk has modification time of '2025-11-22T03:58:43.7885307Z'
  ERROR: Build asset version error: assets/scripts/combatejugador.cs in SourceAssetDB has modification time of '2025-11-22T03:58:30.4894875Z' while content on disk has modification time of '2025-11-22T03:58:43.7885307Z'
Number of updated asset objects reloaded before import = 0Number of asset objects unloaded after import = 0

========================================================================
Received Import Request.
  Time since last request: 0.000023 seconds.
  path: Assets/Scripts/CombateJugador.cs
  artifactKey: Guid(cdbaa6a8e72014f498a2f8f492043561) Importer(815301076,1909f56bfc062723c751e8b465ee728b)
Start importing Assets/Scripts/CombateJugador.cs using Guid(cdbaa6a8e72014f498a2f8f492043561) Importer(815301076,1909f56bfc062723c751e8b465ee728b) (PreviewImporter) -> (artifact id: '00000000000000000000000000000000') in 0.0008199 seconds
Import Error Code:(4)
Message: Build asset version error: assets/scripts/combatejugador.cs in SourceAssetDB has modification time of '2025-11-22T03:58:30.4894875Z' while content on disk has modification time of '2025-11-22T03:58:43.7885307Z'
  ERROR: Build asset version error: assets/scripts/combatejugador.cs in SourceAssetDB has modification time of '2025-11-22T03:58:30.4894875Z' while content on disk has modification time of '2025-11-22T03:58:43.7885307Z'
Number of updated asset objects reloaded before import = 0Number of asset objects unloaded after import = 0

========================================================================
Received Import Request.
  Time since last request: 0.000028 seconds.
  path: Assets/Scripts/CombateJugador.cs
  artifactKey: Guid(cdbaa6a8e72014f498a2f8f492043561) Importer(815301076,1909f56bfc062723c751e8b465ee728b)
Start importing Assets/Scripts/CombateJugador.cs using Guid(cdbaa6a8e72014f498a2f8f492043561) Importer(815301076,1909f56bfc062723c751e8b465ee728b) (PreviewImporter) -> (artifact id: '00000000000000000000000000000000') in 0.0007179 seconds
Import Error Code:(4)
Message: Build asset version error: assets/scripts/combatejugador.cs in SourceAssetDB has modification time of '2025-11-22T03:58:30.4894875Z' while content on disk has modification time of '2025-11-22T03:58:43.7885307Z'
  ERROR: Build asset version error: assets/scripts/combatejugador.cs in SourceAssetDB has modification time of '2025-11-22T03:58:30.4894875Z' while content on disk has modification time of '2025-11-22T03:58:43.7885307Z'
Number of updated asset objects reloaded before import = 0Number of asset objects unloaded after import = 0

========================================================================
Received Import Request.
  Time since last request: 0.000018 seconds.
  path: Assets/Scripts/CombateJugador.cs
  artifactKey: Guid(cdbaa6a8e72014f498a2f8f492043561) Importer(815301076,1909f56bfc062723c751e8b465ee728b)
Start importing Assets/Scripts/CombateJugador.cs using Guid(cdbaa6a8e72014f498a2f8f492043561) Importer(815301076,1909f56bfc062723c751e8b465ee728b) (PreviewImporter) -> (artifact id: '00000000000000000000000000000000') in 0.0006742 seconds
Import Error Code:(4)
Message: Build asset version error: assets/scripts/combatejugador.cs in SourceAssetDB has modification time of '2025-11-22T03:58:30.4894875Z' while content on disk has modification time of '2025-11-22T03:58:43.7885307Z'
  ERROR: Build asset version error: assets/scripts/combatejugador.cs in SourceAssetDB has modification time of '2025-11-22T03:58:30.4894875Z' while content on disk has modification time of '2025-11-22T03:58:43.7885307Z'
Number of updated asset objects reloaded before import = 0Number of asset objects unloaded after import = 0

========================================================================
Received Import Request.
  Time since last request: 0.000023 seconds.
  path: Assets/Scripts/CombateJugador.cs
  artifactKey: Guid(cdbaa6a8e72014f498a2f8f492043561) Importer(815301076,1909f56bfc062723c751e8b465ee728b)
Start importing Assets/Scripts/CombateJugador.cs using Guid(cdbaa6a8e72014f498a2f8f492043561) Importer(815301076,1909f56bfc062723c751e8b465ee728b) (PreviewImporter) -> (artifact id: '00000000000000000000000000000000') in 0.0008337 seconds
Import Error Code:(4)
Message: Build asset version error: assets/scripts/combatejugador.cs in SourceAssetDB has modification time of '2025-11-22T03:58:30.4894875Z' while content on disk has modification time of '2025-11-22T03:58:43.7885307Z'
  ERROR: Build asset version error: assets/scripts/combatejugador.cs in SourceAssetDB has modification time of '2025-11-22T03:58:30.4894875Z' while content on disk has modification time of '2025-11-22T03:58:43.7885307Z'
Number of updated asset objects reloaded before import = 0Number of asset objects unloaded after import = 0

========================================================================
Received Import Request.
  Time since last request: 0.000025 seconds.
  path: Assets/Scripts/CombateJugador.cs
  artifactKey: Guid(cdbaa6a8e72014f498a2f8f492043561) Importer(815301076,1909f56bfc062723c751e8b465ee728b)
Start importing Assets/Scripts/CombateJugador.cs using Guid(cdbaa6a8e72014f498a2f8f492043561) Importer(815301076,1909f56bfc062723c751e8b465ee728b) (PreviewImporter) -> (artifact id: '00000000000000000000000000000000') in 0.0009576 seconds
Import Error Code:(4)
Message: Build asset version error: assets/scripts/combatejugador.cs in SourceAssetDB has modification time of '2025-11-22T03:58:30.4894875Z' while content on disk has modification time of '2025-11-22T03:58:43.7885307Z'
  ERROR: Build asset version error: assets/scripts/combatejugador.cs in SourceAssetDB has modification time of '2025-11-22T03:58:30.4894875Z' while content on disk has modification time of '2025-11-22T03:58:43.7885307Z'
Number of updated asset objects reloaded before import = 0Number of asset objects unloaded after import = 0

========================================================================
Received Import Request.
  Time since last request: 0.000039 seconds.
  path: Assets/Scripts/CombateJugador.cs
  artifactKey: Guid(cdbaa6a8e72014f498a2f8f492043561) Importer(815301076,1909f56bfc062723c751e8b465ee728b)
Start importing Assets/Scripts/CombateJugador.cs using Guid(cdbaa6a8e72014f498a2f8f492043561) Importer(815301076,1909f56bfc062723c751e8b465ee728b) (PreviewImporter) -> (artifact id: '00000000000000000000000000000000') in 0.0006772 seconds
Import Error Code:(4)
Message: Build asset version error: assets/scripts/combatejugador.cs in SourceAssetDB has modification time of '2025-11-22T03:58:30.4894875Z' while content on disk has modification time of '2025-11-22T03:58:43.7885307Z'
  ERROR: Build asset version error: assets/scripts/combatejugador.cs in SourceAssetDB has modification time of '2025-11-22T03:58:30.4894875Z' while content on disk has modification time of '2025-11-22T03:58:43.7885307Z'
Number of updated asset objects reloaded before import = 0Number of asset objects unloaded after import = 0

========================================================================
Received Import Request.
  Time since last request: 0.000016 seconds.
  path: Assets/Scripts/CombateJugador.cs
  artifactKey: Guid(cdbaa6a8e72014f498a2f8f492043561) Importer(815301076,1909f56bfc062723c751e8b465ee728b)
Start importing Assets/Scripts/CombateJugador.cs using Guid(cdbaa6a8e72014f498a2f8f492043561) Importer(815301076,1909f56bfc062723c751e8b465ee728b) (PreviewImporter) -> (artifact id: '00000000000000000000000000000000') in 0.0006045 seconds
Import Error Code:(4)
Message: Build asset version error: assets/scripts/combatejugador.cs in SourceAssetDB has modification time of '2025-11-22T03:58:30.4894875Z' while content on disk has modification time of '2025-11-22T03:58:43.7885307Z'
  ERROR: Build asset version error: assets/scripts/combatejugador.cs in SourceAssetDB has modification time of '2025-11-22T03:58:30.4894875Z' while content on disk has modification time of '2025-11-22T03:58:43.7885307Z'
Number of updated asset objects reloaded before import = 0Number of asset objects unloaded after import = 0

========================================================================
Received Import Request.
  Time since last request: 0.000021 seconds.
  path: Assets/Scripts/CombateJugador.cs
  artifactKey: Guid(cdbaa6a8e72014f498a2f8f492043561) Importer(815301076,1909f56bfc062723c751e8b465ee728b)
Start importing Assets/Scripts/CombateJugador.cs using Guid(cdbaa6a8e72014f498a2f8f492043561) Importer(815301076,1909f56bfc062723c751e8b465ee728b) (PreviewImporter) -> (artifact id: '00000000000000000000000000000000') in 0.0007945 seconds
Import Error Code:(4)
Message: Build asset version error: assets/scripts/combatejugador.cs in SourceAssetDB has modification time of '2025-11-22T03:58:30.4894875Z' while content on disk has modification time of '2025-11-22T03:58:43.7885307Z'
  ERROR: Build asset version error: assets/scripts/combatejugador.cs in SourceAssetDB has modification time of '2025-11-22T03:58:30.4894875Z' while content on disk has modification time of '2025-11-22T03:58:43.7885307Z'
Number of updated asset objects reloaded before import = 0Number of asset objects unloaded after import = 0

========================================================================
Received Import Request.
  Time since last request: 0.000018 seconds.
  path: Assets/Scripts/CombateJugador.cs
  artifactKey: Guid(cdbaa6a8e72014f498a2f8f492043561) Importer(815301076,1909f56bfc062723c751e8b465ee728b)
Start importing Assets/Scripts/CombateJugador.cs using Guid(cdbaa6a8e72014f498a2f8f492043561) Importer(815301076,1909f56bfc062723c751e8b465ee728b) (PreviewImporter) -> (artifact id: '00000000000000000000000000000000') in 0.0008089 seconds
Import Error Code:(4)
Message: Build asset version error: assets/scripts/combatejugador.cs in SourceAssetDB has modification time of '2025-11-22T03:58:30.4894875Z' while content on disk has modification time of '2025-11-22T03:58:43.7885307Z'
  ERROR: Build asset version error: assets/scripts/combatejugador.cs in SourceAssetDB has modification time of '2025-11-22T03:58:30.4894875Z' while content on disk has modification time of '2025-11-22T03:58:43.7885307Z'
Number of updated asset objects reloaded before import = 0Number of asset objects unloaded after import = 0

========================================================================
Received Import Request.
  Time since last request: 0.000035 seconds.
  path: Assets/Scripts/CombateJugador.cs
  artifactKey: Guid(cdbaa6a8e72014f498a2f8f492043561) Importer(815301076,1909f56bfc062723c751e8b465ee728b)
Start importing Assets/Scripts/CombateJugador.cs using Guid(cdbaa6a8e72014f498a2f8f492043561) Importer(815301076,1909f56bfc062723c751e8b465ee728b) (PreviewImporter) -> (artifact id: '00000000000000000000000000000000') in 0.0008559 seconds
Import Error Code:(4)
Message: Build asset version error: assets/scripts/combatejugador.cs in SourceAssetDB has modification time of '2025-11-22T03:58:30.4894875Z' while content on disk has modification time of '2025-11-22T03:58:43.7885307Z'
  ERROR: Build asset version error: assets/scripts/combatejugador.cs in SourceAssetDB has modification time of '2025-11-22T03:58:30.4894875Z' while content on disk has modification time of '2025-11-22T03:58:43.7885307Z'
Number of updated asset objects reloaded before import = 0Number of asset objects unloaded after import = 0

========================================================================
Received Import Request.
  Time since last request: 0.000026 seconds.
  path: Assets/Scripts/CombateJugador.cs
  artifactKey: Guid(cdbaa6a8e72014f498a2f8f492043561) Importer(815301076,1909f56bfc062723c751e8b465ee728b)
Start importing Assets/Scripts/CombateJugador.cs using Guid(cdbaa6a8e72014f498a2f8f492043561) Importer(815301076,1909f56bfc062723c751e8b465ee728b) (PreviewImporter) -> (artifact id: '00000000000000000000000000000000') in 0.0006114 seconds
Import Error Code:(4)
Message: Build asset version error: assets/scripts/combatejugador.cs in SourceAssetDB has modification time of '2025-11-22T03:58:30.4894875Z' while content on disk has modification time of '2025-11-22T03:58:43.7885307Z'
  ERROR: Build asset version error: assets/scripts/combatejugador.cs in SourceAssetDB has modification time of '2025-11-22T03:58:30.4894875Z' while content on disk has modification time of '2025-11-22T03:58:43.7885307Z'
Number of updated asset objects reloaded before import = 0Number of asset objects unloaded after import = 0

========================================================================
Received Import Request.
  Time since last request: 0.000021 seconds.
  path: Assets/Scripts/CombateJugador.cs
  artifactKey: Guid(cdbaa6a8e72014f498a2f8f492043561) Importer(815301076,1909f56bfc062723c751e8b465ee728b)
Start importing Assets/Scripts/CombateJugador.cs using Guid(cdbaa6a8e72014f498a2f8f492043561) Importer(815301076,1909f56bfc062723c751e8b465ee728b) (PreviewImporter) -> (artifact id: '00000000000000000000000000000000') in 0.0008371 seconds
Import Error Code:(4)
Message: Build asset version error: assets/scripts/combatejugador.cs in SourceAssetDB has modification time of '2025-11-22T03:58:30.4894875Z' while content on disk has modification time of '2025-11-22T03:58:43.7885307Z'
  ERROR: Build asset version error: assets/scripts/combatejugador.cs in SourceAssetDB has modification time of '2025-11-22T03:58:30.4894875Z' while content on disk has modification time of '2025-11-22T03:58:43.7885307Z'
Number of updated asset objects reloaded before import = 0Number of asset objects unloaded after import = 0

========================================================================
Received Import Request.
  Time since last request: 0.000025 seconds.
  path: Assets/Scripts/CombateJugador.cs
  artifactKey: Guid(cdbaa6a8e72014f498a2f8f492043561) Importer(815301076,1909f56bfc062723c751e8b465ee728b)
Start importing Assets/Scripts/CombateJugador.cs using Guid(cdbaa6a8e72014f498a2f8f492043561) Importer(815301076,1909f56bfc062723c751e8b465ee728b) (PreviewImporter) -> (artifact id: '00000000000000000000000000000000') in 0.0008099 seconds
Import Error Code:(4)
Message: Build asset version error: assets/scripts/combatejugador.cs in SourceAssetDB has modification time of '2025-11-22T03:58:30.4894875Z' while content on disk has modification time of '2025-11-22T03:58:43.7885307Z'
  ERROR: Build asset version error: assets/scripts/combatejugador.cs in SourceAssetDB has modification time of '2025-11-22T03:58:30.4894875Z' while content on disk has modification time of '2025-11-22T03:58:43.7885307Z'
Number of updated asset objects reloaded before import = 0Number of asset objects unloaded after import = 0

========================================================================
Received Import Request.
  Time since last request: 0.000034 seconds.
  path: Assets/Scripts/CombateJugador.cs
  artifactKey: Guid(cdbaa6a8e72014f498a2f8f492043561) Importer(815301076,1909f56bfc062723c751e8b465ee728b)
Start importing Assets/Scripts/CombateJugador.cs using Guid(cdbaa6a8e72014f498a2f8f492043561) Importer(815301076,1909f56bfc062723c751e8b465ee728b) (PreviewImporter) -> (artifact id: '00000000000000000000000000000000') in 0.0008351 seconds
Import Error Code:(4)
Message: Build asset version error: assets/scripts/combatejugador.cs in SourceAssetDB has modification time of '2025-11-22T03:58:30.4894875Z' while content on disk has modification time of '2025-11-22T03:58:43.7885307Z'
  ERROR: Build asset version error: assets/scripts/combatejugador.cs in SourceAssetDB has modification time of '2025-11-22T03:58:30.4894875Z' while content on disk has modification time of '2025-11-22T03:58:43.7885307Z'
Number of updated asset objects reloaded before import = 0Number of asset objects unloaded after import = 0

========================================================================
Received Import Request.
  Time since last request: 0.000021 seconds.
  path: Assets/Scripts/CombateJugador.cs
  artifactKey: Guid(cdbaa6a8e72014f498a2f8f492043561) Importer(815301076,1909f56bfc062723c751e8b465ee728b)
Start importing Assets/Scripts/CombateJugador.cs using Guid(cdbaa6a8e72014f498a2f8f492043561) Importer(815301076,1909f56bfc062723c751e8b465ee728b) (PreviewImporter) -> (artifact id: '00000000000000000000000000000000') in 0.0006693 seconds
Import Error Code:(4)
Message: Build asset version error: assets/scripts/combatejugador.cs in SourceAssetDB has modification time of '2025-11-22T03:58:30.4894875Z' while content on disk has modification time of '2025-11-22T03:58:43.7885307Z'
  ERROR: Build asset version error: assets/scripts/combatejugador.cs in SourceAssetDB has modification time of '2025-11-22T03:58:30.4894875Z' while content on disk has modification time of '2025-11-22T03:58:43.7885307Z'
Number of updated asset objects reloaded before import = 0Number of asset objects unloaded after import = 0

========================================================================
Received Import Request.
  Time since last request: 0.000026 seconds.
  path: Assets/Scripts/CombateJugador.cs
  artifactKey: Guid(cdbaa6a8e72014f498a2f8f492043561) Importer(815301076,1909f56bfc062723c751e8b465ee728b)
Start importing Assets/Scripts/CombateJugador.cs using Guid(cdbaa6a8e72014f498a2f8f492043561) Importer(815301076,1909f56bfc062723c751e8b465ee728b) (PreviewImporter) -> (artifact id: '00000000000000000000000000000000') in 0.0008133 seconds
Import Error Code:(4)
Message: Build asset version error: assets/scripts/combatejugador.cs in SourceAssetDB has modification time of '2025-11-22T03:58:30.4894875Z' while content on disk has modification time of '2025-11-22T03:58:43.7885307Z'
  ERROR: Build asset version error: assets/scripts/combatejugador.cs in SourceAssetDB has modification time of '2025-11-22T03:58:30.4894875Z' while content on disk has modification time of '2025-11-22T03:58:43.7885307Z'
Number of updated asset objects reloaded before import = 0Number of asset objects unloaded after import = 0

========================================================================
Received Import Request.
  Time since last request: 0.000021 seconds.
  path: Assets/Scripts/CombateJugador.cs
  artifactKey: Guid(cdbaa6a8e72014f498a2f8f492043561) Importer(815301076,1909f56bfc062723c751e8b465ee728b)
Start importing Assets/Scripts/CombateJugador.cs using Guid(cdbaa6a8e72014f498a2f8f492043561) Importer(815301076,1909f56bfc062723c751e8b465ee728b) (PreviewImporter) -> (artifact id: '00000000000000000000000000000000') in 0.000803 seconds
Import Error Code:(4)
Message: Build asset version error: assets/scripts/combatejugador.cs in SourceAssetDB has modification time of '2025-11-22T03:58:30.4894875Z' while content on disk has modification time of '2025-11-22T03:58:43.7885307Z'
  ERROR: Build asset version error: assets/scripts/combatejugador.cs in SourceAssetDB has modification time of '2025-11-22T03:58:30.4894875Z' while content on disk has modification time of '2025-11-22T03:58:43.7885307Z'
Number of updated asset objects reloaded before import = 0Number of asset objects unloaded after import = 0

========================================================================
Received Import Request.
  Time since last request: 0.000018 seconds.
  path: Assets/Scripts/CombateJugador.cs
  artifactKey: Guid(cdbaa6a8e72014f498a2f8f492043561) Importer(815301076,1909f56bfc062723c751e8b465ee728b)
Start importing Assets/Scripts/CombateJugador.cs using Guid(cdbaa6a8e72014f498a2f8f492043561) Importer(815301076,1909f56bfc062723c751e8b465ee728b) (PreviewImporter) -> (artifact id: '00000000000000000000000000000000') in 0.0006422 seconds
Import Error Code:(4)
Message: Build asset version error: assets/scripts/combatejugador.cs in SourceAssetDB has modification time of '2025-11-22T03:58:30.4894875Z' while content on disk has modification time of '2025-11-22T03:58:43.7885307Z'
  ERROR: Build asset version error: assets/scripts/combatejugador.cs in SourceAssetDB has modification time of '2025-11-22T03:58:30.4894875Z' while content on disk has modification time of '2025-11-22T03:58:43.7885307Z'
Number of updated asset objects reloaded before import = 0Number of asset objects unloaded after import = 0

========================================================================
Received Import Request.
  Time since last request: 0.000026 seconds.
  path: Assets/Scripts/CombateJugador.cs
  artifactKey: Guid(cdbaa6a8e72014f498a2f8f492043561) Importer(815301076,1909f56bfc062723c751e8b465ee728b)
Start importing Assets/Scripts/CombateJugador.cs using Guid(cdbaa6a8e72014f498a2f8f492043561) Importer(815301076,1909f56bfc062723c751e8b465ee728b) (PreviewImporter) -> (artifact id: '00000000000000000000000000000000') in 0.0008014 seconds
Import Error Code:(4)
Message: Build asset version error: assets/scripts/combatejugador.cs in SourceAssetDB has modification time of '2025-11-22T03:58:30.4894875Z' while content on disk has modification time of '2025-11-22T03:58:43.7885307Z'
  ERROR: Build asset version error: assets/scripts/combatejugador.cs in SourceAssetDB has modification time of '2025-11-22T03:58:30.4894875Z' while content on disk has modification time of '2025-11-22T03:58:43.7885307Z'
Number of updated asset objects reloaded before import = 0Number of asset objects unloaded after import = 0

========================================================================
Received Import Request.
  Time since last request: 0.000020 seconds.
  path: Assets/Scripts/CombateJugador.cs
  artifactKey: Guid(cdbaa6a8e72014f498a2f8f492043561) Importer(815301076,1909f56bfc062723c751e8b465ee728b)
Start importing Assets/Scripts/CombateJugador.cs using Guid(cdbaa6a8e72014f498a2f8f492043561) Importer(815301076,1909f56bfc062723c751e8b465ee728b) (PreviewImporter) -> (artifact id: '00000000000000000000000000000000') in 0.000867 seconds
Import Error Code:(4)
Message: Build asset version error: assets/scripts/combatejugador.cs in SourceAssetDB has modification time of '2025-11-22T03:58:30.4894875Z' while content on disk has modification time of '2025-11-22T03:58:43.7885307Z'
  ERROR: Build asset version error: assets/scripts/combatejugador.cs in SourceAssetDB has modification time of '2025-11-22T03:58:30.4894875Z' while content on disk has modification time of '2025-11-22T03:58:43.7885307Z'
Number of updated asset objects reloaded before import = 0Number of asset objects unloaded after import = 0

========================================================================
Received Import Request.
  Time since last request: 0.000025 seconds.
  path: Assets/Scripts/CombateJugador.cs
  artifactKey: Guid(cdbaa6a8e72014f498a2f8f492043561) Importer(815301076,1909f56bfc062723c751e8b465ee728b)
Start importing Assets/Scripts/CombateJugador.cs using Guid(cdbaa6a8e72014f498a2f8f492043561) Importer(815301076,1909f56bfc062723c751e8b465ee728b) (PreviewImporter) -> (artifact id: '00000000000000000000000000000000') in 0.0006571 seconds
Import Error Code:(4)
Message: Build asset version error: assets/scripts/combatejugador.cs in SourceAssetDB has modification time of '2025-11-22T03:58:30.4894875Z' while content on disk has modification time of '2025-11-22T03:58:43.7885307Z'
  ERROR: Build asset version error: assets/scripts/combatejugador.cs in SourceAssetDB has modification time of '2025-11-22T03:58:30.4894875Z' while content on disk has modification time of '2025-11-22T03:58:43.7885307Z'
Number of updated asset objects reloaded before import = 0Number of asset objects unloaded after import = 0

========================================================================
Received Import Request.
  Time since last request: 0.000018 seconds.
  path: Assets/Scripts/CombateJugador.cs
  artifactKey: Guid(cdbaa6a8e72014f498a2f8f492043561) Importer(815301076,1909f56bfc062723c751e8b465ee728b)
Start importing Assets/Scripts/CombateJugador.cs using Guid(cdbaa6a8e72014f498a2f8f492043561) Importer(815301076,1909f56bfc062723c751e8b465ee728b) (PreviewImporter) -> (artifact id: '00000000000000000000000000000000') in 0.0010003 seconds
Import Error Code:(4)
Message: Build asset version error: assets/scripts/combatejugador.cs in SourceAssetDB has modification time of '2025-11-22T03:58:30.4894875Z' while content on disk has modification time of '2025-11-22T03:58:43.7885307Z'
  ERROR: Build asset version error: assets/scripts/combatejugador.cs in SourceAssetDB has modification time of '2025-11-22T03:58:30.4894875Z' while content on disk has modification time of '2025-11-22T03:58:43.7885307Z'
Number of updated asset objects reloaded before import = 0Number of asset objects unloaded after import = 0

========================================================================
Received Import Request.
  Time since last request: 0.000028 seconds.
  path: Assets/Scripts/CombateJugador.cs
  artifactKey: Guid(cdbaa6a8e72014f498a2f8f492043561) Importer(815301076,1909f56bfc062723c751e8b465ee728b)
Start importing Assets/Scripts/CombateJugador.cs using Guid(cdbaa6a8e72014f498a2f8f492043561) Importer(815301076,1909f56bfc062723c751e8b465ee728b) (PreviewImporter) -> (artifact id: '00000000000000000000000000000000') in 0.000721 seconds
Import Error Code:(4)
Message: Build asset version error: assets/scripts/combatejugador.cs in SourceAssetDB has modification time of '2025-11-22T03:58:30.4894875Z' while content on disk has modification time of '2025-11-22T03:58:43.7885307Z'
  ERROR: Build asset version error: assets/scripts/combatejugador.cs in SourceAssetDB has modification time of '2025-11-22T03:58:30.4894875Z' while content on disk has modification time of '2025-11-22T03:58:43.7885307Z'
Number of updated asset objects reloaded before import = 0Number of asset objects unloaded after import = 0

========================================================================
Received Import Request.
  Time since last request: 0.000022 seconds.
  path: Assets/Scripts/CombateJugador.cs
  artifactKey: Guid(cdbaa6a8e72014f498a2f8f492043561) Importer(815301076,1909f56bfc062723c751e8b465ee728b)
Start importing Assets/Scripts/CombateJugador.cs using Guid(cdbaa6a8e72014f498a2f8f492043561) Importer(815301076,1909f56bfc062723c751e8b465ee728b) (PreviewImporter) -> (artifact id: '00000000000000000000000000000000') in 0.000676 seconds
Import Error Code:(4)
Message: Build asset version error: assets/scripts/combatejugador.cs in SourceAssetDB has modification time of '2025-11-22T03:58:30.4894875Z' while content on disk has modification time of '2025-11-22T03:58:43.7885307Z'
  ERROR: Build asset version error: assets/scripts/combatejugador.cs in SourceAssetDB has modification time of '2025-11-22T03:58:30.4894875Z' while content on disk has modification time of '2025-11-22T03:58:43.7885307Z'
Number of updated asset objects reloaded before import = 0Number of asset objects unloaded after import = 0

========================================================================
Received Import Request.
  Time since last request: 0.000021 seconds.
  path: Assets/Scripts/CombateJugador.cs
  artifactKey: Guid(cdbaa6a8e72014f498a2f8f492043561) Importer(815301076,1909f56bfc062723c751e8b465ee728b)
Start importing Assets/Scripts/CombateJugador.cs using Guid(cdbaa6a8e72014f498a2f8f492043561) Importer(815301076,1909f56bfc062723c751e8b465ee728b) (PreviewImporter) -> (artifact id: '00000000000000000000000000000000') in 0.0006511 seconds
Import Error Code:(4)
Message: Build asset version error: assets/scripts/combatejugador.cs in SourceAssetDB has modification time of '2025-11-22T03:58:30.4894875Z' while content on disk has modification time of '2025-11-22T03:58:43.7885307Z'
  ERROR: Build asset version error: assets/scripts/combatejugador.cs in SourceAssetDB has modification time of '2025-11-22T03:58:30.4894875Z' while content on disk has modification time of '2025-11-22T03:58:43.7885307Z'
Number of updated asset objects reloaded before import = 0Number of asset objects unloaded after import = 0

========================================================================
Received Import Request.
  Time since last request: 0.000022 seconds.
  path: Assets/Scripts/CombateJugador.cs
  artifactKey: Guid(cdbaa6a8e72014f498a2f8f492043561) Importer(815301076,1909f56bfc062723c751e8b465ee728b)
Start importing Assets/Scripts/CombateJugador.cs using Guid(cdbaa6a8e72014f498a2f8f492043561) Importer(815301076,1909f56bfc062723c751e8b465ee728b) (PreviewImporter) -> (artifact id: '00000000000000000000000000000000') in 0.0007891 seconds
Import Error Code:(4)
Message: Build asset version error: assets/scripts/combatejugador.cs in SourceAssetDB has modification time of '2025-11-22T03:58:30.4894875Z' while content on disk has modification time of '2025-11-22T03:58:43.7885307Z'
  ERROR: Build asset version error: assets/scripts/combatejugador.cs in SourceAssetDB has modification time of '2025-11-22T03:58:30.4894875Z' while content on disk has modification time of '2025-11-22T03:58:43.7885307Z'
Number of updated asset objects reloaded before import = 0Number of asset objects unloaded after import = 0

========================================================================
Received Import Request.
  Time since last request: 0.000034 seconds.
  path: Assets/Scripts/CombateJugador.cs
  artifactKey: Guid(cdbaa6a8e72014f498a2f8f492043561) Importer(815301076,1909f56bfc062723c751e8b465ee728b)
Start importing Assets/Scripts/CombateJugador.cs using Guid(cdbaa6a8e72014f498a2f8f492043561) Importer(815301076,1909f56bfc062723c751e8b465ee728b) (PreviewImporter) -> (artifact id: '00000000000000000000000000000000') in 0.0007469 seconds
Import Error Code:(4)
Message: Build asset version error: assets/scripts/combatejugador.cs in SourceAssetDB has modification time of '2025-11-22T03:58:30.4894875Z' while content on disk has modification time of '2025-11-22T03:58:43.7885307Z'
  ERROR: Build asset version error: assets/scripts/combatejugador.cs in SourceAssetDB has modification time of '2025-11-22T03:58:30.4894875Z' while content on disk has modification time of '2025-11-22T03:58:43.7885307Z'
Number of updated asset objects reloaded before import = 0Number of asset objects unloaded after import = 0

========================================================================
Received Import Request.
  Time since last request: 0.000036 seconds.
  path: Assets/Scripts/CombateJugador.cs
  artifactKey: Guid(cdbaa6a8e72014f498a2f8f492043561) Importer(815301076,1909f56bfc062723c751e8b465ee728b)
Start importing Assets/Scripts/CombateJugador.cs using Guid(cdbaa6a8e72014f498a2f8f492043561) Importer(815301076,1909f56bfc062723c751e8b465ee728b) (PreviewImporter) -> (artifact id: '00000000000000000000000000000000') in 0.0007504 seconds
Import Error Code:(4)
Message: Build asset version error: assets/scripts/combatejugador.cs in SourceAssetDB has modification time of '2025-11-22T03:58:30.4894875Z' while content on disk has modification time of '2025-11-22T03:58:43.7885307Z'
  ERROR: Build asset version error: assets/scripts/combatejugador.cs in SourceAssetDB has modification time of '2025-11-22T03:58:30.4894875Z' while content on disk has modification time of '2025-11-22T03:58:43.7885307Z'
Number of updated asset objects reloaded before import = 0Number of asset objects unloaded after import = 0

========================================================================
Received Import Request.
  Time since last request: 0.000018 seconds.
  path: Assets/Scripts/CombateJugador.cs
  artifactKey: Guid(cdbaa6a8e72014f498a2f8f492043561) Importer(815301076,1909f56bfc062723c751e8b465ee728b)
Start importing Assets/Scripts/CombateJugador.cs using Guid(cdbaa6a8e72014f498a2f8f492043561) Importer(815301076,1909f56bfc062723c751e8b465ee728b) (PreviewImporter) -> (artifact id: '00000000000000000000000000000000') in 0.0006816 seconds
Import Error Code:(4)
Message: Build asset version error: assets/scripts/combatejugador.cs in SourceAssetDB has modification time of '2025-11-22T03:58:30.4894875Z' while content on disk has modification time of '2025-11-22T03:58:43.7885307Z'
  ERROR: Build asset version error: assets/scripts/combatejugador.cs in SourceAssetDB has modification time of '2025-11-22T03:58:30.4894875Z' while content on disk has modification time of '2025-11-22T03:58:43.7885307Z'
Number of updated asset objects reloaded before import = 0Number of asset objects unloaded after import = 0

========================================================================
Received Import Request.
  Time since last request: 0.000027 seconds.
  path: Assets/Scripts/CombateJugador.cs
  artifactKey: Guid(cdbaa6a8e72014f498a2f8f492043561) Importer(815301076,1909f56bfc062723c751e8b465ee728b)
Start importing Assets/Scripts/CombateJugador.cs using Guid(cdbaa6a8e72014f498a2f8f492043561) Importer(815301076,1909f56bfc062723c751e8b465ee728b) (PreviewImporter) -> (artifact id: '00000000000000000000000000000000') in 0.0006373 seconds
Import Error Code:(4)
Message: Build asset version error: assets/scripts/combatejugador.cs in SourceAssetDB has modification time of '2025-11-22T03:58:30.4894875Z' while content on disk has modification time of '2025-11-22T03:58:43.7885307Z'
  ERROR: Build asset version error: assets/scripts/combatejugador.cs in SourceAssetDB has modification time of '2025-11-22T03:58:30.4894875Z' while content on disk has modification time of '2025-11-22T03:58:43.7885307Z'
Number of updated asset objects reloaded before import = 0Number of asset objects unloaded after import = 0

========================================================================
Received Import Request.
  Time since last request: 0.000021 seconds.
  path: Assets/Scripts/CombateJugador.cs
  artifactKey: Guid(cdbaa6a8e72014f498a2f8f492043561) Importer(815301076,1909f56bfc062723c751e8b465ee728b)
Start importing Assets/Scripts/CombateJugador.cs using Guid(cdbaa6a8e72014f498a2f8f492043561) Importer(815301076,1909f56bfc062723c751e8b465ee728b) (PreviewImporter) -> (artifact id: '00000000000000000000000000000000') in 0.000779 seconds
Import Error Code:(4)
Message: Build asset version error: assets/scripts/combatejugador.cs in SourceAssetDB has modification time of '2025-11-22T03:58:30.4894875Z' while content on disk has modification time of '2025-11-22T03:58:43.7885307Z'
  ERROR: Build asset version error: assets/scripts/combatejugador.cs in SourceAssetDB has modification time of '2025-11-22T03:58:30.4894875Z' while content on disk has modification time of '2025-11-22T03:58:43.7885307Z'
Number of updated asset objects reloaded before import = 0Number of asset objects unloaded after import = 0

========================================================================
Received Import Request.
  Time since last request: 0.000018 seconds.
  path: Assets/Scripts/CombateJugador.cs
  artifactKey: Guid(cdbaa6a8e72014f498a2f8f492043561) Importer(815301076,1909f56bfc062723c751e8b465ee728b)
Start importing Assets/Scripts/CombateJugador.cs using Guid(cdbaa6a8e72014f498a2f8f492043561) Importer(815301076,1909f56bfc062723c751e8b465ee728b) (PreviewImporter) -> (artifact id: '00000000000000000000000000000000') in 0.0006455 seconds
Import Error Code:(4)
Message: Build asset version error: assets/scripts/combatejugador.cs in SourceAssetDB has modification time of '2025-11-22T03:58:30.4894875Z' while content on disk has modification time of '2025-11-22T03:58:43.7885307Z'
  ERROR: Build asset version error: assets/scripts/combatejugador.cs in SourceAssetDB has modification time of '2025-11-22T03:58:30.4894875Z' while content on disk has modification time of '2025-11-22T03:58:43.7885307Z'
Number of updated asset objects reloaded before import = 0Number of asset objects unloaded after import = 0

========================================================================
Received Import Request.
  Time since last request: 0.000035 seconds.
  path: Assets/Scripts/CombateJugador.cs
  artifactKey: Guid(cdbaa6a8e72014f498a2f8f492043561) Importer(815301076,1909f56bfc062723c751e8b465ee728b)
Start importing Assets/Scripts/CombateJugador.cs using Guid(cdbaa6a8e72014f498a2f8f492043561) Importer(815301076,1909f56bfc062723c751e8b465ee728b) (PreviewImporter) -> (artifact id: '00000000000000000000000000000000') in 0.0008576 seconds
Import Error Code:(4)
Message: Build asset version error: assets/scripts/combatejugador.cs in SourceAssetDB has modification time of '2025-11-22T03:58:30.4894875Z' while content on disk has modification time of '2025-11-22T03:58:43.7885307Z'
  ERROR: Build asset version error: assets/scripts/combatejugador.cs in SourceAssetDB has modification time of '2025-11-22T03:58:30.4894875Z' while content on disk has modification time of '2025-11-22T03:58:43.7885307Z'
Number of updated asset objects reloaded before import = 0Number of asset objects unloaded after import = 0

========================================================================
Received Import Request.
  Time since last request: 0.000016 seconds.
  path: Assets/Scripts/CombateJugador.cs
  artifactKey: Guid(cdbaa6a8e72014f498a2f8f492043561) Importer(815301076,1909f56bfc062723c751e8b465ee728b)
Start importing Assets/Scripts/CombateJugador.cs using Guid(cdbaa6a8e72014f498a2f8f492043561) Importer(815301076,1909f56bfc062723c751e8b465ee728b) (PreviewImporter) -> (artifact id: '00000000000000000000000000000000') in 0.0007528 seconds
Import Error Code:(4)
Message: Build asset version error: assets/scripts/combatejugador.cs in SourceAssetDB has modification time of '2025-11-22T03:58:30.4894875Z' while content on disk has modification time of '2025-11-22T03:58:43.7885307Z'
  ERROR: Build asset version error: assets/scripts/combatejugador.cs in SourceAssetDB has modification time of '2025-11-22T03:58:30.4894875Z' while content on disk has modification time of '2025-11-22T03:58:43.7885307Z'
Number of updated asset objects reloaded before import = 0Number of asset objects unloaded after import = 0

========================================================================
Received Import Request.
  Time since last request: 0.000018 seconds.
  path: Assets/Scripts/CombateJugador.cs
  artifactKey: Guid(cdbaa6a8e72014f498a2f8f492043561) Importer(815301076,1909f56bfc062723c751e8b465ee728b)
Start importing Assets/Scripts/CombateJugador.cs using Guid(cdbaa6a8e72014f498a2f8f492043561) Importer(815301076,1909f56bfc062723c751e8b465ee728b) (PreviewImporter) -> (artifact id: '00000000000000000000000000000000') in 0.0006521 seconds
Import Error Code:(4)
Message: Build asset version error: assets/scripts/combatejugador.cs in SourceAssetDB has modification time of '2025-11-22T03:58:30.4894875Z' while content on disk has modification time of '2025-11-22T03:58:43.7885307Z'
  ERROR: Build asset version error: assets/scripts/combatejugador.cs in SourceAssetDB has modification time of '2025-11-22T03:58:30.4894875Z' while content on disk has modification time of '2025-11-22T03:58:43.7885307Z'
Number of updated asset objects reloaded before import = 0Number of asset objects unloaded after import = 0

========================================================================
Received Import Request.
  Time since last request: 0.000021 seconds.
  path: Assets/Scripts/CombateJugador.cs
  artifactKey: Guid(cdbaa6a8e72014f498a2f8f492043561) Importer(815301076,1909f56bfc062723c751e8b465ee728b)
Start importing Assets/Scripts/CombateJugador.cs using Guid(cdbaa6a8e72014f498a2f8f492043561) Importer(815301076,1909f56bfc062723c751e8b465ee728b) (PreviewImporter) -> (artifact id: '00000000000000000000000000000000') in 0.0007038 seconds
Import Error Code:(4)
Message: Build asset version error: assets/scripts/combatejugador.cs in SourceAssetDB has modification time of '2025-11-22T03:58:30.4894875Z' while content on disk has modification time of '2025-11-22T03:58:43.7885307Z'
  ERROR: Build asset version error: assets/scripts/combatejugador.cs in SourceAssetDB has modification time of '2025-11-22T03:58:30.4894875Z' while content on disk has modification time of '2025-11-22T03:58:43.7885307Z'
Number of updated asset objects reloaded before import = 0Number of asset objects unloaded after import = 0

========================================================================
Received Import Request.
  Time since last request: 0.000019 seconds.
  path: Assets/Scripts/CombateJugador.cs
  artifactKey: Guid(cdbaa6a8e72014f498a2f8f492043561) Importer(815301076,1909f56bfc062723c751e8b465ee728b)
Start importing Assets/Scripts/CombateJugador.cs using Guid(cdbaa6a8e72014f498a2f8f492043561) Importer(815301076,1909f56bfc062723c751e8b465ee728b) (PreviewImporter) -> (artifact id: '00000000000000000000000000000000') in 0.0006514 seconds
Import Error Code:(4)
Message: Build asset version error: assets/scripts/combatejugador.cs in SourceAssetDB has modification time of '2025-11-22T03:58:30.4894875Z' while content on disk has modification time of '2025-11-22T03:58:43.7885307Z'
  ERROR: Build asset version error: assets/scripts/combatejugador.cs in SourceAssetDB has modification time of '2025-11-22T03:58:30.4894875Z' while content on disk has modification time of '2025-11-22T03:58:43.7885307Z'
Number of updated asset objects reloaded before import = 0Number of asset objects unloaded after import = 0

========================================================================
Received Import Request.
  Time since last request: 0.000028 seconds.
  path: Assets/Scripts/CombateJugador.cs
  artifactKey: Guid(cdbaa6a8e72014f498a2f8f492043561) Importer(815301076,1909f56bfc062723c751e8b465ee728b)
Start importing Assets/Scripts/CombateJugador.cs using Guid(cdbaa6a8e72014f498a2f8f492043561) Importer(815301076,1909f56bfc062723c751e8b465ee728b) (PreviewImporter) -> (artifact id: '00000000000000000000000000000000') in 0.0006654 seconds
Import Error Code:(4)
Message: Build asset version error: assets/scripts/combatejugador.cs in SourceAssetDB has modification time of '2025-11-22T03:58:30.4894875Z' while content on disk has modification time of '2025-11-22T03:58:43.7885307Z'
  ERROR: Build asset version error: assets/scripts/combatejugador.cs in SourceAssetDB has modification time of '2025-11-22T03:58:30.4894875Z' while content on disk has modification time of '2025-11-22T03:58:43.7885307Z'
Number of updated asset objects reloaded before import = 0Number of asset objects unloaded after import = 0

========================================================================
Received Import Request.
  Time since last request: 0.000020 seconds.
  path: Assets/Scripts/CombateJugador.cs
  artifactKey: Guid(cdbaa6a8e72014f498a2f8f492043561) Importer(815301076,1909f56bfc062723c751e8b465ee728b)
Start importing Assets/Scripts/CombateJugador.cs using Guid(cdbaa6a8e72014f498a2f8f492043561) Importer(815301076,1909f56bfc062723c751e8b465ee728b) (PreviewImporter) -> (artifact id: '00000000000000000000000000000000') in 0.0008883 seconds
Import Error Code:(4)
Message: Build asset version error: assets/scripts/combatejugador.cs in SourceAssetDB has modification time of '2025-11-22T03:58:30.4894875Z' while content on disk has modification time of '2025-11-22T03:58:43.7885307Z'
  ERROR: Build asset version error: assets/scripts/combatejugador.cs in SourceAssetDB has modification time of '2025-11-22T03:58:30.4894875Z' while content on disk has modification time of '2025-11-22T03:58:43.7885307Z'
Number of updated asset objects reloaded before import = 0Number of asset objects unloaded after import = 0

========================================================================
Received Import Request.
  Time since last request: 0.000021 seconds.
  path: Assets/Scripts/CombateJugador.cs
  artifactKey: Guid(cdbaa6a8e72014f498a2f8f492043561) Importer(815301076,1909f56bfc062723c751e8b465ee728b)
Start importing Assets/Scripts/CombateJugador.cs using Guid(cdbaa6a8e72014f498a2f8f492043561) Importer(815301076,1909f56bfc062723c751e8b465ee728b) (PreviewImporter) -> (artifact id: '00000000000000000000000000000000') in 0.0006306 seconds
Import Error Code:(4)
Message: Build asset version error: assets/scripts/combatejugador.cs in SourceAssetDB has modification time of '2025-11-22T03:58:30.4894875Z' while content on disk has modification time of '2025-11-22T03:58:43.7885307Z'
  ERROR: Build asset version error: assets/scripts/combatejugador.cs in SourceAssetDB has modification time of '2025-11-22T03:58:30.4894875Z' while content on disk has modification time of '2025-11-22T03:58:43.7885307Z'
Number of updated asset objects reloaded before import = 0Number of asset objects unloaded after import = 0

========================================================================
Received Import Request.
  Time since last request: 0.000016 seconds.
  path: Assets/Scripts/CombateJugador.cs
  artifactKey: Guid(cdbaa6a8e72014f498a2f8f492043561) Importer(815301076,1909f56bfc062723c751e8b465ee728b)
Start importing Assets/Scripts/CombateJugador.cs using Guid(cdbaa6a8e72014f498a2f8f492043561) Importer(815301076,1909f56bfc062723c751e8b465ee728b) (PreviewImporter) -> (artifact id: '00000000000000000000000000000000') in 0.0009097 seconds
Import Error Code:(4)
Message: Build asset version error: assets/scripts/combatejugador.cs in SourceAssetDB has modification time of '2025-11-22T03:58:30.4894875Z' while content on disk has modification time of '2025-11-22T03:58:43.7885307Z'
  ERROR: Build asset version error: assets/scripts/combatejugador.cs in SourceAssetDB has modification time of '2025-11-22T03:58:30.4894875Z' while content on disk has modification time of '2025-11-22T03:58:43.7885307Z'
Number of updated asset objects reloaded before import = 0Number of asset objects unloaded after import = 0

========================================================================
Received Import Request.
  Time since last request: 0.000024 seconds.
  path: Assets/Scripts/CombateJugador.cs
  artifactKey: Guid(cdbaa6a8e72014f498a2f8f492043561) Importer(815301076,1909f56bfc062723c751e8b465ee728b)
Start importing Assets/Scripts/CombateJugador.cs using Guid(cdbaa6a8e72014f498a2f8f492043561) Importer(815301076,1909f56bfc062723c751e8b465ee728b) (PreviewImporter) -> (artifact id: '00000000000000000000000000000000') in 0.0008789 seconds
Import Error Code:(4)
Message: Build asset version error: assets/scripts/combatejugador.cs in SourceAssetDB has modification time of '2025-11-22T03:58:30.4894875Z' while content on disk has modification time of '2025-11-22T03:58:43.7885307Z'
  ERROR: Build asset version error: assets/scripts/combatejugador.cs in SourceAssetDB has modification time of '2025-11-22T03:58:30.4894875Z' while content on disk has modification time of '2025-11-22T03:58:43.7885307Z'
Number of updated asset objects reloaded before import = 0Number of asset objects unloaded after import = 0

========================================================================
Received Import Request.
  Time since last request: 0.000030 seconds.
  path: Assets/Scripts/CombateJugador.cs
  artifactKey: Guid(cdbaa6a8e72014f498a2f8f492043561) Importer(815301076,1909f56bfc062723c751e8b465ee728b)
Start importing Assets/Scripts/CombateJugador.cs using Guid(cdbaa6a8e72014f498a2f8f492043561) Importer(815301076,1909f56bfc062723c751e8b465ee728b) (PreviewImporter) -> (artifact id: '00000000000000000000000000000000') in 0.0009032 seconds
Import Error Code:(4)
Message: Build asset version error: assets/scripts/combatejugador.cs in SourceAssetDB has modification time of '2025-11-22T03:58:30.4894875Z' while content on disk has modification time of '2025-11-22T03:58:43.7885307Z'
  ERROR: Build asset version error: assets/scripts/combatejugador.cs in SourceAssetDB has modification time of '2025-11-22T03:58:30.4894875Z' while content on disk has modification time of '2025-11-22T03:58:43.7885307Z'
Number of updated asset objects reloaded before import = 0Number of asset objects unloaded after import = 0

========================================================================
Received Import Request.
  Time since last request: 0.000025 seconds.
  path: Assets/Scripts/CombateJugador.cs
  artifactKey: Guid(cdbaa6a8e72014f498a2f8f492043561) Importer(815301076,1909f56bfc062723c751e8b465ee728b)
Start importing Assets/Scripts/CombateJugador.cs using Guid(cdbaa6a8e72014f498a2f8f492043561) Importer(815301076,1909f56bfc062723c751e8b465ee728b) (PreviewImporter) -> (artifact id: '00000000000000000000000000000000') in 0.000592 seconds
Import Error Code:(4)
Message: Build asset version error: assets/scripts/combatejugador.cs in SourceAssetDB has modification time of '2025-11-22T03:58:30.4894875Z' while content on disk has modification time of '2025-11-22T03:58:43.7885307Z'
  ERROR: Build asset version error: assets/scripts/combatejugador.cs in SourceAssetDB has modification time of '2025-11-22T03:58:30.4894875Z' while content on disk has modification time of '2025-11-22T03:58:43.7885307Z'
Number of updated asset objects reloaded before import = 0Number of asset objects unloaded after import = 0

========================================================================
Received Import Request.
  Time since last request: 0.000015 seconds.
  path: Assets/Scripts/CombateJugador.cs
  artifactKey: Guid(cdbaa6a8e72014f498a2f8f492043561) Importer(815301076,1909f56bfc062723c751e8b465ee728b)
Start importing Assets/Scripts/CombateJugador.cs using Guid(cdbaa6a8e72014f498a2f8f492043561) Importer(815301076,1909f56bfc062723c751e8b465ee728b) (PreviewImporter) -> (artifact id: '00000000000000000000000000000000') in 0.0008281 seconds
Import Error Code:(4)
Message: Build asset version error: assets/scripts/combatejugador.cs in SourceAssetDB has modification time of '2025-11-22T03:58:30.4894875Z' while content on disk has modification time of '2025-11-22T03:58:43.7885307Z'
  ERROR: Build asset version error: assets/scripts/combatejugador.cs in SourceAssetDB has modification time of '2025-11-22T03:58:30.4894875Z' while content on disk has modification time of '2025-11-22T03:58:43.7885307Z'
Number of updated asset objects reloaded before import = 0Number of asset objects unloaded after import = 0

========================================================================
Received Import Request.
  Time since last request: 0.000022 seconds.
  path: Assets/Scripts/CombateJugador.cs
  artifactKey: Guid(cdbaa6a8e72014f498a2f8f492043561) Importer(815301076,1909f56bfc062723c751e8b465ee728b)
Start importing Assets/Scripts/CombateJugador.cs using Guid(cdbaa6a8e72014f498a2f8f492043561) Importer(815301076,1909f56bfc062723c751e8b465ee728b) (PreviewImporter) -> (artifact id: '00000000000000000000000000000000') in 0.0006832 seconds
Import Error Code:(4)
Message: Build asset version error: assets/scripts/combatejugador.cs in SourceAssetDB has modification time of '2025-11-22T03:58:30.4894875Z' while content on disk has modification time of '2025-11-22T03:58:43.7885307Z'
  ERROR: Build asset version error: assets/scripts/combatejugador.cs in SourceAssetDB has modification time of '2025-11-22T03:58:30.4894875Z' while content on disk has modification time of '2025-11-22T03:58:43.7885307Z'
Number of updated asset objects reloaded before import = 0Number of asset objects unloaded after import = 0

========================================================================
Received Import Request.
  Time since last request: 0.000028 seconds.
  path: Assets/Scripts/CombateJugador.cs
  artifactKey: Guid(cdbaa6a8e72014f498a2f8f492043561) Importer(815301076,1909f56bfc062723c751e8b465ee728b)
Start importing Assets/Scripts/CombateJugador.cs using Guid(cdbaa6a8e72014f498a2f8f492043561) Importer(815301076,1909f56bfc062723c751e8b465ee728b) (PreviewImporter) -> (artifact id: '00000000000000000000000000000000') in 0.0006095 seconds
Import Error Code:(4)
Message: Build asset version error: assets/scripts/combatejugador.cs in SourceAssetDB has modification time of '2025-11-22T03:58:30.4894875Z' while content on disk has modification time of '2025-11-22T03:58:43.7885307Z'
  ERROR: Build asset version error: assets/scripts/combatejugador.cs in SourceAssetDB has modification time of '2025-11-22T03:58:30.4894875Z' while content on disk has modification time of '2025-11-22T03:58:43.7885307Z'
Number of updated asset objects reloaded before import = 0Number of asset objects unloaded after import = 0

========================================================================
Received Import Request.
  Time since last request: 0.000021 seconds.
  path: Assets/Scripts/CombateJugador.cs
  artifactKey: Guid(cdbaa6a8e72014f498a2f8f492043561) Importer(815301076,1909f56bfc062723c751e8b465ee728b)
Start importing Assets/Scripts/CombateJugador.cs using Guid(cdbaa6a8e72014f498a2f8f492043561) Importer(815301076,1909f56bfc062723c751e8b465ee728b) (PreviewImporter) -> (artifact id: '00000000000000000000000000000000') in 0.0008944 seconds
Import Error Code:(4)
Message: Build asset version error: assets/scripts/combatejugador.cs in SourceAssetDB has modification time of '2025-11-22T03:58:30.4894875Z' while content on disk has modification time of '2025-11-22T03:58:43.7885307Z'
  ERROR: Build asset version error: assets/scripts/combatejugador.cs in SourceAssetDB has modification time of '2025-11-22T03:58:30.4894875Z' while content on disk has modification time of '2025-11-22T03:58:43.7885307Z'
Number of updated asset objects reloaded before import = 0Number of asset objects unloaded after import = 0

========================================================================
Received Import Request.
  Time since last request: 0.000021 seconds.
  path: Assets/Scripts/CombateJugador.cs
  artifactKey: Guid(cdbaa6a8e72014f498a2f8f492043561) Importer(815301076,1909f56bfc062723c751e8b465ee728b)
Start importing Assets/Scripts/CombateJugador.cs using Guid(cdbaa6a8e72014f498a2f8f492043561) Importer(815301076,1909f56bfc062723c751e8b465ee728b) (PreviewImporter) -> (artifact id: '00000000000000000000000000000000') in 0.0008447 seconds
Import Error Code:(4)
Message: Build asset version error: assets/scripts/combatejugador.cs in SourceAssetDB has modification time of '2025-11-22T03:58:30.4894875Z' while content on disk has modification time of '2025-11-22T03:58:43.7885307Z'
  ERROR: Build asset version error: assets/scripts/combatejugador.cs in SourceAssetDB has modification time of '2025-11-22T03:58:30.4894875Z' while content on disk has modification time of '2025-11-22T03:58:43.7885307Z'
Number of updated asset objects reloaded before import = 0Number of asset objects unloaded after import = 0

========================================================================
Received Import Request.
  Time since last request: 0.000025 seconds.
  path: Assets/Scripts/CombateJugador.cs
  artifactKey: Guid(cdbaa6a8e72014f498a2f8f492043561) Importer(815301076,1909f56bfc062723c751e8b465ee728b)
Start importing Assets/Scripts/CombateJugador.cs using Guid(cdbaa6a8e72014f498a2f8f492043561) Importer(815301076,1909f56bfc062723c751e8b465ee728b) (PreviewImporter) -> (artifact id: '00000000000000000000000000000000') in 0.0007932 seconds
Import Error Code:(4)
Message: Build asset version error: assets/scripts/combatejugador.cs in SourceAssetDB has modification time of '2025-11-22T03:58:30.4894875Z' while content on disk has modification time of '2025-11-22T03:58:43.7885307Z'
  ERROR: Build asset version error: assets/scripts/combatejugador.cs in SourceAssetDB has modification time of '2025-11-22T03:58:30.4894875Z' while content on disk has modification time of '2025-11-22T03:58:43.7885307Z'
Number of updated asset objects reloaded before import = 0Number of asset objects unloaded after import = 0

========================================================================
Received Import Request.
  Time since last request: 0.000034 seconds.
  path: Assets/Scripts/CombateJugador.cs
  artifactKey: Guid(cdbaa6a8e72014f498a2f8f492043561) Importer(815301076,1909f56bfc062723c751e8b465ee728b)
Start importing Assets/Scripts/CombateJugador.cs using Guid(cdbaa6a8e72014f498a2f8f492043561) Importer(815301076,1909f56bfc062723c751e8b465ee728b) (PreviewImporter) -> (artifact id: '00000000000000000000000000000000') in 0.0009414 seconds
Import Error Code:(4)
Message: Build asset version error: assets/scripts/combatejugador.cs in SourceAssetDB has modification time of '2025-11-22T03:58:30.4894875Z' while content on disk has modification time of '2025-11-22T03:58:43.7885307Z'
  ERROR: Build asset version error: assets/scripts/combatejugador.cs in SourceAssetDB has modification time of '2025-11-22T03:58:30.4894875Z' while content on disk has modification time of '2025-11-22T03:58:43.7885307Z'
Number of updated asset objects reloaded before import = 0Number of asset objects unloaded after import = 0

========================================================================
Received Import Request.
  Time since last request: 0.000016 seconds.
  path: Assets/Scripts/CombateJugador.cs
  artifactKey: Guid(cdbaa6a8e72014f498a2f8f492043561) Importer(815301076,1909f56bfc062723c751e8b465ee728b)
Start importing Assets/Scripts/CombateJugador.cs using Guid(cdbaa6a8e72014f498a2f8f492043561) Importer(815301076,1909f56bfc062723c751e8b465ee728b) (PreviewImporter) -> (artifact id: '00000000000000000000000000000000') in 0.0006206 seconds
Import Error Code:(4)
Message: Build asset version error: assets/scripts/combatejugador.cs in SourceAssetDB has modification time of '2025-11-22T03:58:30.4894875Z' while content on disk has modification time of '2025-11-22T03:58:43.7885307Z'
  ERROR: Build asset version error: assets/scripts/combatejugador.cs in SourceAssetDB has modification time of '2025-11-22T03:58:30.4894875Z' while content on disk has modification time of '2025-11-22T03:58:43.7885307Z'
Number of updated asset objects reloaded before import = 0Number of asset objects unloaded after import = 0

========================================================================
Received Import Request.
  Time since last request: 0.000022 seconds.
  path: Assets/Scripts/CombateJugador.cs
  artifactKey: Guid(cdbaa6a8e72014f498a2f8f492043561) Importer(815301076,1909f56bfc062723c751e8b465ee728b)
Start importing Assets/Scripts/CombateJugador.cs using Guid(cdbaa6a8e72014f498a2f8f492043561) Importer(815301076,1909f56bfc062723c751e8b465ee728b) (PreviewImporter) -> (artifact id: '00000000000000000000000000000000') in 0.0009359 seconds
Import Error Code:(4)
Message: Build asset version error: assets/scripts/combatejugador.cs in SourceAssetDB has modification time of '2025-11-22T03:58:30.4894875Z' while content on disk has modification time of '2025-11-22T03:58:43.7885307Z'
  ERROR: Build asset version error: assets/scripts/combatejugador.cs in SourceAssetDB has modification time of '2025-11-22T03:58:30.4894875Z' while content on disk has modification time of '2025-11-22T03:58:43.7885307Z'
Number of updated asset objects reloaded before import = 0Number of asset objects unloaded after import = 0

========================================================================
Received Import Request.
  Time since last request: 0.000025 seconds.
  path: Assets/Scripts/CombateJugador.cs
  artifactKey: Guid(cdbaa6a8e72014f498a2f8f492043561) Importer(815301076,1909f56bfc062723c751e8b465ee728b)
Start importing Assets/Scripts/CombateJugador.cs using Guid(cdbaa6a8e72014f498a2f8f492043561) Importer(815301076,1909f56bfc062723c751e8b465ee728b) (PreviewImporter) -> (artifact id: '00000000000000000000000000000000') in 0.0008898 seconds
Import Error Code:(4)
Message: Build asset version error: assets/scripts/combatejugador.cs in SourceAssetDB has modification time of '2025-11-22T03:58:30.4894875Z' while content on disk has modification time of '2025-11-22T03:58:43.7885307Z'
  ERROR: Build asset version error: assets/scripts/combatejugador.cs in SourceAssetDB has modification time of '2025-11-22T03:58:30.4894875Z' while content on disk has modification time of '2025-11-22T03:58:43.7885307Z'
Number of updated asset objects reloaded before import = 0Number of asset objects unloaded after import = 0

========================================================================
Received Import Request.
  Time since last request: 0.000034 seconds.
  path: Assets/Scripts/CombateJugador.cs
  artifactKey: Guid(cdbaa6a8e72014f498a2f8f492043561) Importer(815301076,1909f56bfc062723c751e8b465ee728b)
Start importing Assets/Scripts/CombateJugador.cs using Guid(cdbaa6a8e72014f498a2f8f492043561) Importer(815301076,1909f56bfc062723c751e8b465ee728b) (PreviewImporter) -> (artifact id: '00000000000000000000000000000000') in 0.0008404 seconds
Import Error Code:(4)
Message: Build asset version error: assets/scripts/combatejugador.cs in SourceAssetDB has modification time of '2025-11-22T03:58:30.4894875Z' while content on disk has modification time of '2025-11-22T03:58:43.7885307Z'
  ERROR: Build asset version error: assets/scripts/combatejugador.cs in SourceAssetDB has modification time of '2025-11-22T03:58:30.4894875Z' while content on disk has modification time of '2025-11-22T03:58:43.7885307Z'
Number of updated asset objects reloaded before import = 0Number of asset objects unloaded after import = 0

========================================================================
Received Import Request.
  Time since last request: 0.000023 seconds.
  path: Assets/Scripts/CombateJugador.cs
  artifactKey: Guid(cdbaa6a8e72014f498a2f8f492043561) Importer(815301076,1909f56bfc062723c751e8b465ee728b)
Start importing Assets/Scripts/CombateJugador.cs using Guid(cdbaa6a8e72014f498a2f8f492043561) Importer(815301076,1909f56bfc062723c751e8b465ee728b) (PreviewImporter) -> (artifact id: '00000000000000000000000000000000') in 0.0007951 seconds
Import Error Code:(4)
Message: Build asset version error: assets/scripts/combatejugador.cs in SourceAssetDB has modification time of '2025-11-22T03:58:30.4894875Z' while content on disk has modification time of '2025-11-22T03:58:43.7885307Z'
  ERROR: Build asset version error: assets/scripts/combatejugador.cs in SourceAssetDB has modification time of '2025-11-22T03:58:30.4894875Z' while content on disk has modification time of '2025-11-22T03:58:43.7885307Z'
Number of updated asset objects reloaded before import = 0Number of asset objects unloaded after import = 0

========================================================================
Received Import Request.
  Time since last request: 0.000021 seconds.
  path: Assets/Scripts/CombateJugador.cs
  artifactKey: Guid(cdbaa6a8e72014f498a2f8f492043561) Importer(815301076,1909f56bfc062723c751e8b465ee728b)
Start importing Assets/Scripts/CombateJugador.cs using Guid(cdbaa6a8e72014f498a2f8f492043561) Importer(815301076,1909f56bfc062723c751e8b465ee728b) (PreviewImporter) -> (artifact id: '00000000000000000000000000000000') in 0.0008876 seconds
Import Error Code:(4)
Message: Build asset version error: assets/scripts/combatejugador.cs in SourceAssetDB has modification time of '2025-11-22T03:58:30.4894875Z' while content on disk has modification time of '2025-11-22T03:58:43.7885307Z'
  ERROR: Build asset version error: assets/scripts/combatejugador.cs in SourceAssetDB has modification time of '2025-11-22T03:58:30.4894875Z' while content on disk has modification time of '2025-11-22T03:58:43.7885307Z'
Number of updated asset objects reloaded before import = 0Number of asset objects unloaded after import = 0

========================================================================
Received Import Request.
  Time since last request: 0.000016 seconds.
  path: Assets/Scripts/CombateJugador.cs
  artifactKey: Guid(cdbaa6a8e72014f498a2f8f492043561) Importer(815301076,1909f56bfc062723c751e8b465ee728b)
Start importing Assets/Scripts/CombateJugador.cs using Guid(cdbaa6a8e72014f498a2f8f492043561) Importer(815301076,1909f56bfc062723c751e8b465ee728b) (PreviewImporter) -> (artifact id: '00000000000000000000000000000000') in 0.0009067 seconds
Import Error Code:(4)
Message: Build asset version error: assets/scripts/combatejugador.cs in SourceAssetDB has modification time of '2025-11-22T03:58:30.4894875Z' while content on disk has modification time of '2025-11-22T03:58:43.7885307Z'
  ERROR: Build asset version error: assets/scripts/combatejugador.cs in SourceAssetDB has modification time of '2025-11-22T03:58:30.4894875Z' while content on disk has modification time of '2025-11-22T03:58:43.7885307Z'
Number of updated asset objects reloaded before import = 0Number of asset objects unloaded after import = 0

========================================================================
Received Import Request.
  Time since last request: 0.000017 seconds.
  path: Assets/Scripts/CombateJugador.cs
  artifactKey: Guid(cdbaa6a8e72014f498a2f8f492043561) Importer(815301076,1909f56bfc062723c751e8b465ee728b)
Start importing Assets/Scripts/CombateJugador.cs using Guid(cdbaa6a8e72014f498a2f8f492043561) Importer(815301076,1909f56bfc062723c751e8b465ee728b) (PreviewImporter) -> (artifact id: '00000000000000000000000000000000') in 0.0006124 seconds
Import Error Code:(4)
Message: Build asset version error: assets/scripts/combatejugador.cs in SourceAssetDB has modification time of '2025-11-22T03:58:30.4894875Z' while content on disk has modification time of '2025-11-22T03:58:43.7885307Z'
  ERROR: Build asset version error: assets/scripts/combatejugador.cs in SourceAssetDB has modification time of '2025-11-22T03:58:30.4894875Z' while content on disk has modification time of '2025-11-22T03:58:43.7885307Z'
Number of updated asset objects reloaded before import = 0Number of asset objects unloaded after import = 0

========================================================================
Received Import Request.
  Time since last request: 0.000030 seconds.
  path: Assets/Scripts/CombateJugador.cs
  artifactKey: Guid(cdbaa6a8e72014f498a2f8f492043561) Importer(815301076,1909f56bfc062723c751e8b465ee728b)
Start importing Assets/Scripts/CombateJugador.cs using Guid(cdbaa6a8e72014f498a2f8f492043561) Importer(815301076,1909f56bfc062723c751e8b465ee728b) (PreviewImporter) -> (artifact id: '00000000000000000000000000000000') in 0.0011107 seconds
Import Error Code:(4)
Message: Build asset version error: assets/scripts/combatejugador.cs in SourceAssetDB has modification time of '2025-11-22T03:58:30.4894875Z' while content on disk has modification time of '2025-11-22T03:58:43.7885307Z'
  ERROR: Build asset version error: assets/scripts/combatejugador.cs in SourceAssetDB has modification time of '2025-11-22T03:58:30.4894875Z' while content on disk has modification time of '2025-11-22T03:58:43.7885307Z'
Number of updated asset objects reloaded before import = 0Number of asset objects unloaded after import = 0

========================================================================
Received Import Request.
  Time since last request: 0.000015 seconds.
  path: Assets/Scripts/CombateJugador.cs
  artifactKey: Guid(cdbaa6a8e72014f498a2f8f492043561) Importer(815301076,1909f56bfc062723c751e8b465ee728b)
Start importing Assets/Scripts/CombateJugador.cs using Guid(cdbaa6a8e72014f498a2f8f492043561) Importer(815301076,1909f56bfc062723c751e8b465ee728b) (PreviewImporter) -> (artifact id: '00000000000000000000000000000000') in 0.0007726 seconds
Import Error Code:(4)
Message: Build asset version error: assets/scripts/combatejugador.cs in SourceAssetDB has modification time of '2025-11-22T03:58:30.4894875Z' while content on disk has modification time of '2025-11-22T03:58:43.7885307Z'
  ERROR: Build asset version error: assets/scripts/combatejugador.cs in SourceAssetDB has modification time of '2025-11-22T03:58:30.4894875Z' while content on disk has modification time of '2025-11-22T03:58:43.7885307Z'
Number of updated asset objects reloaded before import = 0Number of asset objects unloaded after import = 0

========================================================================
Received Import Request.
  Time since last request: 0.000017 seconds.
  path: Assets/Scripts/CombateJugador.cs
  artifactKey: Guid(cdbaa6a8e72014f498a2f8f492043561) Importer(815301076,1909f56bfc062723c751e8b465ee728b)
Start importing Assets/Scripts/CombateJugador.cs using Guid(cdbaa6a8e72014f498a2f8f492043561) Importer(815301076,1909f56bfc062723c751e8b465ee728b) (PreviewImporter) -> (artifact id: '00000000000000000000000000000000') in 0.0006759 seconds
Import Error Code:(4)
Message: Build asset version error: assets/scripts/combatejugador.cs in SourceAssetDB has modification time of '2025-11-22T03:58:30.4894875Z' while content on disk has modification time of '2025-11-22T03:58:43.7885307Z'
  ERROR: Build asset version error: assets/scripts/combatejugador.cs in SourceAssetDB has modification time of '2025-11-22T03:58:30.4894875Z' while content on disk has modification time of '2025-11-22T03:58:43.7885307Z'
Number of updated asset objects reloaded before import = 0Number of asset objects unloaded after import = 0

========================================================================
Received Import Request.
  Time since last request: 0.000017 seconds.
  path: Assets/Scripts/CombateJugador.cs
  artifactKey: Guid(cdbaa6a8e72014f498a2f8f492043561) Importer(815301076,1909f56bfc062723c751e8b465ee728b)
Start importing Assets/Scripts/CombateJugador.cs using Guid(cdbaa6a8e72014f498a2f8f492043561) Importer(815301076,1909f56bfc062723c751e8b465ee728b) (PreviewImporter) -> (artifact id: '00000000000000000000000000000000') in 0.0006434 seconds
Import Error Code:(4)
Message: Build asset version error: assets/scripts/combatejugador.cs in SourceAssetDB has modification time of '2025-11-22T03:58:30.4894875Z' while content on disk has modification time of '2025-11-22T03:58:43.7885307Z'
  ERROR: Build asset version error: assets/scripts/combatejugador.cs in SourceAssetDB has modification time of '2025-11-22T03:58:30.4894875Z' while content on disk has modification time of '2025-11-22T03:58:43.7885307Z'
Number of updated asset objects reloaded before import = 0Number of asset objects unloaded after import = 0

========================================================================
Received Import Request.
  Time since last request: 0.000018 seconds.
  path: Assets/Scripts/CombateJugador.cs
  artifactKey: Guid(cdbaa6a8e72014f498a2f8f492043561) Importer(815301076,1909f56bfc062723c751e8b465ee728b)
Start importing Assets/Scripts/CombateJugador.cs using Guid(cdbaa6a8e72014f498a2f8f492043561) Importer(815301076,1909f56bfc062723c751e8b465ee728b) (PreviewImporter) -> (artifact id: '00000000000000000000000000000000') in 0.0006246 seconds
Import Error Code:(4)
Message: Build asset version error: assets/scripts/combatejugador.cs in SourceAssetDB has modification time of '2025-11-22T03:58:30.4894875Z' while content on disk has modification time of '2025-11-22T03:58:43.7885307Z'
  ERROR: Build asset version error: assets/scripts/combatejugador.cs in SourceAssetDB has modification time of '2025-11-22T03:58:30.4894875Z' while content on disk has modification time of '2025-11-22T03:58:43.7885307Z'
Number of updated asset objects reloaded before import = 0Number of asset objects unloaded after import = 0

========================================================================
Received Import Request.
  Time since last request: 0.000019 seconds.
  path: Assets/Scripts/CombateJugador.cs
  artifactKey: Guid(cdbaa6a8e72014f498a2f8f492043561) Importer(815301076,1909f56bfc062723c751e8b465ee728b)
Start importing Assets/Scripts/CombateJugador.cs using Guid(cdbaa6a8e72014f498a2f8f492043561) Importer(815301076,1909f56bfc062723c751e8b465ee728b) (PreviewImporter) -> (artifact id: '00000000000000000000000000000000') in 0.0005909 seconds
Import Error Code:(4)
Message: Build asset version error: assets/scripts/combatejugador.cs in SourceAssetDB has modification time of '2025-11-22T03:58:30.4894875Z' while content on disk has modification time of '2025-11-22T03:58:43.7885307Z'
  ERROR: Build asset version error: assets/scripts/combatejugador.cs in SourceAssetDB has modification time of '2025-11-22T03:58:30.4894875Z' while content on disk has modification time of '2025-11-22T03:58:43.7885307Z'
Number of updated asset objects reloaded before import = 0Number of asset objects unloaded after import = 0

========================================================================
Received Import Request.
  Time since last request: 0.000028 seconds.
  path: Assets/Scripts/CombateJugador.cs
  artifactKey: Guid(cdbaa6a8e72014f498a2f8f492043561) Importer(815301076,1909f56bfc062723c751e8b465ee728b)
Start importing Assets/Scripts/CombateJugador.cs using Guid(cdbaa6a8e72014f498a2f8f492043561) Importer(815301076,1909f56bfc062723c751e8b465ee728b) (PreviewImporter) -> (artifact id: '00000000000000000000000000000000') in 0.0006116 seconds
Import Error Code:(4)
Message: Build asset version error: assets/scripts/combatejugador.cs in SourceAssetDB has modification time of '2025-11-22T03:58:30.4894875Z' while content on disk has modification time of '2025-11-22T03:58:43.7885307Z'
  ERROR: Build asset version error: assets/scripts/combatejugador.cs in SourceAssetDB has modification time of '2025-11-22T03:58:30.4894875Z' while content on disk has modification time of '2025-11-22T03:58:43.7885307Z'
Number of updated asset objects reloaded before import = 0Number of asset objects unloaded after import = 0

========================================================================
Received Import Request.
  Time since last request: 0.000016 seconds.
  path: Assets/Scripts/CombateJugador.cs
  artifactKey: Guid(cdbaa6a8e72014f498a2f8f492043561) Importer(815301076,1909f56bfc062723c751e8b465ee728b)
Start importing Assets/Scripts/CombateJugador.cs using Guid(cdbaa6a8e72014f498a2f8f492043561) Importer(815301076,1909f56bfc062723c751e8b465ee728b) (PreviewImporter) -> (artifact id: '00000000000000000000000000000000') in 0.000837 seconds
Import Error Code:(4)
Message: Build asset version error: assets/scripts/combatejugador.cs in SourceAssetDB has modification time of '2025-11-22T03:58:30.4894875Z' while content on disk has modification time of '2025-11-22T03:58:43.7885307Z'
  ERROR: Build asset version error: assets/scripts/combatejugador.cs in SourceAssetDB has modification time of '2025-11-22T03:58:30.4894875Z' while content on disk has modification time of '2025-11-22T03:58:43.7885307Z'
Number of updated asset objects reloaded before import = 0Number of asset objects unloaded after import = 0

========================================================================
Received Import Request.
  Time since last request: 0.000029 seconds.
  path: Assets/Scripts/CombateJugador.cs
  artifactKey: Guid(cdbaa6a8e72014f498a2f8f492043561) Importer(815301076,1909f56bfc062723c751e8b465ee728b)
Start importing Assets/Scripts/CombateJugador.cs using Guid(cdbaa6a8e72014f498a2f8f492043561) Importer(815301076,1909f56bfc062723c751e8b465ee728b) (PreviewImporter) -> (artifact id: '00000000000000000000000000000000') in 0.0006105 seconds
Import Error Code:(4)
Message: Build asset version error: assets/scripts/combatejugador.cs in SourceAssetDB has modification time of '2025-11-22T03:58:30.4894875Z' while content on disk has modification time of '2025-11-22T03:58:43.7885307Z'
  ERROR: Build asset version error: assets/scripts/combatejugador.cs in SourceAssetDB has modification time of '2025-11-22T03:58:30.4894875Z' while content on disk has modification time of '2025-11-22T03:58:43.7885307Z'
Number of updated asset objects reloaded before import = 0Number of asset objects unloaded after import = 0

========================================================================
Received Import Request.
  Time since last request: 0.000016 seconds.
  path: Assets/Scripts/CombateJugador.cs
  artifactKey: Guid(cdbaa6a8e72014f498a2f8f492043561) Importer(815301076,1909f56bfc062723c751e8b465ee728b)
Start importing Assets/Scripts/CombateJugador.cs using Guid(cdbaa6a8e72014f498a2f8f492043561) Importer(815301076,1909f56bfc062723c751e8b465ee728b) (PreviewImporter) -> (artifact id: '00000000000000000000000000000000') in 0.0006178 seconds
Import Error Code:(4)
Message: Build asset version error: assets/scripts/combatejugador.cs in SourceAssetDB has modification time of '2025-11-22T03:58:30.4894875Z' while content on disk has modification time of '2025-11-22T03:58:43.7885307Z'
  ERROR: Build asset version error: assets/scripts/combatejugador.cs in SourceAssetDB has modification time of '2025-11-22T03:58:30.4894875Z' while content on disk has modification time of '2025-11-22T03:58:43.7885307Z'
Number of updated asset objects reloaded before import = 0Number of asset objects unloaded after import = 0

========================================================================
Received Import Request.
  Time since last request: 0.000018 seconds.
  path: Assets/Scripts/CombateJugador.cs
  artifactKey: Guid(cdbaa6a8e72014f498a2f8f492043561) Importer(815301076,1909f56bfc062723c751e8b465ee728b)
Start importing Assets/Scripts/CombateJugador.cs using Guid(cdbaa6a8e72014f498a2f8f492043561) Importer(815301076,1909f56bfc062723c751e8b465ee728b) (PreviewImporter) -> (artifact id: '00000000000000000000000000000000') in 0.0006227 seconds
Import Error Code:(4)
Message: Build asset version error: assets/scripts/combatejugador.cs in SourceAssetDB has modification time of '2025-11-22T03:58:30.4894875Z' while content on disk has modification time of '2025-11-22T03:58:43.7885307Z'
  ERROR: Build asset version error: assets/scripts/combatejugador.cs in SourceAssetDB has modification time of '2025-11-22T03:58:30.4894875Z' while content on disk has modification time of '2025-11-22T03:58:43.7885307Z'
Number of updated asset objects reloaded before import = 0Number of asset objects unloaded after import = 0

========================================================================
Received Import Request.
  Time since last request: 0.000026 seconds.
  path: Assets/Scripts/CombateJugador.cs
  artifactKey: Guid(cdbaa6a8e72014f498a2f8f492043561) Importer(815301076,1909f56bfc062723c751e8b465ee728b)
Start importing Assets/Scripts/CombateJugador.cs using Guid(cdbaa6a8e72014f498a2f8f492043561) Importer(815301076,1909f56bfc062723c751e8b465ee728b) (PreviewImporter) -> (artifact id: '00000000000000000000000000000000') in 0.0008578 seconds
Import Error Code:(4)
Message: Build asset version error: assets/scripts/combatejugador.cs in SourceAssetDB has modification time of '2025-11-22T03:58:30.4894875Z' while content on disk has modification time of '2025-11-22T03:58:43.7885307Z'
  ERROR: Build asset version error: assets/scripts/combatejugador.cs in SourceAssetDB has modification time of '2025-11-22T03:58:30.4894875Z' while content on disk has modification time of '2025-11-22T03:58:43.7885307Z'
Number of updated asset objects reloaded before import = 0Number of asset objects unloaded after import = 0

========================================================================
Received Import Request.
  Time since last request: 0.000027 seconds.
  path: Assets/Scripts/CombateJugador.cs
  artifactKey: Guid(cdbaa6a8e72014f498a2f8f492043561) Importer(815301076,1909f56bfc062723c751e8b465ee728b)
Start importing Assets/Scripts/CombateJugador.cs using Guid(cdbaa6a8e72014f498a2f8f492043561) Importer(815301076,1909f56bfc062723c751e8b465ee728b) (PreviewImporter) -> (artifact id: '00000000000000000000000000000000') in 0.0006084 seconds
Import Error Code:(4)
Message: Build asset version error: assets/scripts/combatejugador.cs in SourceAssetDB has modification time of '2025-11-22T03:58:30.4894875Z' while content on disk has modification time of '2025-11-22T03:58:43.7885307Z'
  ERROR: Build asset version error: assets/scripts/combatejugador.cs in SourceAssetDB has modification time of '2025-11-22T03:58:30.4894875Z' while content on disk has modification time of '2025-11-22T03:58:43.7885307Z'
Number of updated asset objects reloaded before import = 0Number of asset objects unloaded after import = 0

========================================================================
Received Import Request.
  Time since last request: 0.000016 seconds.
  path: Assets/Scripts/CombateJugador.cs
  artifactKey: Guid(cdbaa6a8e72014f498a2f8f492043561) Importer(815301076,1909f56bfc062723c751e8b465ee728b)
Start importing Assets/Scripts/CombateJugador.cs using Guid(cdbaa6a8e72014f498a2f8f492043561) Importer(815301076,1909f56bfc062723c751e8b465ee728b) (PreviewImporter) -> (artifact id: '00000000000000000000000000000000') in 0.0006271 seconds
Import Error Code:(4)
Message: Build asset version error: assets/scripts/combatejugador.cs in SourceAssetDB has modification time of '2025-11-22T03:58:30.4894875Z' while content on disk has modification time of '2025-11-22T03:58:43.7885307Z'
  ERROR: Build asset version error: assets/scripts/combatejugador.cs in SourceAssetDB has modification time of '2025-11-22T03:58:30.4894875Z' while content on disk has modification time of '2025-11-22T03:58:43.7885307Z'
Number of updated asset objects reloaded before import = 0Number of asset objects unloaded after import = 0

========================================================================
Received Import Request.
  Time since last request: 0.000017 seconds.
  path: Assets/Scripts/CombateJugador.cs
  artifactKey: Guid(cdbaa6a8e72014f498a2f8f492043561) Importer(815301076,1909f56bfc062723c751e8b465ee728b)
Start importing Assets/Scripts/CombateJugador.cs using Guid(cdbaa6a8e72014f498a2f8f492043561) Importer(815301076,1909f56bfc062723c751e8b465ee728b) (PreviewImporter) -> (artifact id: '00000000000000000000000000000000') in 0.0006308 seconds
Import Error Code:(4)
Message: Build asset version error: assets/scripts/combatejugador.cs in SourceAssetDB has modification time of '2025-11-22T03:58:30.4894875Z' while content on disk has modification time of '2025-11-22T03:58:43.7885307Z'
  ERROR: Build asset version error: assets/scripts/combatejugador.cs in SourceAssetDB has modification time of '2025-11-22T03:58:30.4894875Z' while content on disk has modification time of '2025-11-22T03:58:43.7885307Z'
Number of updated asset objects reloaded before import = 0Number of asset objects unloaded after import = 0

========================================================================
Received Import Request.
  Time since last request: 0.000017 seconds.
  path: Assets/Scripts/CombateJugador.cs
  artifactKey: Guid(cdbaa6a8e72014f498a2f8f492043561) Importer(815301076,1909f56bfc062723c751e8b465ee728b)
Start importing Assets/Scripts/CombateJugador.cs using Guid(cdbaa6a8e72014f498a2f8f492043561) Importer(815301076,1909f56bfc062723c751e8b465ee728b) (PreviewImporter) -> (artifact id: '00000000000000000000000000000000') in 0.0007242 seconds
Import Error Code:(4)
Message: Build asset version error: assets/scripts/combatejugador.cs in SourceAssetDB has modification time of '2025-11-22T03:58:30.4894875Z' while content on disk has modification time of '2025-11-22T03:58:43.7885307Z'
  ERROR: Build asset version error: assets/scripts/combatejugador.cs in SourceAssetDB has modification time of '2025-11-22T03:58:30.4894875Z' while content on disk has modification time of '2025-11-22T03:58:43.7885307Z'
Number of updated asset objects reloaded before import = 0Number of asset objects unloaded after import = 0

========================================================================
Received Import Request.
  Time since last request: 0.000017 seconds.
  path: Assets/Scripts/CombateJugador.cs
  artifactKey: Guid(cdbaa6a8e72014f498a2f8f492043561) Importer(815301076,1909f56bfc062723c751e8b465ee728b)
Start importing Assets/Scripts/CombateJugador.cs using Guid(cdbaa6a8e72014f498a2f8f492043561) Importer(815301076,1909f56bfc062723c751e8b465ee728b) (PreviewImporter) -> (artifact id: '00000000000000000000000000000000') in 0.000669 seconds
Import Error Code:(4)
Message: Build asset version error: assets/scripts/combatejugador.cs in SourceAssetDB has modification time of '2025-11-22T03:58:30.4894875Z' while content on disk has modification time of '2025-11-22T03:58:43.7885307Z'
  ERROR: Build asset version error: assets/scripts/combatejugador.cs in SourceAssetDB has modification time of '2025-11-22T03:58:30.4894875Z' while content on disk has modification time of '2025-11-22T03:58:43.7885307Z'
Number of updated asset objects reloaded before import = 0Number of asset objects unloaded after import = 0

========================================================================
Received Import Request.
  Time since last request: 0.000021 seconds.
  path: Assets/Scripts/CombateJugador.cs
  artifactKey: Guid(cdbaa6a8e72014f498a2f8f492043561) Importer(815301076,1909f56bfc062723c751e8b465ee728b)
Start importing Assets/Scripts/CombateJugador.cs using Guid(cdbaa6a8e72014f498a2f8f492043561) Importer(815301076,1909f56bfc062723c751e8b465ee728b) (PreviewImporter) -> (artifact id: '00000000000000000000000000000000') in 0.0005845 seconds
Import Error Code:(4)
Message: Build asset version error: assets/scripts/combatejugador.cs in SourceAssetDB has modification time of '2025-11-22T03:58:30.4894875Z' while content on disk has modification time of '2025-11-22T03:58:43.7885307Z'
  ERROR: Build asset version error: assets/scripts/combatejugador.cs in SourceAssetDB has modification time of '2025-11-22T03:58:30.4894875Z' while content on disk has modification time of '2025-11-22T03:58:43.7885307Z'
Number of updated asset objects reloaded before import = 0Number of asset objects unloaded after import = 0

========================================================================
Received Import Request.
  Time since last request: 0.000027 seconds.
  path: Assets/Scripts/CombateJugador.cs
  artifactKey: Guid(cdbaa6a8e72014f498a2f8f492043561) Importer(815301076,1909f56bfc062723c751e8b465ee728b)
Start importing Assets/Scripts/CombateJugador.cs using Guid(cdbaa6a8e72014f498a2f8f492043561) Importer(815301076,1909f56bfc062723c751e8b465ee728b) (PreviewImporter) -> (artifact id: '00000000000000000000000000000000') in 0.0006114 seconds
Import Error Code:(4)
Message: Build asset version error: assets/scripts/combatejugador.cs in SourceAssetDB has modification time of '2025-11-22T03:58:30.4894875Z' while content on disk has modification time of '2025-11-22T03:58:43.7885307Z'
  ERROR: Build asset version error: assets/scripts/combatejugador.cs in SourceAssetDB has modification time of '2025-11-22T03:58:30.4894875Z' while content on disk has modification time of '2025-11-22T03:58:43.7885307Z'
Number of updated asset objects reloaded before import = 0Number of asset objects unloaded after import = 0

========================================================================
Received Import Request.
  Time since last request: 0.000019 seconds.
  path: Assets/Scripts/CombateJugador.cs
  artifactKey: Guid(cdbaa6a8e72014f498a2f8f492043561) Importer(815301076,1909f56bfc062723c751e8b465ee728b)
Start importing Assets/Scripts/CombateJugador.cs using Guid(cdbaa6a8e72014f498a2f8f492043561) Importer(815301076,1909f56bfc062723c751e8b465ee728b) (PreviewImporter) -> (artifact id: '00000000000000000000000000000000') in 0.0005913 seconds
Import Error Code:(4)
Message: Build asset version error: assets/scripts/combatejugador.cs in SourceAssetDB has modification time of '2025-11-22T03:58:30.4894875Z' while content on disk has modification time of '2025-11-22T03:58:43.7885307Z'
  ERROR: Build asset version error: assets/scripts/combatejugador.cs in SourceAssetDB has modification time of '2025-11-22T03:58:30.4894875Z' while content on disk has modification time of '2025-11-22T03:58:43.7885307Z'
Number of updated asset objects reloaded before import = 0Number of asset objects unloaded after import = 0

========================================================================
Received Import Request.
  Time since last request: 0.000017 seconds.
  path: Assets/Scripts/CombateJugador.cs
  artifactKey: Guid(cdbaa6a8e72014f498a2f8f492043561) Importer(815301076,1909f56bfc062723c751e8b465ee728b)
Start importing Assets/Scripts/CombateJugador.cs using Guid(cdbaa6a8e72014f498a2f8f492043561) Importer(815301076,1909f56bfc062723c751e8b465ee728b) (PreviewImporter) -> (artifact id: '00000000000000000000000000000000') in 0.0006468 seconds
Import Error Code:(4)
Message: Build asset version error: assets/scripts/combatejugador.cs in SourceAssetDB has modification time of '2025-11-22T03:58:30.4894875Z' while content on disk has modification time of '2025-11-22T03:58:43.7885307Z'
  ERROR: Build asset version error: assets/scripts/combatejugador.cs in SourceAssetDB has modification time of '2025-11-22T03:58:30.4894875Z' while content on disk has modification time of '2025-11-22T03:58:43.7885307Z'
Number of updated asset objects reloaded before import = 0Number of asset objects unloaded after import = 0

========================================================================
Received Import Request.
  Time since last request: 0.000015 seconds.
  path: Assets/Scripts/CombateJugador.cs
  artifactKey: Guid(cdbaa6a8e72014f498a2f8f492043561) Importer(815301076,1909f56bfc062723c751e8b465ee728b)
Start importing Assets/Scripts/CombateJugador.cs using Guid(cdbaa6a8e72014f498a2f8f492043561) Importer(815301076,1909f56bfc062723c751e8b465ee728b) (PreviewImporter) -> (artifact id: '00000000000000000000000000000000') in 0.0007826 seconds
Import Error Code:(4)
Message: Build asset version error: assets/scripts/combatejugador.cs in SourceAssetDB has modification time of '2025-11-22T03:58:30.4894875Z' while content on disk has modification time of '2025-11-22T03:58:43.7885307Z'
  ERROR: Build asset version error: assets/scripts/combatejugador.cs in SourceAssetDB has modification time of '2025-11-22T03:58:30.4894875Z' while content on disk has modification time of '2025-11-22T03:58:43.7885307Z'
Number of updated asset objects reloaded before import = 0Number of asset objects unloaded after import = 0

========================================================================
Received Import Request.
  Time since last request: 0.000017 seconds.
  path: Assets/Scripts/CombateJugador.cs
  artifactKey: Guid(cdbaa6a8e72014f498a2f8f492043561) Importer(815301076,1909f56bfc062723c751e8b465ee728b)
Start importing Assets/Scripts/CombateJugador.cs using Guid(cdbaa6a8e72014f498a2f8f492043561) Importer(815301076,1909f56bfc062723c751e8b465ee728b) (PreviewImporter) -> (artifact id: '00000000000000000000000000000000') in 0.0006228 seconds
Import Error Code:(4)
Message: Build asset version error: assets/scripts/combatejugador.cs in SourceAssetDB has modification time of '2025-11-22T03:58:30.4894875Z' while content on disk has modification time of '2025-11-22T03:58:43.7885307Z'
  ERROR: Build asset version error: assets/scripts/combatejugador.cs in SourceAssetDB has modification time of '2025-11-22T03:58:30.4894875Z' while content on disk has modification time of '2025-11-22T03:58:43.7885307Z'
Number of updated asset objects reloaded before import = 0Number of asset objects unloaded after import = 0

========================================================================
Received Import Request.
  Time since last request: 0.000022 seconds.
  path: Assets/Scripts/CombateJugador.cs
  artifactKey: Guid(cdbaa6a8e72014f498a2f8f492043561) Importer(815301076,1909f56bfc062723c751e8b465ee728b)
Start importing Assets/Scripts/CombateJugador.cs using Guid(cdbaa6a8e72014f498a2f8f492043561) Importer(815301076,1909f56bfc062723c751e8b465ee728b) (PreviewImporter) -> (artifact id: '00000000000000000000000000000000') in 0.0006838 seconds
Import Error Code:(4)
Message: Build asset version error: assets/scripts/combatejugador.cs in SourceAssetDB has modification time of '2025-11-22T03:58:30.4894875Z' while content on disk has modification time of '2025-11-22T03:58:43.7885307Z'
  ERROR: Build asset version error: assets/scripts/combatejugador.cs in SourceAssetDB has modification time of '2025-11-22T03:58:30.4894875Z' while content on disk has modification time of '2025-11-22T03:58:43.7885307Z'
Number of updated asset objects reloaded before import = 0Number of asset objects unloaded after import = 0

========================================================================
Received Import Request.
  Time since last request: 0.000032 seconds.
  path: Assets/Scripts/CombateJugador.cs
  artifactKey: Guid(cdbaa6a8e72014f498a2f8f492043561) Importer(815301076,1909f56bfc062723c751e8b465ee728b)
Start importing Assets/Scripts/CombateJugador.cs using Guid(cdbaa6a8e72014f498a2f8f492043561) Importer(815301076,1909f56bfc062723c751e8b465ee728b) (PreviewImporter) -> (artifact id: '00000000000000000000000000000000') in 0.0007525 seconds
Import Error Code:(4)
Message: Build asset version error: assets/scripts/combatejugador.cs in SourceAssetDB has modification time of '2025-11-22T03:58:30.4894875Z' while content on disk has modification time of '2025-11-22T03:58:43.7885307Z'
  ERROR: Build asset version error: assets/scripts/combatejugador.cs in SourceAssetDB has modification time of '2025-11-22T03:58:30.4894875Z' while content on disk has modification time of '2025-11-22T03:58:43.7885307Z'
Number of updated asset objects reloaded before import = 0Number of asset objects unloaded after import = 0

========================================================================
Received Import Request.
  Time since last request: 0.000015 seconds.
  path: Assets/Scripts/CombateJugador.cs
  artifactKey: Guid(cdbaa6a8e72014f498a2f8f492043561) Importer(815301076,1909f56bfc062723c751e8b465ee728b)
Start importing Assets/Scripts/CombateJugador.cs using Guid(cdbaa6a8e72014f498a2f8f492043561) Importer(815301076,1909f56bfc062723c751e8b465ee728b) (PreviewImporter) -> (artifact id: '00000000000000000000000000000000') in 0.0005991 seconds
Import Error Code:(4)
Message: Build asset version error: assets/scripts/combatejugador.cs in SourceAssetDB has modification time of '2025-11-22T03:58:30.4894875Z' while content on disk has modification time of '2025-11-22T03:58:43.7885307Z'
  ERROR: Build asset version error: assets/scripts/combatejugador.cs in SourceAssetDB has modification time of '2025-11-22T03:58:30.4894875Z' while content on disk has modification time of '2025-11-22T03:58:43.7885307Z'
Number of updated asset objects reloaded before import = 0Number of asset objects unloaded after import = 0

========================================================================
Received Import Request.
  Time since last request: 0.000016 seconds.
  path: Assets/Scripts/CombateJugador.cs
  artifactKey: Guid(cdbaa6a8e72014f498a2f8f492043561) Importer(815301076,1909f56bfc062723c751e8b465ee728b)
Start importing Assets/Scripts/CombateJugador.cs using Guid(cdbaa6a8e72014f498a2f8f492043561) Importer(815301076,1909f56bfc062723c751e8b465ee728b) (PreviewImporter) -> (artifact id: '00000000000000000000000000000000') in 0.0005993 seconds
Import Error Code:(4)
Message: Build asset version error: assets/scripts/combatejugador.cs in SourceAssetDB has modification time of '2025-11-22T03:58:30.4894875Z' while content on disk has modification time of '2025-11-22T03:58:43.7885307Z'
  ERROR: Build asset version error: assets/scripts/combatejugador.cs in SourceAssetDB has modification time of '2025-11-22T03:58:30.4894875Z' while content on disk has modification time of '2025-11-22T03:58:43.7885307Z'
Number of updated asset objects reloaded before import = 0Number of asset objects unloaded after import = 0

========================================================================
Received Import Request.
  Time since last request: 0.000016 seconds.
  path: Assets/Scripts/CombateJugador.cs
  artifactKey: Guid(cdbaa6a8e72014f498a2f8f492043561) Importer(815301076,1909f56bfc062723c751e8b465ee728b)
Start importing Assets/Scripts/CombateJugador.cs using Guid(cdbaa6a8e72014f498a2f8f492043561) Importer(815301076,1909f56bfc062723c751e8b465ee728b) (PreviewImporter) -> (artifact id: '00000000000000000000000000000000') in 0.0006029 seconds
Import Error Code:(4)
Message: Build asset version error: assets/scripts/combatejugador.cs in SourceAssetDB has modification time of '2025-11-22T03:58:30.4894875Z' while content on disk has modification time of '2025-11-22T03:58:43.7885307Z'
  ERROR: Build asset version error: assets/scripts/combatejugador.cs in SourceAssetDB has modification time of '2025-11-22T03:58:30.4894875Z' while content on disk has modification time of '2025-11-22T03:58:43.7885307Z'
Number of updated asset objects reloaded before import = 0Number of asset objects unloaded after import = 0

========================================================================
Received Import Request.
  Time since last request: 0.000029 seconds.
  path: Assets/Scripts/CombateJugador.cs
  artifactKey: Guid(cdbaa6a8e72014f498a2f8f492043561) Importer(815301076,1909f56bfc062723c751e8b465ee728b)
Start importing Assets/Scripts/CombateJugador.cs using Guid(cdbaa6a8e72014f498a2f8f492043561) Importer(815301076,1909f56bfc062723c751e8b465ee728b) (PreviewImporter) -> (artifact id: '00000000000000000000000000000000') in 0.0006047 seconds
Import Error Code:(4)
Message: Build asset version error: assets/scripts/combatejugador.cs in SourceAssetDB has modification time of '2025-11-22T03:58:30.4894875Z' while content on disk has modification time of '2025-11-22T03:58:43.7885307Z'
  ERROR: Build asset version error: assets/scripts/combatejugador.cs in SourceAssetDB has modification time of '2025-11-22T03:58:30.4894875Z' while content on disk has modification time of '2025-11-22T03:58:43.7885307Z'
Number of updated asset objects reloaded before import = 0Number of asset objects unloaded after import = 0

========================================================================
Received Import Request.
  Time since last request: 0.000018 seconds.
  path: Assets/Scripts/CombateJugador.cs
  artifactKey: Guid(cdbaa6a8e72014f498a2f8f492043561) Importer(815301076,1909f56bfc062723c751e8b465ee728b)
Start importing Assets/Scripts/CombateJugador.cs using Guid(cdbaa6a8e72014f498a2f8f492043561) Importer(815301076,1909f56bfc062723c751e8b465ee728b) (PreviewImporter) -> (artifact id: '00000000000000000000000000000000') in 0.0006064 seconds
Import Error Code:(4)
Message: Build asset version error: assets/scripts/combatejugador.cs in SourceAssetDB has modification time of '2025-11-22T03:58:30.4894875Z' while content on disk has modification time of '2025-11-22T03:58:43.7885307Z'
  ERROR: Build asset version error: assets/scripts/combatejugador.cs in SourceAssetDB has modification time of '2025-11-22T03:58:30.4894875Z' while content on disk has modification time of '2025-11-22T03:58:43.7885307Z'
Number of updated asset objects reloaded before import = 0Number of asset objects unloaded after import = 0

========================================================================
Received Import Request.
  Time since last request: 0.000027 seconds.
  path: Assets/Scripts/CombateJugador.cs
  artifactKey: Guid(cdbaa6a8e72014f498a2f8f492043561) Importer(815301076,1909f56bfc062723c751e8b465ee728b)
Start importing Assets/Scripts/CombateJugador.cs using Guid(cdbaa6a8e72014f498a2f8f492043561) Importer(815301076,1909f56bfc062723c751e8b465ee728b) (PreviewImporter) -> (artifact id: '00000000000000000000000000000000') in 0.0006186 seconds
Import Error Code:(4)
Message: Build asset version error: assets/scripts/combatejugador.cs in SourceAssetDB has modification time of '2025-11-22T03:58:30.4894875Z' while content on disk has modification time of '2025-11-22T03:58:43.7885307Z'
  ERROR: Build asset version error: assets/scripts/combatejugador.cs in SourceAssetDB has modification time of '2025-11-22T03:58:30.4894875Z' while content on disk has modification time of '2025-11-22T03:58:43.7885307Z'
Number of updated asset objects reloaded before import = 0Number of asset objects unloaded after import = 0

========================================================================
Received Import Request.
  Time since last request: 0.000016 seconds.
  path: Assets/Scripts/CombateJugador.cs
  artifactKey: Guid(cdbaa6a8e72014f498a2f8f492043561) Importer(815301076,1909f56bfc062723c751e8b465ee728b)
Start importing Assets/Scripts/CombateJugador.cs using Guid(cdbaa6a8e72014f498a2f8f492043561) Importer(815301076,1909f56bfc062723c751e8b465ee728b) (PreviewImporter) -> (artifact id: '00000000000000000000000000000000') in 0.0005981 seconds
Import Error Code:(4)
Message: Build asset version error: assets/scripts/combatejugador.cs in SourceAssetDB has modification time of '2025-11-22T03:58:30.4894875Z' while content on disk has modification time of '2025-11-22T03:58:43.7885307Z'
  ERROR: Build asset version error: assets/scripts/combatejugador.cs in SourceAssetDB has modification time of '2025-11-22T03:58:30.4894875Z' while content on disk has modification time of '2025-11-22T03:58:43.7885307Z'
Number of updated asset objects reloaded before import = 0Number of asset objects unloaded after import = 0

========================================================================
Received Import Request.
  Time since last request: 0.000015 seconds.
  path: Assets/Scripts/CombateJugador.cs
  artifactKey: Guid(cdbaa6a8e72014f498a2f8f492043561) Importer(815301076,1909f56bfc062723c751e8b465ee728b)
Start importing Assets/Scripts/CombateJugador.cs using Guid(cdbaa6a8e72014f498a2f8f492043561) Importer(815301076,1909f56bfc062723c751e8b465ee728b) (PreviewImporter) -> (artifact id: '00000000000000000000000000000000') in 0.0006245 seconds
Import Error Code:(4)
Message: Build asset version error: assets/scripts/combatejugador.cs in SourceAssetDB has modification time of '2025-11-22T03:58:30.4894875Z' while content on disk has modification time of '2025-11-22T03:58:43.7885307Z'
  ERROR: Build asset version error: assets/scripts/combatejugador.cs in SourceAssetDB has modification time of '2025-11-22T03:58:30.4894875Z' while content on disk has modification time of '2025-11-22T03:58:43.7885307Z'
Number of updated asset objects reloaded before import = 0Number of asset objects unloaded after import = 0

========================================================================
Received Import Request.
  Time since last request: 0.000023 seconds.
  path: Assets/Scripts/CombateJugador.cs
  artifactKey: Guid(cdbaa6a8e72014f498a2f8f492043561) Importer(815301076,1909f56bfc062723c751e8b465ee728b)
Start importing Assets/Scripts/CombateJugador.cs using Guid(cdbaa6a8e72014f498a2f8f492043561) Importer(815301076,1909f56bfc062723c751e8b465ee728b) (PreviewImporter) -> (artifact id: '00000000000000000000000000000000') in 0.0006453 seconds
Import Error Code:(4)
Message: Build asset version error: assets/scripts/combatejugador.cs in SourceAssetDB has modification time of '2025-11-22T03:58:30.4894875Z' while content on disk has modification time of '2025-11-22T03:58:43.7885307Z'
  ERROR: Build asset version error: assets/scripts/combatejugador.cs in SourceAssetDB has modification time of '2025-11-22T03:58:30.4894875Z' while content on disk has modification time of '2025-11-22T03:58:43.7885307Z'
Number of updated asset objects reloaded before import = 0Number of asset objects unloaded after import = 0

========================================================================
Received Import Request.
  Time since last request: 0.000016 seconds.
  path: Assets/Scripts/CombateJugador.cs
  artifactKey: Guid(cdbaa6a8e72014f498a2f8f492043561) Importer(815301076,1909f56bfc062723c751e8b465ee728b)
Start importing Assets/Scripts/CombateJugador.cs using Guid(cdbaa6a8e72014f498a2f8f492043561) Importer(815301076,1909f56bfc062723c751e8b465ee728b) (PreviewImporter) -> (artifact id: '00000000000000000000000000000000') in 0.0007033 seconds
Import Error Code:(4)
Message: Build asset version error: assets/scripts/combatejugador.cs in SourceAssetDB has modification time of '2025-11-22T03:58:30.4894875Z' while content on disk has modification time of '2025-11-22T03:58:43.7885307Z'
  ERROR: Build asset version error: assets/scripts/combatejugador.cs in SourceAssetDB has modification time of '2025-11-22T03:58:30.4894875Z' while content on disk has modification time of '2025-11-22T03:58:43.7885307Z'
Number of updated asset objects reloaded before import = 0Number of asset objects unloaded after import = 0

========================================================================
Received Import Request.
  Time since last request: 0.000033 seconds.
  path: Assets/Scripts/CombateJugador.cs
  artifactKey: Guid(cdbaa6a8e72014f498a2f8f492043561) Importer(815301076,1909f56bfc062723c751e8b465ee728b)
Start importing Assets/Scripts/CombateJugador.cs using Guid(cdbaa6a8e72014f498a2f8f492043561) Importer(815301076,1909f56bfc062723c751e8b465ee728b) (PreviewImporter) -> (artifact id: '00000000000000000000000000000000') in 0.0006701 seconds
Import Error Code:(4)
Message: Build asset version error: assets/scripts/combatejugador.cs in SourceAssetDB has modification time of '2025-11-22T03:58:30.4894875Z' while content on disk has modification time of '2025-11-22T03:58:43.7885307Z'
  ERROR: Build asset version error: assets/scripts/combatejugador.cs in SourceAssetDB has modification time of '2025-11-22T03:58:30.4894875Z' while content on disk has modification time of '2025-11-22T03:58:43.7885307Z'
Number of updated asset objects reloaded before import = 0Number of asset objects unloaded after import = 0

========================================================================
Received Import Request.
  Time since last request: 0.000027 seconds.
  path: Assets/Scripts/CombateJugador.cs
  artifactKey: Guid(cdbaa6a8e72014f498a2f8f492043561) Importer(815301076,1909f56bfc062723c751e8b465ee728b)
Start importing Assets/Scripts/CombateJugador.cs using Guid(cdbaa6a8e72014f498a2f8f492043561) Importer(815301076,1909f56bfc062723c751e8b465ee728b) (PreviewImporter) -> (artifact id: '00000000000000000000000000000000') in 0.0005924 seconds
Import Error Code:(4)
Message: Build asset version error: assets/scripts/combatejugador.cs in SourceAssetDB has modification time of '2025-11-22T03:58:30.4894875Z' while content on disk has modification time of '2025-11-22T03:58:43.7885307Z'
  ERROR: Build asset version error: assets/scripts/combatejugador.cs in SourceAssetDB has modification time of '2025-11-22T03:58:30.4894875Z' while content on disk has modification time of '2025-11-22T03:58:43.7885307Z'
Number of updated asset objects reloaded before import = 0Number of asset objects unloaded after import = 0

========================================================================
Received Import Request.
  Time since last request: 0.000015 seconds.
  path: Assets/Scripts/CombateJugador.cs
  artifactKey: Guid(cdbaa6a8e72014f498a2f8f492043561) Importer(815301076,1909f56bfc062723c751e8b465ee728b)
Start importing Assets/Scripts/CombateJugador.cs using Guid(cdbaa6a8e72014f498a2f8f492043561) Importer(815301076,1909f56bfc062723c751e8b465ee728b) (PreviewImporter) -> (artifact id: '00000000000000000000000000000000') in 0.0008869 seconds
Import Error Code:(4)
Message: Build asset version error: assets/scripts/combatejugador.cs in SourceAssetDB has modification time of '2025-11-22T03:58:30.4894875Z' while content on disk has modification time of '2025-11-22T03:58:43.7885307Z'
  ERROR: Build asset version error: assets/scripts/combatejugador.cs in SourceAssetDB has modification time of '2025-11-22T03:58:30.4894875Z' while content on disk has modification time of '2025-11-22T03:58:43.7885307Z'
Number of updated asset objects reloaded before import = 0Number of asset objects unloaded after import = 0

========================================================================
Received Import Request.
  Time since last request: 0.000015 seconds.
  path: Assets/Scripts/CombateJugador.cs
  artifactKey: Guid(cdbaa6a8e72014f498a2f8f492043561) Importer(815301076,1909f56bfc062723c751e8b465ee728b)
Start importing Assets/Scripts/CombateJugador.cs using Guid(cdbaa6a8e72014f498a2f8f492043561) Importer(815301076,1909f56bfc062723c751e8b465ee728b) (PreviewImporter) -> (artifact id: '00000000000000000000000000000000') in 0.0006236 seconds
Import Error Code:(4)
Message: Build asset version error: assets/scripts/combatejugador.cs in SourceAssetDB has modification time of '2025-11-22T03:58:30.4894875Z' while content on disk has modification time of '2025-11-22T03:58:43.7885307Z'
  ERROR: Build asset version error: assets/scripts/combatejugador.cs in SourceAssetDB has modification time of '2025-11-22T03:58:30.4894875Z' while content on disk has modification time of '2025-11-22T03:58:43.7885307Z'
Number of updated asset objects reloaded before import = 0Number of asset objects unloaded after import = 0

========================================================================
Received Import Request.
  Time since last request: 0.000016 seconds.
  path: Assets/Scripts/CombateJugador.cs
  artifactKey: Guid(cdbaa6a8e72014f498a2f8f492043561) Importer(815301076,1909f56bfc062723c751e8b465ee728b)
Start importing Assets/Scripts/CombateJugador.cs using Guid(cdbaa6a8e72014f498a2f8f492043561) Importer(815301076,1909f56bfc062723c751e8b465ee728b) (PreviewImporter) -> (artifact id: '00000000000000000000000000000000') in 0.0006184 seconds
Import Error Code:(4)
Message: Build asset version error: assets/scripts/combatejugador.cs in SourceAssetDB has modification time of '2025-11-22T03:58:30.4894875Z' while content on disk has modification time of '2025-11-22T03:58:43.7885307Z'
  ERROR: Build asset version error: assets/scripts/combatejugador.cs in SourceAssetDB has modification time of '2025-11-22T03:58:30.4894875Z' while content on disk has modification time of '2025-11-22T03:58:43.7885307Z'
Number of updated asset objects reloaded before import = 0Number of asset objects unloaded after import = 0

========================================================================
Received Import Request.
  Time since last request: 0.000017 seconds.
  path: Assets/Scripts/CombateJugador.cs
  artifactKey: Guid(cdbaa6a8e72014f498a2f8f492043561) Importer(815301076,1909f56bfc062723c751e8b465ee728b)
Start importing Assets/Scripts/CombateJugador.cs using Guid(cdbaa6a8e72014f498a2f8f492043561) Importer(815301076,1909f56bfc062723c751e8b465ee728b) (PreviewImporter) -> (artifact id: '00000000000000000000000000000000') in 0.000601 seconds
Import Error Code:(4)
Message: Build asset version error: assets/scripts/combatejugador.cs in SourceAssetDB has modification time of '2025-11-22T03:58:30.4894875Z' while content on disk has modification time of '2025-11-22T03:58:43.7885307Z'
  ERROR: Build asset version error: assets/scripts/combatejugador.cs in SourceAssetDB has modification time of '2025-11-22T03:58:30.4894875Z' while content on disk has modification time of '2025-11-22T03:58:43.7885307Z'
Number of updated asset objects reloaded before import = 0Number of asset objects unloaded after import = 0

========================================================================
Received Import Request.
  Time since last request: 0.000023 seconds.
  path: Assets/Scripts/CombateJugador.cs
  artifactKey: Guid(cdbaa6a8e72014f498a2f8f492043561) Importer(815301076,1909f56bfc062723c751e8b465ee728b)
Start importing Assets/Scripts/CombateJugador.cs using Guid(cdbaa6a8e72014f498a2f8f492043561) Importer(815301076,1909f56bfc062723c751e8b465ee728b) (PreviewImporter) -> (artifact id: '00000000000000000000000000000000') in 0.00062 seconds
Import Error Code:(4)
Message: Build asset version error: assets/scripts/combatejugador.cs in SourceAssetDB has modification time of '2025-11-22T03:58:30.4894875Z' while content on disk has modification time of '2025-11-22T03:58:43.7885307Z'
  ERROR: Build asset version error: assets/scripts/combatejugador.cs in SourceAssetDB has modification time of '2025-11-22T03:58:30.4894875Z' while content on disk has modification time of '2025-11-22T03:58:43.7885307Z'
Number of updated asset objects reloaded before import = 0Number of asset objects unloaded after import = 0

========================================================================
Received Import Request.
  Time since last request: 0.000027 seconds.
  path: Assets/Scripts/CombateJugador.cs
  artifactKey: Guid(cdbaa6a8e72014f498a2f8f492043561) Importer(815301076,1909f56bfc062723c751e8b465ee728b)
Start importing Assets/Scripts/CombateJugador.cs using Guid(cdbaa6a8e72014f498a2f8f492043561) Importer(815301076,1909f56bfc062723c751e8b465ee728b) (PreviewImporter) -> (artifact id: '00000000000000000000000000000000') in 0.0006482 seconds
Import Error Code:(4)
Message: Build asset version error: assets/scripts/combatejugador.cs in SourceAssetDB has modification time of '2025-11-22T03:58:30.4894875Z' while content on disk has modification time of '2025-11-22T03:58:43.7885307Z'
  ERROR: Build asset version error: assets/scripts/combatejugador.cs in SourceAssetDB has modification time of '2025-11-22T03:58:30.4894875Z' while content on disk has modification time of '2025-11-22T03:58:43.7885307Z'
Number of updated asset objects reloaded before import = 0Number of asset objects unloaded after import = 0

========================================================================
Received Import Request.
  Time since last request: 0.000017 seconds.
  path: Assets/Scripts/CombateJugador.cs
  artifactKey: Guid(cdbaa6a8e72014f498a2f8f492043561) Importer(815301076,1909f56bfc062723c751e8b465ee728b)
Start importing Assets/Scripts/CombateJugador.cs using Guid(cdbaa6a8e72014f498a2f8f492043561) Importer(815301076,1909f56bfc062723c751e8b465ee728b) (PreviewImporter) -> (artifact id: '00000000000000000000000000000000') in 0.0006044 seconds
Import Error Code:(4)
Message: Build asset version error: assets/scripts/combatejugador.cs in SourceAssetDB has modification time of '2025-11-22T03:58:30.4894875Z' while content on disk has modification time of '2025-11-22T03:58:43.7885307Z'
  ERROR: Build asset version error: assets/scripts/combatejugador.cs in SourceAssetDB has modification time of '2025-11-22T03:58:30.4894875Z' while content on disk has modification time of '2025-11-22T03:58:43.7885307Z'
Number of updated asset objects reloaded before import = 0Number of asset objects unloaded after import = 0

========================================================================
Received Import Request.
  Time since last request: 0.000019 seconds.
  path: Assets/Scripts/CombateJugador.cs
  artifactKey: Guid(cdbaa6a8e72014f498a2f8f492043561) Importer(815301076,1909f56bfc062723c751e8b465ee728b)
Start importing Assets/Scripts/CombateJugador.cs using Guid(cdbaa6a8e72014f498a2f8f492043561) Importer(815301076,1909f56bfc062723c751e8b465ee728b) (PreviewImporter) -> (artifact id: '00000000000000000000000000000000') in 0.0005974 seconds
Import Error Code:(4)
Message: Build asset version error: assets/scripts/combatejugador.cs in SourceAssetDB has modification time of '2025-11-22T03:58:30.4894875Z' while content on disk has modification time of '2025-11-22T03:58:43.7885307Z'
  ERROR: Build asset version error: assets/scripts/combatejugador.cs in SourceAssetDB has modification time of '2025-11-22T03:58:30.4894875Z' while content on disk has modification time of '2025-11-22T03:58:43.7885307Z'
Number of updated asset objects reloaded before import = 0Number of asset objects unloaded after import = 0

========================================================================
Received Import Request.
  Time since last request: 0.000021 seconds.
  path: Assets/Scripts/CombateJugador.cs
  artifactKey: Guid(cdbaa6a8e72014f498a2f8f492043561) Importer(815301076,1909f56bfc062723c751e8b465ee728b)
Start importing Assets/Scripts/CombateJugador.cs using Guid(cdbaa6a8e72014f498a2f8f492043561) Importer(815301076,1909f56bfc062723c751e8b465ee728b) (PreviewImporter) -> (artifact id: '00000000000000000000000000000000') in 0.0005973 seconds
Import Error Code:(4)
Message: Build asset version error: assets/scripts/combatejugador.cs in SourceAssetDB has modification time of '2025-11-22T03:58:30.4894875Z' while content on disk has modification time of '2025-11-22T03:58:43.7885307Z'
  ERROR: Build asset version error: assets/scripts/combatejugador.cs in SourceAssetDB has modification time of '2025-11-22T03:58:30.4894875Z' while content on disk has modification time of '2025-11-22T03:58:43.7885307Z'
Number of updated asset objects reloaded before import = 0Number of asset objects unloaded after import = 0

========================================================================
Received Import Request.
  Time since last request: 0.000016 seconds.
  path: Assets/Scripts/CombateJugador.cs
  artifactKey: Guid(cdbaa6a8e72014f498a2f8f492043561) Importer(815301076,1909f56bfc062723c751e8b465ee728b)
Start importing Assets/Scripts/CombateJugador.cs using Guid(cdbaa6a8e72014f498a2f8f492043561) Importer(815301076,1909f56bfc062723c751e8b465ee728b) (PreviewImporter) -> (artifact id: '00000000000000000000000000000000') in 0.0006132 seconds
Import Error Code:(4)
Message: Build asset version error: assets/scripts/combatejugador.cs in SourceAssetDB has modification time of '2025-11-22T03:58:30.4894875Z' while content on disk has modification time of '2025-11-22T03:58:43.7885307Z'
  ERROR: Build asset version error: assets/scripts/combatejugador.cs in SourceAssetDB has modification time of '2025-11-22T03:58:30.4894875Z' while content on disk has modification time of '2025-11-22T03:58:43.7885307Z'
Number of updated asset objects reloaded before import = 0Number of asset objects unloaded after import = 0

========================================================================
Received Import Request.
  Time since last request: 0.000029 seconds.
  path: Assets/Scripts/CombateJugador.cs
  artifactKey: Guid(cdbaa6a8e72014f498a2f8f492043561) Importer(815301076,1909f56bfc062723c751e8b465ee728b)
Start importing Assets/Scripts/CombateJugador.cs using Guid(cdbaa6a8e72014f498a2f8f492043561) Importer(815301076,1909f56bfc062723c751e8b465ee728b) (PreviewImporter) -> (artifact id: '00000000000000000000000000000000') in 0.0005885 seconds
Import Error Code:(4)
Message: Build asset version error: assets/scripts/combatejugador.cs in SourceAssetDB has modification time of '2025-11-22T03:58:30.4894875Z' while content on disk has modification time of '2025-11-22T03:58:43.7885307Z'
  ERROR: Build asset version error: assets/scripts/combatejugador.cs in SourceAssetDB has modification time of '2025-11-22T03:58:30.4894875Z' while content on disk has modification time of '2025-11-22T03:58:43.7885307Z'
Number of updated asset objects reloaded before import = 0Number of asset objects unloaded after import = 0

========================================================================
Received Import Request.
  Time since last request: 0.000025 seconds.
  path: Assets/Scripts/CombateJugador.cs
  artifactKey: Guid(cdbaa6a8e72014f498a2f8f492043561) Importer(815301076,1909f56bfc062723c751e8b465ee728b)
Start importing Assets/Scripts/CombateJugador.cs using Guid(cdbaa6a8e72014f498a2f8f492043561) Importer(815301076,1909f56bfc062723c751e8b465ee728b) (PreviewImporter) -> (artifact id: '00000000000000000000000000000000') in 0.0007154 seconds
Import Error Code:(4)
Message: Build asset version error: assets/scripts/combatejugador.cs in SourceAssetDB has modification time of '2025-11-22T03:58:30.4894875Z' while content on disk has modification time of '2025-11-22T03:58:43.7885307Z'
  ERROR: Build asset version error: assets/scripts/combatejugador.cs in SourceAssetDB has modification time of '2025-11-22T03:58:30.4894875Z' while content on disk has modification time of '2025-11-22T03:58:43.7885307Z'
Number of updated asset objects reloaded before import = 0Number of asset objects unloaded after import = 0

========================================================================
Received Import Request.
  Time since last request: 0.000016 seconds.
  path: Assets/Scripts/CombateJugador.cs
  artifactKey: Guid(cdbaa6a8e72014f498a2f8f492043561) Importer(815301076,1909f56bfc062723c751e8b465ee728b)
Start importing Assets/Scripts/CombateJugador.cs using Guid(cdbaa6a8e72014f498a2f8f492043561) Importer(815301076,1909f56bfc062723c751e8b465ee728b) (PreviewImporter) -> (artifact id: '00000000000000000000000000000000') in 0.0006288 seconds
Import Error Code:(4)
Message: Build asset version error: assets/scripts/combatejugador.cs in SourceAssetDB has modification time of '2025-11-22T03:58:30.4894875Z' while content on disk has modification time of '2025-11-22T03:58:43.7885307Z'
  ERROR: Build asset version error: assets/scripts/combatejugador.cs in SourceAssetDB has modification time of '2025-11-22T03:58:30.4894875Z' while content on disk has modification time of '2025-11-22T03:58:43.7885307Z'
Number of updated asset objects reloaded before import = 0Number of asset objects unloaded after import = 0

========================================================================
Received Import Request.
  Time since last request: 0.000023 seconds.
  path: Assets/Scripts/CombateJugador.cs
  artifactKey: Guid(cdbaa6a8e72014f498a2f8f492043561) Importer(815301076,1909f56bfc062723c751e8b465ee728b)
Start importing Assets/Scripts/CombateJugador.cs using Guid(cdbaa6a8e72014f498a2f8f492043561) Importer(815301076,1909f56bfc062723c751e8b465ee728b) (PreviewImporter) -> (artifact id: '00000000000000000000000000000000') in 0.0006135 seconds
Import Error Code:(4)
Message: Build asset version error: assets/scripts/combatejugador.cs in SourceAssetDB has modification time of '2025-11-22T03:58:30.4894875Z' while content on disk has modification time of '2025-11-22T03:58:43.7885307Z'
  ERROR: Build asset version error: assets/scripts/combatejugador.cs in SourceAssetDB has modification time of '2025-11-22T03:58:30.4894875Z' while content on disk has modification time of '2025-11-22T03:58:43.7885307Z'
Number of updated asset objects reloaded before import = 0Number of asset objects unloaded after import = 0

========================================================================
Received Import Request.
  Time since last request: 0.000018 seconds.
  path: Assets/Scripts/CombateJugador.cs
  artifactKey: Guid(cdbaa6a8e72014f498a2f8f492043561) Importer(815301076,1909f56bfc062723c751e8b465ee728b)
Start importing Assets/Scripts/CombateJugador.cs using Guid(cdbaa6a8e72014f498a2f8f492043561) Importer(815301076,1909f56bfc062723c751e8b465ee728b) (PreviewImporter) -> (artifact id: '00000000000000000000000000000000') in 0.0006193 seconds
Import Error Code:(4)
Message: Build asset version error: assets/scripts/combatejugador.cs in SourceAssetDB has modification time of '2025-11-22T03:58:30.4894875Z' while content on disk has modification time of '2025-11-22T03:58:43.7885307Z'
  ERROR: Build asset version error: assets/scripts/combatejugador.cs in SourceAssetDB has modification time of '2025-11-22T03:58:30.4894875Z' while content on disk has modification time of '2025-11-22T03:58:43.7885307Z'
Number of updated asset objects reloaded before import = 0Number of asset objects unloaded after import = 0

========================================================================
Received Import Request.
  Time since last request: 0.000015 seconds.
  path: Assets/Scripts/CombateJugador.cs
  artifactKey: Guid(cdbaa6a8e72014f498a2f8f492043561) Importer(815301076,1909f56bfc062723c751e8b465ee728b)
Start importing Assets/Scripts/CombateJugador.cs using Guid(cdbaa6a8e72014f498a2f8f492043561) Importer(815301076,1909f56bfc062723c751e8b465ee728b) (PreviewImporter) -> (artifact id: '00000000000000000000000000000000') in 0.0005922 seconds
Import Error Code:(4)
Message: Build asset version error: assets/scripts/combatejugador.cs in SourceAssetDB has modification time of '2025-11-22T03:58:30.4894875Z' while content on disk has modification time of '2025-11-22T03:58:43.7885307Z'
  ERROR: Build asset version error: assets/scripts/combatejugador.cs in SourceAssetDB has modification time of '2025-11-22T03:58:30.4894875Z' while content on disk has modification time of '2025-11-22T03:58:43.7885307Z'
Number of updated asset objects reloaded before import = 0Number of asset objects unloaded after import = 0

========================================================================
Received Import Request.
  Time since last request: 0.000019 seconds.
  path: Assets/Scripts/CombateJugador.cs
  artifactKey: Guid(cdbaa6a8e72014f498a2f8f492043561) Importer(815301076,1909f56bfc062723c751e8b465ee728b)
Start importing Assets/Scripts/CombateJugador.cs using Guid(cdbaa6a8e72014f498a2f8f492043561) Importer(815301076,1909f56bfc062723c751e8b465ee728b) (PreviewImporter) -> (artifact id: '00000000000000000000000000000000') in 0.0006147 seconds
Import Error Code:(4)
Message: Build asset version error: assets/scripts/combatejugador.cs in SourceAssetDB has modification time of '2025-11-22T03:58:30.4894875Z' while content on disk has modification time of '2025-11-22T03:58:43.7885307Z'
  ERROR: Build asset version error: assets/scripts/combatejugador.cs in SourceAssetDB has modification time of '2025-11-22T03:58:30.4894875Z' while content on disk has modification time of '2025-11-22T03:58:43.7885307Z'
Number of updated asset objects reloaded before import = 0Number of asset objects unloaded after import = 0

========================================================================
Received Import Request.
  Time since last request: 0.000032 seconds.
  path: Assets/Scripts/CombateJugador.cs
  artifactKey: Guid(cdbaa6a8e72014f498a2f8f492043561) Importer(815301076,1909f56bfc062723c751e8b465ee728b)
Start importing Assets/Scripts/CombateJugador.cs using Guid(cdbaa6a8e72014f498a2f8f492043561) Importer(815301076,1909f56bfc062723c751e8b465ee728b) (PreviewImporter) -> (artifact id: '00000000000000000000000000000000') in 0.0006199 seconds
Import Error Code:(4)
Message: Build asset version error: assets/scripts/combatejugador.cs in SourceAssetDB has modification time of '2025-11-22T03:58:30.4894875Z' while content on disk has modification time of '2025-11-22T03:58:43.7885307Z'
  ERROR: Build asset version error: assets/scripts/combatejugador.cs in SourceAssetDB has modification time of '2025-11-22T03:58:30.4894875Z' while content on disk has modification time of '2025-11-22T03:58:43.7885307Z'
Number of updated asset objects reloaded before import = 0Number of asset objects unloaded after import = 0

========================================================================
Received Import Request.
  Time since last request: 0.000015 seconds.
  path: Assets/Scripts/CombateJugador.cs
  artifactKey: Guid(cdbaa6a8e72014f498a2f8f492043561) Importer(815301076,1909f56bfc062723c751e8b465ee728b)
Start importing Assets/Scripts/CombateJugador.cs using Guid(cdbaa6a8e72014f498a2f8f492043561) Importer(815301076,1909f56bfc062723c751e8b465ee728b) (PreviewImporter) -> (artifact id: '00000000000000000000000000000000') in 0.000608 seconds
Import Error Code:(4)
Message: Build asset version error: assets/scripts/combatejugador.cs in SourceAssetDB has modification time of '2025-11-22T03:58:30.4894875Z' while content on disk has modification time of '2025-11-22T03:58:43.7885307Z'
  ERROR: Build asset version error: assets/scripts/combatejugador.cs in SourceAssetDB has modification time of '2025-11-22T03:58:30.4894875Z' while content on disk has modification time of '2025-11-22T03:58:43.7885307Z'
Number of updated asset objects reloaded before import = 0Number of asset objects unloaded after import = 0

========================================================================
Received Import Request.
  Time since last request: 0.000022 seconds.
  path: Assets/Scripts/CombateJugador.cs
  artifactKey: Guid(cdbaa6a8e72014f498a2f8f492043561) Importer(815301076,1909f56bfc062723c751e8b465ee728b)
Start importing Assets/Scripts/CombateJugador.cs using Guid(cdbaa6a8e72014f498a2f8f492043561) Importer(815301076,1909f56bfc062723c751e8b465ee728b) (PreviewImporter) -> (artifact id: '00000000000000000000000000000000') in 0.0007624 seconds
Import Error Code:(4)
Message: Build asset version error: assets/scripts/combatejugador.cs in SourceAssetDB has modification time of '2025-11-22T03:58:30.4894875Z' while content on disk has modification time of '2025-11-22T03:58:43.7885307Z'
  ERROR: Build asset version error: assets/scripts/combatejugador.cs in SourceAssetDB has modification time of '2025-11-22T03:58:30.4894875Z' while content on disk has modification time of '2025-11-22T03:58:43.7885307Z'
Number of updated asset objects reloaded before import = 0Number of asset objects unloaded after import = 0

========================================================================
Received Prepare
Begin MonoManager ReloadAssembly
Duplicate assembly 'System.Runtime.CompilerServices.Unsafe.dll' with different versions detected, using 'Packages/com.unity.collections/Unity.Collections.Tests/System.Runtime.CompilerServices.Unsafe/System.Runtime.CompilerServices.Unsafe.dll, AssemblyName=System.Runtime.CompilerServices.Unsafe, Version=6.0.0.0, Culture=neutral, PublicKeyToken=b03f5f7f11d50a3a' and ignoring 'Packages/com.unity.ai.assistant/Plugins/Markdig/Dependencies/System.Runtime.CompilerServices.Unsafe.dll, AssemblyName=System.Runtime.CompilerServices.Unsafe, Version=4.0.6.0, Culture=neutral, PublicKeyToken=b03f5f7f11d50a3a'.Symbol file LoadedFromMemory is not a mono symbol file
Symbol file LoadedFromMemory is not a mono symbol file
- Loaded All Assemblies, in  1.021 seconds
Refreshing native plugins compatible for Editor in 3.42 ms, found 5 plugins.
Native extension for WindowsStandalone target not found
[Package Manager] Failed to launch server process. Reason: Unity was launched with the -noUpm command-line argument
[Package Manager] Unable to send message (not connected to server process).
[Package Manager] Cannot connect to Unity Package Manager local server
[Package Manager] Failed to launch server process. Reason: Unity was launched with the -noUpm command-line argument
[Package Manager] Unable to send message (not connected to server process).
[Package Manager] Cannot connect to Unity Package Manager local server
Mono: successfully reloaded assembly
- Finished resetting the current domain, in  0.948 seconds
Domain Reload Profiling: 1971ms
	BeginReloadAssembly (235ms)
		ExecutionOrderSort (0ms)
		DisableScriptedObjects (14ms)
		BackupInstance (0ms)
		ReleaseScriptingObjects (0ms)
		CreateAndSetChildDomain (72ms)
	RebuildCommonClasses (34ms)
	RebuildNativeTypeToScriptingClass (12ms)
	initialDomainReloadingComplete (38ms)
	LoadAllAssembliesAndSetupDomain (703ms)
		LoadAssemblies (473ms)
		RebuildTransferFunctionScriptingTraits (0ms)
		AnalyzeDomain (323ms)
			TypeCache.Refresh (13ms)
				TypeCache.ScanAssembly (2ms)
			BuildScriptInfoCaches (292ms)
			ResolveRequiredComponents (12ms)
	FinalizeReload (948ms)
		ReleaseScriptCaches (0ms)
		RebuildScriptCaches (0ms)
		SetupLoadedEditorAssemblies (777ms)
			LogAssemblyErrors (0ms)
			InitializePlatformSupportModulesInManaged (2ms)
			SetLoadedEditorAssemblies (4ms)
			BeforeProcessingInitializeOnLoad (192ms)
			ProcessInitializeOnLoadAttributes (377ms)
			ProcessInitializeOnLoadMethodAttributes (192ms)
			AfterProcessingInitializeOnLoad (10ms)
			EditorAssembliesLoaded (0ms)
		ExecutionOrderSort2 (0ms)
		AwakeInstancesAfterBackupRestoration (17ms)
Refreshing native plugins compatible for Editor in 3.46 ms, found 5 plugins.
Preloading 1 native plugins for Editor in 0.05 ms.
Unloading 53 Unused Serialized files (Serialized files now loaded: 0)
Unloading 9405 unused Assets / (19.5 MB). Loaded Objects now: 10325.
Memory consumption went from 201.1 MB to 181.6 MB.
Total: 17.665700 ms (FindLiveObjects: 1.231900 ms CreateObjectMapping: 1.177600 ms MarkObjects: 7.561000 ms  DeleteObjects: 7.693800 ms)

Prepare: number of updated asset objects reloaded= 0
========================================================================
Received Import Request.
  Time since last request: 9.102653 seconds.
  path: Assets/Scripts/CombateJugador.cs
  artifactKey: Guid(cdbaa6a8e72014f498a2f8f492043561) Importer(815301076,1909f56bfc062723c751e8b465ee728b)
Start importing Assets/Scripts/CombateJugador.cs using Guid(cdbaa6a8e72014f498a2f8f492043561) Importer(815301076,1909f56bfc062723c751e8b465ee728b) (PreviewImporter) -> (artifact id: 'd177e6381c5076c055c1a7efa7094e66') in 0.0018563 seconds
Number of updated asset objects reloaded before import = 0Number of asset objects unloaded after import = 0

========================================================================
Received Import Request.
  Time since last request: 539.544937 seconds.
  path: Assets/Enemigos/Modelo de villano 32x32 (Caminando)-Sheet.aseprite
  artifactKey: Guid(4dfdf3b4f274fa844b774532268825e3) Importer(815301076,1909f56bfc062723c751e8b465ee728b)
Start importing Assets/Enemigos/Modelo de villano 32x32 (Caminando)-Sheet.aseprite using Guid(4dfdf3b4f274fa844b774532268825e3) Importer(815301076,1909f56bfc062723c751e8b465ee728b) (PreviewImporter) -> (artifact id: '12ed4485315a78b295ed748fb73e0d4b') in 0.7235534 seconds
Number of updated asset objects reloaded before import = 0Number of asset objects unloaded after import = 7

========================================================================
Received Import Request.
  Time since last request: 1.505429 seconds.
  path: Assets/Enemigos/Modelo de villano 32x32(Ataque)-Sheet.aseprite
  artifactKey: Guid(2063ac67f4bbd144a957aef2b1b3a011) Importer(815301076,1909f56bfc062723c751e8b465ee728b)
Start importing Assets/Enemigos/Modelo de villano 32x32(Ataque)-Sheet.aseprite using Guid(2063ac67f4bbd144a957aef2b1b3a011) Importer(815301076,1909f56bfc062723c751e8b465ee728b) (PreviewImporter) -> (artifact id: '3a97410f2398a75a1e1d7ffd3d101778') in 0.0286026 seconds
Number of updated asset objects reloaded before import = 0Number of asset objects unloaded after import = 7

========================================================================
Received Import Request.
  Time since last request: 457.363313 seconds.
  path: Assets/Enemigos/Caminar/Modelo de villano 32x32 (Caminando)-Sheet.png
  artifactKey: Guid(599c49c104135584aae09ee1672e6510) Importer(815301076,1909f56bfc062723c751e8b465ee728b)
Start importing Assets/Enemigos/Caminar/Modelo de villano 32x32 (Caminando)-Sheet.png using Guid(599c49c104135584aae09ee1672e6510) Importer(815301076,1909f56bfc062723c751e8b465ee728b) (PreviewImporter) -> (artifact id: '60c9c3c2cb1c013331296c63819db2e6') in 0.0974276 seconds
Number of updated asset objects reloaded before import = 0Number of asset objects unloaded after import = 6

========================================================================
Received Import Request.
  Time since last request: 7.717028 seconds.
  path: Assets/Enemigos/Golpear/Modelo de villano 32x32(Ataque)-Sheet.png
  artifactKey: Guid(95ca30e57109bd643871479f267986af) Importer(815301076,1909f56bfc062723c751e8b465ee728b)
Start importing Assets/Enemigos/Golpear/Modelo de villano 32x32(Ataque)-Sheet.png using Guid(95ca30e57109bd643871479f267986af) Importer(815301076,1909f56bfc062723c751e8b465ee728b) (PreviewImporter) -> (artifact id: '7717d9a3f595bfc874a8ef87314a5097') in 0.0721068 seconds
Number of updated asset objects reloaded before import = 0Number of asset objects unloaded after import = 6

========================================================================
Received Import Request.
  Time since last request: 12.277455 seconds.
  path: Assets/Enemigos/Caminar/Modelo de villano 32x32 (Caminando)-Sheet.png
  artifactKey: Guid(599c49c104135584aae09ee1672e6510) Importer(815301076,1909f56bfc062723c751e8b465ee728b)
Start importing Assets/Enemigos/Caminar/Modelo de villano 32x32 (Caminando)-Sheet.png using Guid(599c49c104135584aae09ee1672e6510) Importer(815301076,1909f56bfc062723c751e8b465ee728b) (PreviewImporter) -> (artifact id: 'd0330fe61ca73af59af3aef43c07b952') in 0.0327646 seconds
Number of updated asset objects reloaded before import = 0Number of asset objects unloaded after import = 6

========================================================================
Received Import Request.
  Time since last request: 11.834746 seconds.
  path: Assets/Enemigos/Golpear/Modelo de villano 32x32(Ataque)-Sheet.png
  artifactKey: Guid(95ca30e57109bd643871479f267986af) Importer(815301076,1909f56bfc062723c751e8b465ee728b)
Start importing Assets/Enemigos/Golpear/Modelo de villano 32x32(Ataque)-Sheet.png using Guid(95ca30e57109bd643871479f267986af) Importer(815301076,1909f56bfc062723c751e8b465ee728b) (PreviewImporter) -> (artifact id: '47c2f37c0ca1b9e53c83a6a558128250') in 0.0267151 seconds
Number of updated asset objects reloaded before import = 0Number of asset objects unloaded after import = 6

========================================================================
Received Import Request.
  Time since last request: 128.201808 seconds.
  path: Assets/Enemigos/Caminar/Modelo de villano 32x32 (Caminando)-Sheet.png
  artifactKey: Guid(599c49c104135584aae09ee1672e6510) Importer(815301076,1909f56bfc062723c751e8b465ee728b)
Start importing Assets/Enemigos/Caminar/Modelo de villano 32x32 (Caminando)-Sheet.png using Guid(599c49c104135584aae09ee1672e6510) Importer(815301076,1909f56bfc062723c751e8b465ee728b) (PreviewImporter) -> (artifact id: '6935bf3996f7b98a64f9f3740891aaa5') in 0.087654 seconds
Number of updated asset objects reloaded before import = 0Number of asset objects unloaded after import = 6

========================================================================
Received Import Request.
  Time since last request: 55.817906 seconds.
  path: Assets/Enemigos/Golpear/Modelo de villano 32x32(Ataque)-Sheet.png
  artifactKey: Guid(95ca30e57109bd643871479f267986af) Importer(815301076,1909f56bfc062723c751e8b465ee728b)
Start importing Assets/Enemigos/Golpear/Modelo de villano 32x32(Ataque)-Sheet.png using Guid(95ca30e57109bd643871479f267986af) Importer(815301076,1909f56bfc062723c751e8b465ee728b) (PreviewImporter) -> (artifact id: '47e534a3b94b3a2d2af73b368f5e1f6b') in 0.0688027 seconds
Number of updated asset objects reloaded before import = 0Number of asset objects unloaded after import = 6

========================================================================
Received Import Request.
  Time since last request: 39.335238 seconds.
  path: Assets/Enemigos/Caminar/Modelo de villano 32x32 (Caminando)-Sheet.png
  artifactKey: Guid(599c49c104135584aae09ee1672e6510) Importer(815301076,1909f56bfc062723c751e8b465ee728b)
Start importing Assets/Enemigos/Caminar/Modelo de villano 32x32 (Caminando)-Sheet.png using Guid(599c49c104135584aae09ee1672e6510) Importer(815301076,1909f56bfc062723c751e8b465ee728b) (PreviewImporter) -> (artifact id: '3ed2cad6116acb11ae297eb173cb9ad6') in 0.0279859 seconds
Number of updated asset objects reloaded before import = 0Number of asset objects unloaded after import = 6

========================================================================
Received Import Request.
  Time since last request: 58.792323 seconds.
  path: Assets/Enemigos/Caminar/Modelo de villano 32x32 (Caminando)-Sheet.png
  artifactKey: Guid(599c49c104135584aae09ee1672e6510) Importer(815301076,1909f56bfc062723c751e8b465ee728b)
Start importing Assets/Enemigos/Caminar/Modelo de villano 32x32 (Caminando)-Sheet.png using Guid(599c49c104135584aae09ee1672e6510) Importer(815301076,1909f56bfc062723c751e8b465ee728b) (PreviewImporter) -> (artifact id: '390614736c33c2d91e9188f763f4f53c') in 0.0270024 seconds
Number of updated asset objects reloaded before import = 0Number of asset objects unloaded after import = 6

========================================================================
Received Import Request.
  Time since last request: 7.196651 seconds.
  path: Assets/Enemigos/Golpear/Modelo de villano 32x32(Ataque)-Sheet.png
  artifactKey: Guid(95ca30e57109bd643871479f267986af) Importer(815301076,1909f56bfc062723c751e8b465ee728b)
Start importing Assets/Enemigos/Golpear/Modelo de villano 32x32(Ataque)-Sheet.png using Guid(95ca30e57109bd643871479f267986af) Importer(815301076,1909f56bfc062723c751e8b465ee728b) (PreviewImporter) -> (artifact id: '1f1f9c203f34c22628a2b10e1ab79ea0') in 0.0254694 seconds
Number of updated asset objects reloaded before import = 0Number of asset objects unloaded after import = 6

========================================================================
Received Import Request.
  Time since last request: 483.829918 seconds.
  path: Assets/Enemigos/Caminar/Modelo de villano 32x32 (Caminando)-Sheet_0.controller
  artifactKey: Guid(fc72bba3349dcd44b882893ecc2ca2ca) Importer(815301076,1909f56bfc062723c751e8b465ee728b)
Start importing Assets/Enemigos/Caminar/Modelo de villano 32x32 (Caminando)-Sheet_0.controller using Guid(fc72bba3349dcd44b882893ecc2ca2ca) Importer(815301076,1909f56bfc062723c751e8b465ee728b) (PreviewImporter) -> (artifact id: 'be2f813bdc3f11609381fdc54a5e8a3b') in 0.0027569 seconds
Number of updated asset objects reloaded before import = 0Number of asset objects unloaded after import = 1

========================================================================
Received Prepare
Begin MonoManager ReloadAssembly
[Licensing::Client] Successfully resolved entitlement details
Duplicate assembly 'System.Runtime.CompilerServices.Unsafe.dll' with different versions detected, using 'Packages/com.unity.collections/Unity.Collections.Tests/System.Runtime.CompilerServices.Unsafe/System.Runtime.CompilerServices.Unsafe.dll, AssemblyName=System.Runtime.CompilerServices.Unsafe, Version=6.0.0.0, Culture=neutral, PublicKeyToken=b03f5f7f11d50a3a' and ignoring 'Packages/com.unity.ai.assistant/Plugins/Markdig/Dependencies/System.Runtime.CompilerServices.Unsafe.dll, AssemblyName=System.Runtime.CompilerServices.Unsafe, Version=4.0.6.0, Culture=neutral, PublicKeyToken=b03f5f7f11d50a3a'.Symbol file LoadedFromMemory is not a mono symbol file
Symbol file LoadedFromMemory is not a mono symbol file
- Loaded All Assemblies, in  1.083 seconds
Refreshing native plugins compatible for Editor in 3.55 ms, found 5 plugins.
Native extension for WindowsStandalone target not found
[Package Manager] Failed to launch server process. Reason: Unity was launched with the -noUpm command-line argument
[Package Manager] Unable to send message (not connected to server process).
[Package Manager] Cannot connect to Unity Package Manager local server
[Package Manager] Failed to launch server process. Reason: Unity was launched with the -noUpm command-line argument
[Package Manager] Unable to send message (not connected to server process).
[Package Manager] Cannot connect to Unity Package Manager local server
Mono: successfully reloaded assembly
- Finished resetting the current domain, in  0.877 seconds
Domain Reload Profiling: 1963ms
	BeginReloadAssembly (298ms)
		ExecutionOrderSort (0ms)
		DisableScriptedObjects (35ms)
		BackupInstance (0ms)
		ReleaseScriptingObjects (0ms)
		CreateAndSetChildDomain (107ms)
	RebuildCommonClasses (37ms)
	RebuildNativeTypeToScriptingClass (12ms)
	initialDomainReloadingComplete (35ms)
	LoadAllAssembliesAndSetupDomain (704ms)
		LoadAssemblies (478ms)
		RebuildTransferFunctionScriptingTraits (0ms)
		AnalyzeDomain (319ms)
			TypeCache.Refresh (8ms)
				TypeCache.ScanAssembly (0ms)
			BuildScriptInfoCaches (295ms)
			ResolveRequiredComponents (10ms)
	FinalizeReload (877ms)
		ReleaseScriptCaches (0ms)
		RebuildScriptCaches (0ms)
		SetupLoadedEditorAssemblies (709ms)
			LogAssemblyErrors (0ms)
			InitializePlatformSupportModulesInManaged (2ms)
			SetLoadedEditorAssemblies (3ms)
			BeforeProcessingInitializeOnLoad (178ms)
			ProcessInitializeOnLoadAttributes (345ms)
			ProcessInitializeOnLoadMethodAttributes (172ms)
			AfterProcessingInitializeOnLoad (8ms)
			EditorAssembliesLoaded (0ms)
		ExecutionOrderSort2 (0ms)
		AwakeInstancesAfterBackupRestoration (19ms)
Refreshing native plugins compatible for Editor in 4.06 ms, found 5 plugins.
Preloading 1 native plugins for Editor in 0.06 ms.
Unloading 53 Unused Serialized files (Serialized files now loaded: 0)
Unloading 9405 unused Assets / (19.3 MB). Loaded Objects now: 10371.
Memory consumption went from 203.3 MB to 184.0 MB.
Total: 18.549700 ms (FindLiveObjects: 1.090000 ms CreateObjectMapping: 1.281000 ms MarkObjects: 8.695000 ms  DeleteObjects: 7.482300 ms)

Prepare: number of updated asset objects reloaded= 0
========================================================================
Received Prepare
Begin MonoManager ReloadAssembly
Duplicate assembly 'System.Runtime.CompilerServices.Unsafe.dll' with different versions detected, using 'Packages/com.unity.collections/Unity.Collections.Tests/System.Runtime.CompilerServices.Unsafe/System.Runtime.CompilerServices.Unsafe.dll, AssemblyName=System.Runtime.CompilerServices.Unsafe, Version=6.0.0.0, Culture=neutral, PublicKeyToken=b03f5f7f11d50a3a' and ignoring 'Packages/com.unity.ai.assistant/Plugins/Markdig/Dependencies/System.Runtime.CompilerServices.Unsafe.dll, AssemblyName=System.Runtime.CompilerServices.Unsafe, Version=4.0.6.0, Culture=neutral, PublicKeyToken=b03f5f7f11d50a3a'.Symbol file LoadedFromMemory is not a mono symbol file
Symbol file LoadedFromMemory is not a mono symbol file
- Loaded All Assemblies, in  0.969 seconds
Refreshing native plugins compatible for Editor in 3.92 ms, found 5 plugins.
Native extension for WindowsStandalone target not found
[Package Manager] Failed to launch server process. Reason: Unity was launched with the -noUpm command-line argument
[Package Manager] Unable to send message (not connected to server process).
[Package Manager] Cannot connect to Unity Package Manager local server
[Package Manager] Failed to launch server process. Reason: Unity was launched with the -noUpm command-line argument
[Package Manager] Unable to send message (not connected to server process).
[Package Manager] Cannot connect to Unity Package Manager local server
Mono: successfully reloaded assembly
- Finished resetting the current domain, in  1.021 seconds
Domain Reload Profiling: 1994ms
	BeginReloadAssembly (230ms)
		ExecutionOrderSort (0ms)
		DisableScriptedObjects (14ms)
		BackupInstance (0ms)
		ReleaseScriptingObjects (0ms)
		CreateAndSetChildDomain (66ms)
	RebuildCommonClasses (33ms)
	RebuildNativeTypeToScriptingClass (11ms)
	initialDomainReloadingComplete (33ms)
	LoadAllAssembliesAndSetupDomain (665ms)
		LoadAssemblies (435ms)
		RebuildTransferFunctionScriptingTraits (0ms)
		AnalyzeDomain (321ms)
			TypeCache.Refresh (7ms)
				TypeCache.ScanAssembly (0ms)
			BuildScriptInfoCaches (299ms)
			ResolveRequiredComponents (10ms)
	FinalizeReload (1022ms)
		ReleaseScriptCaches (0ms)
		RebuildScriptCaches (0ms)
		SetupLoadedEditorAssemblies (843ms)
			LogAssemblyErrors (0ms)
			InitializePlatformSupportModulesInManaged (2ms)
			SetLoadedEditorAssemblies (4ms)
			BeforeProcessingInitializeOnLoad (196ms)
			ProcessInitializeOnLoadAttributes (408ms)
			ProcessInitializeOnLoadMethodAttributes (222ms)
			AfterProcessingInitializeOnLoad (11ms)
			EditorAssembliesLoaded (1ms)
		ExecutionOrderSort2 (0ms)
		AwakeInstancesAfterBackupRestoration (19ms)
Refreshing native plugins compatible for Editor in 3.52 ms, found 5 plugins.
Preloading 1 native plugins for Editor in 0.10 ms.
Unloading 53 Unused Serialized files (Serialized files now loaded: 0)
Unloading 9405 unused Assets / (19.0 MB). Loaded Objects now: 10374.
Memory consumption went from 205.8 MB to 186.8 MB.
Total: 17.349900 ms (FindLiveObjects: 1.161100 ms CreateObjectMapping: 1.287700 ms MarkObjects: 7.522900 ms  DeleteObjects: 7.377000 ms)

Prepare: number of updated asset objects reloaded= 0
========================================================================
Received Prepare
Begin MonoManager ReloadAssembly
Duplicate assembly 'System.Runtime.CompilerServices.Unsafe.dll' with different versions detected, using 'Packages/com.unity.collections/Unity.Collections.Tests/System.Runtime.CompilerServices.Unsafe/System.Runtime.CompilerServices.Unsafe.dll, AssemblyName=System.Runtime.CompilerServices.Unsafe, Version=6.0.0.0, Culture=neutral, PublicKeyToken=b03f5f7f11d50a3a' and ignoring 'Packages/com.unity.ai.assistant/Plugins/Markdig/Dependencies/System.Runtime.CompilerServices.Unsafe.dll, AssemblyName=System.Runtime.CompilerServices.Unsafe, Version=4.0.6.0, Culture=neutral, PublicKeyToken=b03f5f7f11d50a3a'.Symbol file LoadedFromMemory is not a mono symbol file
Symbol file LoadedFromMemory is not a mono symbol file
- Loaded All Assemblies, in  0.973 seconds
Refreshing native plugins compatible for Editor in 3.31 ms, found 5 plugins.
Native extension for WindowsStandalone target not found
[Package Manager] Failed to launch server process. Reason: Unity was launched with the -noUpm command-line argument
[Package Manager] Unable to send message (not connected to server process).
[Package Manager] Cannot connect to Unity Package Manager local server
[Package Manager] Failed to launch server process. Reason: Unity was launched with the -noUpm command-line argument
[Package Manager] Unable to send message (not connected to server process).
[Package Manager] Cannot connect to Unity Package Manager local server
Mono: successfully reloaded assembly
- Finished resetting the current domain, in  0.939 seconds
Domain Reload Profiling: 1914ms
	BeginReloadAssembly (233ms)
		ExecutionOrderSort (0ms)
		DisableScriptedObjects (14ms)
		BackupInstance (0ms)
		ReleaseScriptingObjects (0ms)
		CreateAndSetChildDomain (66ms)
	RebuildCommonClasses (34ms)
	RebuildNativeTypeToScriptingClass (12ms)
	initialDomainReloadingComplete (33ms)
	LoadAllAssembliesAndSetupDomain (662ms)
		LoadAssemblies (434ms)
		RebuildTransferFunctionScriptingTraits (0ms)
		AnalyzeDomain (319ms)
			TypeCache.Refresh (9ms)
				TypeCache.ScanAssembly (0ms)
			BuildScriptInfoCaches (294ms)
			ResolveRequiredComponents (12ms)
	FinalizeReload (940ms)
		ReleaseScriptCaches (0ms)
		RebuildScriptCaches (0ms)
		SetupLoadedEditorAssemblies (769ms)
			LogAssemblyErrors (0ms)
			InitializePlatformSupportModulesInManaged (2ms)
			SetLoadedEditorAssemblies (4ms)
			BeforeProcessingInitializeOnLoad (183ms)
			ProcessInitializeOnLoadAttributes (375ms)
			ProcessInitializeOnLoadMethodAttributes (194ms)
			AfterProcessingInitializeOnLoad (11ms)
			EditorAssembliesLoaded (0ms)
		ExecutionOrderSort2 (0ms)
		AwakeInstancesAfterBackupRestoration (20ms)
Refreshing native plugins compatible for Editor in 3.76 ms, found 5 plugins.
Preloading 1 native plugins for Editor in 0.10 ms.
Unloading 53 Unused Serialized files (Serialized files now loaded: 0)
Unloading 9405 unused Assets / (20.4 MB). Loaded Objects now: 10377.
Memory consumption went from 208.5 MB to 188.1 MB.
Total: 18.965300 ms (FindLiveObjects: 1.173300 ms CreateObjectMapping: 1.424500 ms MarkObjects: 7.804800 ms  DeleteObjects: 8.561300 ms)

Prepare: number of updated asset objects reloaded= 0
========================================================================
Received Prepare
Begin MonoManager ReloadAssembly
[Licensing::Client] Successfully resolved entitlement details
Duplicate assembly 'System.Runtime.CompilerServices.Unsafe.dll' with different versions detected, using 'Packages/com.unity.collections/Unity.Collections.Tests/System.Runtime.CompilerServices.Unsafe/System.Runtime.CompilerServices.Unsafe.dll, AssemblyName=System.Runtime.CompilerServices.Unsafe, Version=6.0.0.0, Culture=neutral, PublicKeyToken=b03f5f7f11d50a3a' and ignoring 'Packages/com.unity.ai.assistant/Plugins/Markdig/Dependencies/System.Runtime.CompilerServices.Unsafe.dll, AssemblyName=System.Runtime.CompilerServices.Unsafe, Version=4.0.6.0, Culture=neutral, PublicKeyToken=b03f5f7f11d50a3a'.Symbol file LoadedFromMemory is not a mono symbol file
Symbol file LoadedFromMemory is not a mono symbol file
- Loaded All Assemblies, in  0.959 seconds
Refreshing native plugins compatible for Editor in 2.96 ms, found 5 plugins.
Native extension for WindowsStandalone target not found
[Package Manager] Failed to launch server process. Reason: Unity was launched with the -noUpm command-line argument
[Package Manager] Unable to send message (not connected to server process).
[Package Manager] Cannot connect to Unity Package Manager local server
[Package Manager] Failed to launch server process. Reason: Unity was launched with the -noUpm command-line argument
[Package Manager] Unable to send message (not connected to server process).
[Package Manager] Cannot connect to Unity Package Manager local server
Mono: successfully reloaded assembly
- Finished resetting the current domain, in  0.943 seconds
Domain Reload Profiling: 1903ms
	BeginReloadAssembly (224ms)
		ExecutionOrderSort (0ms)
		DisableScriptedObjects (13ms)
		BackupInstance (0ms)
		ReleaseScriptingObjects (0ms)
		CreateAndSetChildDomain (66ms)
	RebuildCommonClasses (35ms)
	RebuildNativeTypeToScriptingClass (12ms)
	initialDomainReloadingComplete (32ms)
	LoadAllAssembliesAndSetupDomain (657ms)
		LoadAssemblies (433ms)
		RebuildTransferFunctionScriptingTraits (0ms)
		AnalyzeDomain (311ms)
			TypeCache.Refresh (8ms)
				TypeCache.ScanAssembly (0ms)
			BuildScriptInfoCaches (288ms)
			ResolveRequiredComponents (11ms)
	FinalizeReload (944ms)
		ReleaseScriptCaches (0ms)
		RebuildScriptCaches (0ms)
		SetupLoadedEditorAssemblies (771ms)
			LogAssemblyErrors (0ms)
			InitializePlatformSupportModulesInManaged (2ms)
			SetLoadedEditorAssemblies (3ms)
			BeforeProcessingInitializeOnLoad (178ms)
			ProcessInitializeOnLoadAttributes (370ms)
			ProcessInitializeOnLoadMethodAttributes (207ms)
			AfterProcessingInitializeOnLoad (9ms)
			EditorAssembliesLoaded (0ms)
		ExecutionOrderSort2 (0ms)
		AwakeInstancesAfterBackupRestoration (20ms)
Refreshing native plugins compatible for Editor in 3.95 ms, found 5 plugins.
Preloading 1 native plugins for Editor in 0.06 ms.
Unloading 53 Unused Serialized files (Serialized files now loaded: 0)
Unloading 9405 unused Assets / (19.1 MB). Loaded Objects now: 10380.
Memory consumption went from 211.2 MB to 192.1 MB.
Total: 16.298100 ms (FindLiveObjects: 1.033700 ms CreateObjectMapping: 1.337400 ms MarkObjects: 7.114200 ms  DeleteObjects: 6.811300 ms)

Prepare: number of updated asset objects reloaded= 0
========================================================================
Received Prepare
Begin MonoManager ReloadAssembly
Duplicate assembly 'System.Runtime.CompilerServices.Unsafe.dll' with different versions detected, using 'Packages/com.unity.collections/Unity.Collections.Tests/System.Runtime.CompilerServices.Unsafe/System.Runtime.CompilerServices.Unsafe.dll, AssemblyName=System.Runtime.CompilerServices.Unsafe, Version=6.0.0.0, Culture=neutral, PublicKeyToken=b03f5f7f11d50a3a' and ignoring 'Packages/com.unity.ai.assistant/Plugins/Markdig/Dependencies/System.Runtime.CompilerServices.Unsafe.dll, AssemblyName=System.Runtime.CompilerServices.Unsafe, Version=4.0.6.0, Culture=neutral, PublicKeyToken=b03f5f7f11d50a3a'.Symbol file LoadedFromMemory is not a mono symbol file
Symbol file LoadedFromMemory is not a mono symbol file
- Loaded All Assemblies, in  0.986 seconds
Refreshing native plugins compatible for Editor in 3.12 ms, found 5 plugins.
Native extension for WindowsStandalone target not found
[Package Manager] Failed to launch server process. Reason: Unity was launched with the -noUpm command-line argument
[Package Manager] Unable to send message (not connected to server process).
[Package Manager] Cannot connect to Unity Package Manager local server
[Package Manager] Failed to launch server process. Reason: Unity was launched with the -noUpm command-line argument
[Package Manager] Unable to send message (not connected to server process).
[Package Manager] Cannot connect to Unity Package Manager local server
Mono: successfully reloaded assembly
- Finished resetting the current domain, in  0.943 seconds
Domain Reload Profiling: 1932ms
	BeginReloadAssembly (232ms)
		ExecutionOrderSort (0ms)
		DisableScriptedObjects (15ms)
		BackupInstance (0ms)
		ReleaseScriptingObjects (0ms)
		CreateAndSetChildDomain (72ms)
	RebuildCommonClasses (34ms)
	RebuildNativeTypeToScriptingClass (12ms)
	initialDomainReloadingComplete (35ms)
	LoadAllAssembliesAndSetupDomain (675ms)
		LoadAssemblies (443ms)
		RebuildTransferFunctionScriptingTraits (0ms)
		AnalyzeDomain (320ms)
			TypeCache.Refresh (8ms)
				TypeCache.ScanAssembly (0ms)
			BuildScriptInfoCaches (293ms)
			ResolveRequiredComponents (13ms)
	FinalizeReload (944ms)
		ReleaseScriptCaches (0ms)
		RebuildScriptCaches (0ms)
		SetupLoadedEditorAssemblies (773ms)
			LogAssemblyErrors (0ms)
			InitializePlatformSupportModulesInManaged (2ms)
			SetLoadedEditorAssemblies (3ms)
			BeforeProcessingInitializeOnLoad (180ms)
			ProcessInitializeOnLoadAttributes (373ms)
			ProcessInitializeOnLoadMethodAttributes (206ms)
			AfterProcessingInitializeOnLoad (8ms)
			EditorAssembliesLoaded (0ms)
		ExecutionOrderSort2 (0ms)
		AwakeInstancesAfterBackupRestoration (18ms)
Refreshing native plugins compatible for Editor in 3.96 ms, found 5 plugins.
Preloading 1 native plugins for Editor in 0.06 ms.
Unloading 53 Unused Serialized files (Serialized files now loaded: 0)
Unloading 9405 unused Assets / (19.4 MB). Loaded Objects now: 10383.
Memory consumption went from 213.9 MB to 194.5 MB.
Total: 17.499600 ms (FindLiveObjects: 1.046500 ms CreateObjectMapping: 1.239900 ms MarkObjects: 7.953600 ms  DeleteObjects: 7.257700 ms)

Prepare: number of updated asset objects reloaded= 0
========================================================================
Received Prepare
Begin MonoManager ReloadAssembly
[Licensing::Client] Successfully resolved entitlement details
Duplicate assembly 'System.Runtime.CompilerServices.Unsafe.dll' with different versions detected, using 'Packages/com.unity.collections/Unity.Collections.Tests/System.Runtime.CompilerServices.Unsafe/System.Runtime.CompilerServices.Unsafe.dll, AssemblyName=System.Runtime.CompilerServices.Unsafe, Version=6.0.0.0, Culture=neutral, PublicKeyToken=b03f5f7f11d50a3a' and ignoring 'Packages/com.unity.ai.assistant/Plugins/Markdig/Dependencies/System.Runtime.CompilerServices.Unsafe.dll, AssemblyName=System.Runtime.CompilerServices.Unsafe, Version=4.0.6.0, Culture=neutral, PublicKeyToken=b03f5f7f11d50a3a'.Symbol file LoadedFromMemory is not a mono symbol file
Symbol file LoadedFromMemory is not a mono symbol file
- Loaded All Assemblies, in  0.974 seconds
Refreshing native plugins compatible for Editor in 3.37 ms, found 5 plugins.
Native extension for WindowsStandalone target not found
[Package Manager] Failed to launch server process. Reason: Unity was launched with the -noUpm command-line argument
[Package Manager] Unable to send message (not connected to server process).
[Package Manager] Cannot connect to Unity Package Manager local server
[Package Manager] Failed to launch server process. Reason: Unity was launched with the -noUpm command-line argument
[Package Manager] Unable to send message (not connected to server process).
[Package Manager] Cannot connect to Unity Package Manager local server
Mono: successfully reloaded assembly
- Finished resetting the current domain, in  0.939 seconds
Domain Reload Profiling: 1915ms
	BeginReloadAssembly (229ms)
		ExecutionOrderSort (0ms)
		DisableScriptedObjects (13ms)
		BackupInstance (0ms)
		ReleaseScriptingObjects (0ms)
		CreateAndSetChildDomain (65ms)
	RebuildCommonClasses (34ms)
	RebuildNativeTypeToScriptingClass (11ms)
	initialDomainReloadingComplete (32ms)
	LoadAllAssembliesAndSetupDomain (670ms)
		LoadAssemblies (436ms)
		RebuildTransferFunctionScriptingTraits (0ms)
		AnalyzeDomain (325ms)
			TypeCache.Refresh (9ms)
				TypeCache.ScanAssembly (0ms)
			BuildScriptInfoCaches (299ms)
			ResolveRequiredComponents (13ms)
	FinalizeReload (939ms)
		ReleaseScriptCaches (0ms)
		RebuildScriptCaches (0ms)
		SetupLoadedEditorAssemblies (764ms)
			LogAssemblyErrors (0ms)
			InitializePlatformSupportModulesInManaged (2ms)
			SetLoadedEditorAssemblies (4ms)
			BeforeProcessingInitializeOnLoad (191ms)
			ProcessInitializeOnLoadAttributes (360ms)
			ProcessInitializeOnLoadMethodAttributes (198ms)
			AfterProcessingInitializeOnLoad (9ms)
			EditorAssembliesLoaded (0ms)
		ExecutionOrderSort2 (0ms)
		AwakeInstancesAfterBackupRestoration (20ms)
Refreshing native plugins compatible for Editor in 3.95 ms, found 5 plugins.
Preloading 1 native plugins for Editor in 0.06 ms.
Unloading 53 Unused Serialized files (Serialized files now loaded: 0)
Unloading 9405 unused Assets / (19.1 MB). Loaded Objects now: 10386.
Memory consumption went from 216.6 MB to 197.5 MB.
Total: 17.705000 ms (FindLiveObjects: 1.295200 ms CreateObjectMapping: 1.334400 ms MarkObjects: 7.568000 ms  DeleteObjects: 7.505900 ms)

Prepare: number of updated asset objects reloaded= 0
========================================================================
Received Import Request.
  Time since last request: 711.803481 seconds.
  path: Assets/Enemigos/Caminar/Jugador_Caminar.anim
  artifactKey: Guid(22808eb635ff791498972d1cc3c07ae3) Importer(815301076,1909f56bfc062723c751e8b465ee728b)
Start importing Assets/Enemigos/Caminar/Jugador_Caminar.anim using Guid(22808eb635ff791498972d1cc3c07ae3) Importer(815301076,1909f56bfc062723c751e8b465ee728b) (PreviewImporter) -> (artifact id: '33f29336837f9b9f63b39bdafad2829e') in 0.0398695 seconds
Number of updated asset objects reloaded before import = 0Number of asset objects unloaded after import = 1

========================================================================
Received Import Request.
  Time since last request: 5.770989 seconds.
  path: Assets/Enemigos/Golpear/Juagador_Golpear.anim
  artifactKey: Guid(d96bcd909eee57341887a1035539efbf) Importer(815301076,1909f56bfc062723c751e8b465ee728b)
Start importing Assets/Enemigos/Golpear/Juagador_Golpear.anim using Guid(d96bcd909eee57341887a1035539efbf) Importer(815301076,1909f56bfc062723c751e8b465ee728b) (PreviewImporter) -> (artifact id: 'cee83e60e17c99af4f33d24f0cc83ef7') in 0.0011633 seconds
Number of updated asset objects reloaded before import = 0Number of asset objects unloaded after import = 1

========================================================================
Received Import Request.
  Time since last request: 10.171931 seconds.
  path: Assets/Enemigos/Golpear/Jugador_Golpear.anim
  artifactKey: Guid(d96bcd909eee57341887a1035539efbf) Importer(815301076,1909f56bfc062723c751e8b465ee728b)
Start importing Assets/Enemigos/Golpear/Jugador_Golpear.anim using Guid(d96bcd909eee57341887a1035539efbf) Importer(815301076,1909f56bfc062723c751e8b465ee728b) (PreviewImporter) -> (artifact id: 'a5231500a9fac192bc5a24423b90a542') in 0.0045273 seconds
Number of updated asset objects reloaded before import = 0Number of asset objects unloaded after import = 1

========================================================================
Received Prepare
Refreshing native plugins compatible for Editor in 3.83 ms, found 5 plugins.
Preloading 1 native plugins for Editor in 0.06 ms.
Unloading 53 Unused Serialized files (Serialized files now loaded: 0)
Unloading 9387 unused Assets / (18.6 MB). Loaded Objects now: 10387.
Memory consumption went from 203.4 MB to 184.8 MB.
Total: 17.645000 ms (FindLiveObjects: 1.116500 ms CreateObjectMapping: 1.232800 ms MarkObjects: 8.538100 ms  DeleteObjects: 6.756300 ms)

Prepare: number of updated asset objects reloaded= 0
========================================================================
Received Import Request.
  Time since last request: 824.053475 seconds.
  path: Assets/Scripts/EnemigoPatrulla.cs
  artifactKey: Guid(7583b5bc6b2f6094fabf3c002ce12d49) Importer(815301076,1909f56bfc062723c751e8b465ee728b)
Start importing Assets/Scripts/EnemigoPatrulla.cs using Guid(7583b5bc6b2f6094fabf3c002ce12d49) Importer(815301076,1909f56bfc062723c751e8b465ee728b) (PreviewImporter) -> (artifact id: 'c17a4612248acd89f2a6f231d7f553d4') in 0.0007777 seconds
Number of updated asset objects reloaded before import = 0Number of asset objects unloaded after import = 0

========================================================================
Received Prepare
Begin MonoManager ReloadAssembly
[Licensing::Client] Successfully resolved entitlement details
Duplicate assembly 'System.Runtime.CompilerServices.Unsafe.dll' with different versions detected, using 'Packages/com.unity.collections/Unity.Collections.Tests/System.Runtime.CompilerServices.Unsafe/System.Runtime.CompilerServices.Unsafe.dll, AssemblyName=System.Runtime.CompilerServices.Unsafe, Version=6.0.0.0, Culture=neutral, PublicKeyToken=b03f5f7f11d50a3a' and ignoring 'Packages/com.unity.ai.assistant/Plugins/Markdig/Dependencies/System.Runtime.CompilerServices.Unsafe.dll, AssemblyName=System.Runtime.CompilerServices.Unsafe, Version=4.0.6.0, Culture=neutral, PublicKeyToken=b03f5f7f11d50a3a'.Symbol file LoadedFromMemory is not a mono symbol file
Symbol file LoadedFromMemory is not a mono symbol file
- Loaded All Assemblies, in  2.047 seconds
Refreshing native plugins compatible for Editor in 6.58 ms, found 5 plugins.
Native extension for WindowsStandalone target not found
[Package Manager] Failed to launch server process. Reason: Unity was launched with the -noUpm command-line argument
[Package Manager] Unable to send message (not connected to server process).
[Package Manager] Cannot connect to Unity Package Manager local server
[Package Manager] Failed to launch server process. Reason: Unity was launched with the -noUpm command-line argument
[Package Manager] Unable to send message (not connected to server process).
[Package Manager] Cannot connect to Unity Package Manager local server
Mono: successfully reloaded assembly
- Finished resetting the current domain, in  1.995 seconds
Domain Reload Profiling: 4038ms
	BeginReloadAssembly (450ms)
		ExecutionOrderSort (0ms)
		DisableScriptedObjects (31ms)
		BackupInstance (0ms)
		ReleaseScriptingObjects (0ms)
		CreateAndSetChildDomain (123ms)
	RebuildCommonClasses (64ms)
	RebuildNativeTypeToScriptingClass (17ms)
	initialDomainReloadingComplete (85ms)
	LoadAllAssembliesAndSetupDomain (1426ms)
		LoadAssemblies (853ms)
		RebuildTransferFunctionScriptingTraits (0ms)
		AnalyzeDomain (754ms)
			TypeCache.Refresh (21ms)
				TypeCache.ScanAssembly (4ms)
			BuildScriptInfoCaches (698ms)
			ResolveRequiredComponents (26ms)
	FinalizeReload (1996ms)
		ReleaseScriptCaches (0ms)
		RebuildScriptCaches (0ms)
		SetupLoadedEditorAssemblies (1608ms)
			LogAssemblyErrors (0ms)
			InitializePlatformSupportModulesInManaged (4ms)
			SetLoadedEditorAssemblies (8ms)
			BeforeProcessingInitializeOnLoad (433ms)
			ProcessInitializeOnLoadAttributes (749ms)
			ProcessInitializeOnLoadMethodAttributes (395ms)
			AfterProcessingInitializeOnLoad (18ms)
			EditorAssembliesLoaded (1ms)
		ExecutionOrderSort2 (0ms)
		AwakeInstancesAfterBackupRestoration (46ms)
Refreshing native plugins compatible for Editor in 6.70 ms, found 5 plugins.
Preloading 1 native plugins for Editor in 0.14 ms.
Unloading 53 Unused Serialized files (Serialized files now loaded: 0)
Unloading 9406 unused Assets / (19.9 MB). Loaded Objects now: 10390.
Memory consumption went from 203.3 MB to 183.5 MB.
Total: 30.122800 ms (FindLiveObjects: 1.305600 ms CreateObjectMapping: 1.861900 ms MarkObjects: 14.768500 ms  DeleteObjects: 12.184600 ms)

Prepare: number of updated asset objects reloaded= 0
========================================================================
Received Prepare
Begin MonoManager ReloadAssembly
[Licensing::Client] Successfully resolved entitlement details
Duplicate assembly 'System.Runtime.CompilerServices.Unsafe.dll' with different versions detected, using 'Packages/com.unity.collections/Unity.Collections.Tests/System.Runtime.CompilerServices.Unsafe/System.Runtime.CompilerServices.Unsafe.dll, AssemblyName=System.Runtime.CompilerServices.Unsafe, Version=6.0.0.0, Culture=neutral, PublicKeyToken=b03f5f7f11d50a3a' and ignoring 'Packages/com.unity.ai.assistant/Plugins/Markdig/Dependencies/System.Runtime.CompilerServices.Unsafe.dll, AssemblyName=System.Runtime.CompilerServices.Unsafe, Version=4.0.6.0, Culture=neutral, PublicKeyToken=b03f5f7f11d50a3a'.Symbol file LoadedFromMemory is not a mono symbol file
Symbol file LoadedFromMemory is not a mono symbol file
- Loaded All Assemblies, in  1.290 seconds
Refreshing native plugins compatible for Editor in 4.61 ms, found 5 plugins.
Native extension for WindowsStandalone target not found
[Package Manager] Failed to launch server process. Reason: Unity was launched with the -noUpm command-line argument
[Package Manager] Unable to send message (not connected to server process).
[Package Manager] Cannot connect to Unity Package Manager local server
[Package Manager] Failed to launch server process. Reason: Unity was launched with the -noUpm command-line argument
[Package Manager] Unable to send message (not connected to server process).
[Package Manager] Cannot connect to Unity Package Manager local server
Mono: successfully reloaded assembly
- Finished resetting the current domain, in  1.214 seconds
Domain Reload Profiling: 2504ms
	BeginReloadAssembly (310ms)
		ExecutionOrderSort (0ms)
		DisableScriptedObjects (18ms)
		BackupInstance (0ms)
		ReleaseScriptingObjects (0ms)
		CreateAndSetChildDomain (90ms)
	RebuildCommonClasses (42ms)
	RebuildNativeTypeToScriptingClass (11ms)
	initialDomainReloadingComplete (48ms)
	LoadAllAssembliesAndSetupDomain (879ms)
		LoadAssemblies (585ms)
		RebuildTransferFunctionScriptingTraits (0ms)
		AnalyzeDomain (422ms)
			TypeCache.Refresh (15ms)
				TypeCache.ScanAssembly (2ms)
			BuildScriptInfoCaches (386ms)
			ResolveRequiredComponents (15ms)
	FinalizeReload (1215ms)
		ReleaseScriptCaches (0ms)
		RebuildScriptCaches (0ms)
		SetupLoadedEditorAssemblies (1000ms)
			LogAssemblyErrors (0ms)
			InitializePlatformSupportModulesInManaged (2ms)
			SetLoadedEditorAssemblies (6ms)
			BeforeProcessingInitializeOnLoad (277ms)
			ProcessInitializeOnLoadAttributes (475ms)
			ProcessInitializeOnLoadMethodAttributes (227ms)
			AfterProcessingInitializeOnLoad (13ms)
			EditorAssembliesLoaded (1ms)
		ExecutionOrderSort2 (0ms)
		AwakeInstancesAfterBackupRestoration (21ms)
Refreshing native plugins compatible for Editor in 4.68 ms, found 5 plugins.
Preloading 1 native plugins for Editor in 0.08 ms.
Unloading 53 Unused Serialized files (Serialized files now loaded: 0)
Unloading 9406 unused Assets / (19.2 MB). Loaded Objects now: 10393.
Memory consumption went from 206.0 MB to 186.8 MB.
Total: 21.249500 ms (FindLiveObjects: 1.849300 ms CreateObjectMapping: 2.164000 ms MarkObjects: 8.961500 ms  DeleteObjects: 8.273300 ms)

Prepare: number of updated asset objects reloaded= 0
========================================================================
Received Prepare
Begin MonoManager ReloadAssembly
Duplicate assembly 'System.Runtime.CompilerServices.Unsafe.dll' with different versions detected, using 'Packages/com.unity.collections/Unity.Collections.Tests/System.Runtime.CompilerServices.Unsafe/System.Runtime.CompilerServices.Unsafe.dll, AssemblyName=System.Runtime.CompilerServices.Unsafe, Version=6.0.0.0, Culture=neutral, PublicKeyToken=b03f5f7f11d50a3a' and ignoring 'Packages/com.unity.ai.assistant/Plugins/Markdig/Dependencies/System.Runtime.CompilerServices.Unsafe.dll, AssemblyName=System.Runtime.CompilerServices.Unsafe, Version=4.0.6.0, Culture=neutral, PublicKeyToken=b03f5f7f11d50a3a'.Symbol file LoadedFromMemory is not a mono symbol file
Symbol file LoadedFromMemory is not a mono symbol file
- Loaded All Assemblies, in  0.996 seconds
Refreshing native plugins compatible for Editor in 3.64 ms, found 5 plugins.
Native extension for WindowsStandalone target not found
[Package Manager] Failed to launch server process. Reason: Unity was launched with the -noUpm command-line argument
[Package Manager] Unable to send message (not connected to server process).
[Package Manager] Cannot connect to Unity Package Manager local server
[Package Manager] Failed to launch server process. Reason: Unity was launched with the -noUpm command-line argument
[Package Manager] Unable to send message (not connected to server process).
[Package Manager] Cannot connect to Unity Package Manager local server
Mono: successfully reloaded assembly
- Finished resetting the current domain, in  0.981 seconds
Domain Reload Profiling: 1979ms
	BeginReloadAssembly (239ms)
		ExecutionOrderSort (0ms)
		DisableScriptedObjects (16ms)
		BackupInstance (0ms)
		ReleaseScriptingObjects (0ms)
		CreateAndSetChildDomain (70ms)
	RebuildCommonClasses (34ms)
	RebuildNativeTypeToScriptingClass (13ms)
	initialDomainReloadingComplete (36ms)
	LoadAllAssembliesAndSetupDomain (676ms)
		LoadAssemblies (445ms)
		RebuildTransferFunctionScriptingTraits (0ms)
		AnalyzeDomain (321ms)
			TypeCache.Refresh (8ms)
				TypeCache.ScanAssembly (0ms)
			BuildScriptInfoCaches (298ms)
			ResolveRequiredComponents (10ms)
	FinalizeReload (982ms)
		ReleaseScriptCaches (0ms)
		RebuildScriptCaches (0ms)
		SetupLoadedEditorAssemblies (811ms)
			LogAssemblyErrors (0ms)
			InitializePlatformSupportModulesInManaged (2ms)
			SetLoadedEditorAssemblies (4ms)
			BeforeProcessingInitializeOnLoad (183ms)
			ProcessInitializeOnLoadAttributes (379ms)
			ProcessInitializeOnLoadMethodAttributes (231ms)
			AfterProcessingInitializeOnLoad (12ms)
			EditorAssembliesLoaded (0ms)
		ExecutionOrderSort2 (0ms)
		AwakeInstancesAfterBackupRestoration (20ms)
Refreshing native plugins compatible for Editor in 4.49 ms, found 5 plugins.
Preloading 1 native plugins for Editor in 0.07 ms.
Unloading 53 Unused Serialized files (Serialized files now loaded: 0)
Unloading 9406 unused Assets / (18.5 MB). Loaded Objects now: 10396.
Memory consumption went from 208.7 MB to 190.2 MB.
Total: 21.378200 ms (FindLiveObjects: 1.657500 ms CreateObjectMapping: 1.744000 ms MarkObjects: 9.875200 ms  DeleteObjects: 8.099800 ms)

Prepare: number of updated asset objects reloaded= 0
========================================================================
Received Prepare
Begin MonoManager ReloadAssembly
[Licensing::Client] Successfully resolved entitlement details
Duplicate assembly 'System.Runtime.CompilerServices.Unsafe.dll' with different versions detected, using 'Packages/com.unity.collections/Unity.Collections.Tests/System.Runtime.CompilerServices.Unsafe/System.Runtime.CompilerServices.Unsafe.dll, AssemblyName=System.Runtime.CompilerServices.Unsafe, Version=6.0.0.0, Culture=neutral, PublicKeyToken=b03f5f7f11d50a3a' and ignoring 'Packages/com.unity.ai.assistant/Plugins/Markdig/Dependencies/System.Runtime.CompilerServices.Unsafe.dll, AssemblyName=System.Runtime.CompilerServices.Unsafe, Version=4.0.6.0, Culture=neutral, PublicKeyToken=b03f5f7f11d50a3a'.Symbol file LoadedFromMemory is not a mono symbol file
Symbol file LoadedFromMemory is not a mono symbol file
- Loaded All Assemblies, in  0.969 seconds
Refreshing native plugins compatible for Editor in 3.09 ms, found 5 plugins.
Native extension for WindowsStandalone target not found
[Package Manager] Failed to launch server process. Reason: Unity was launched with the -noUpm command-line argument
[Package Manager] Unable to send message (not connected to server process).
[Package Manager] Cannot connect to Unity Package Manager local server
[Package Manager] Failed to launch server process. Reason: Unity was launched with the -noUpm command-line argument
[Package Manager] Unable to send message (not connected to server process).
[Package Manager] Cannot connect to Unity Package Manager local server
Mono: successfully reloaded assembly
- Finished resetting the current domain, in  0.957 seconds
Domain Reload Profiling: 1928ms
	BeginReloadAssembly (229ms)
		ExecutionOrderSort (0ms)
		DisableScriptedObjects (16ms)
		BackupInstance (0ms)
		ReleaseScriptingObjects (0ms)
		CreateAndSetChildDomain (64ms)
	RebuildCommonClasses (33ms)
	RebuildNativeTypeToScriptingClass (11ms)
	initialDomainReloadingComplete (36ms)
	LoadAllAssembliesAndSetupDomain (661ms)
		LoadAssemblies (438ms)
		RebuildTransferFunctionScriptingTraits (0ms)
		AnalyzeDomain (312ms)
			TypeCache.Refresh (9ms)
				TypeCache.ScanAssembly (0ms)
			BuildScriptInfoCaches (287ms)
			ResolveRequiredComponents (10ms)
	FinalizeReload (958ms)
		ReleaseScriptCaches (0ms)
		RebuildScriptCaches (0ms)
		SetupLoadedEditorAssemblies (786ms)
			LogAssemblyErrors (0ms)
			InitializePlatformSupportModulesInManaged (2ms)
			SetLoadedEditorAssemblies (4ms)
			BeforeProcessingInitializeOnLoad (189ms)
			ProcessInitializeOnLoadAttributes (373ms)
			ProcessInitializeOnLoadMethodAttributes (207ms)
			AfterProcessingInitializeOnLoad (11ms)
			EditorAssembliesLoaded (1ms)
		ExecutionOrderSort2 (0ms)
		AwakeInstancesAfterBackupRestoration (21ms)
Refreshing native plugins compatible for Editor in 3.56 ms, found 5 plugins.
Preloading 1 native plugins for Editor in 0.05 ms.
Unloading 53 Unused Serialized files (Serialized files now loaded: 0)
Unloading 9406 unused Assets / (19.1 MB). Loaded Objects now: 10399.
Memory consumption went from 211.4 MB to 192.3 MB.
Total: 17.980400 ms (FindLiveObjects: 1.341600 ms CreateObjectMapping: 1.385300 ms MarkObjects: 7.912800 ms  DeleteObjects: 7.338900 ms)

Prepare: number of updated asset objects reloaded= 0
========================================================================
Received Prepare
Begin MonoManager ReloadAssembly
[Licensing::Client] Successfully resolved entitlement details
Duplicate assembly 'System.Runtime.CompilerServices.Unsafe.dll' with different versions detected, using 'Packages/com.unity.collections/Unity.Collections.Tests/System.Runtime.CompilerServices.Unsafe/System.Runtime.CompilerServices.Unsafe.dll, AssemblyName=System.Runtime.CompilerServices.Unsafe, Version=6.0.0.0, Culture=neutral, PublicKeyToken=b03f5f7f11d50a3a' and ignoring 'Packages/com.unity.ai.assistant/Plugins/Markdig/Dependencies/System.Runtime.CompilerServices.Unsafe.dll, AssemblyName=System.Runtime.CompilerServices.Unsafe, Version=4.0.6.0, Culture=neutral, PublicKeyToken=b03f5f7f11d50a3a'.Symbol file LoadedFromMemory is not a mono symbol file
Symbol file LoadedFromMemory is not a mono symbol file
- Loaded All Assemblies, in  1.421 seconds
Refreshing native plugins compatible for Editor in 4.91 ms, found 5 plugins.
Native extension for WindowsStandalone target not found
[Package Manager] Failed to launch server process. Reason: Unity was launched with the -noUpm command-line argument
[Package Manager] Unable to send message (not connected to server process).
[Package Manager] Cannot connect to Unity Package Manager local server
[Package Manager] Failed to launch server process. Reason: Unity was launched with the -noUpm command-line argument
[Package Manager] Unable to send message (not connected to server process).
[Package Manager] Cannot connect to Unity Package Manager local server
Mono: successfully reloaded assembly
- Finished resetting the current domain, in  1.163 seconds
Domain Reload Profiling: 2584ms
	BeginReloadAssembly (340ms)
		ExecutionOrderSort (0ms)
		DisableScriptedObjects (21ms)
		BackupInstance (0ms)
		ReleaseScriptingObjects (0ms)
		CreateAndSetChildDomain (107ms)
	RebuildCommonClasses (51ms)
	RebuildNativeTypeToScriptingClass (19ms)
	initialDomainReloadingComplete (49ms)
	LoadAllAssembliesAndSetupDomain (961ms)
		LoadAssemblies (614ms)
		RebuildTransferFunctionScriptingTraits (0ms)
		AnalyzeDomain (477ms)
			TypeCache.Refresh (10ms)
				TypeCache.ScanAssembly (0ms)
			BuildScriptInfoCaches (444ms)
			ResolveRequiredComponents (15ms)
	FinalizeReload (1163ms)
		ReleaseScriptCaches (0ms)
		RebuildScriptCaches (0ms)
		SetupLoadedEditorAssemblies (921ms)
			LogAssemblyErrors (0ms)
			InitializePlatformSupportModulesInManaged (2ms)
			SetLoadedEditorAssemblies (6ms)
			BeforeProcessingInitializeOnLoad (277ms)
			ProcessInitializeOnLoadAttributes (412ms)
			ProcessInitializeOnLoadMethodAttributes (214ms)
			AfterProcessingInitializeOnLoad (11ms)
			EditorAssembliesLoaded (1ms)
		ExecutionOrderSort2 (0ms)
		AwakeInstancesAfterBackupRestoration (20ms)
Refreshing native plugins compatible for Editor in 4.69 ms, found 5 plugins.
Preloading 1 native plugins for Editor in 0.06 ms.
Unloading 53 Unused Serialized files (Serialized files now loaded: 0)
Unloading 9406 unused Assets / (19.2 MB). Loaded Objects now: 10402.
Memory consumption went from 214.1 MB to 194.9 MB.
Total: 17.444500 ms (FindLiveObjects: 1.098000 ms CreateObjectMapping: 1.376200 ms MarkObjects: 7.729200 ms  DeleteObjects: 7.239800 ms)

Prepare: number of updated asset objects reloaded= 0
========================================================================
Received Prepare
Begin MonoManager ReloadAssembly
[Licensing::Client] Successfully resolved entitlement details
Duplicate assembly 'System.Runtime.CompilerServices.Unsafe.dll' with different versions detected, using 'Packages/com.unity.collections/Unity.Collections.Tests/System.Runtime.CompilerServices.Unsafe/System.Runtime.CompilerServices.Unsafe.dll, AssemblyName=System.Runtime.CompilerServices.Unsafe, Version=6.0.0.0, Culture=neutral, PublicKeyToken=b03f5f7f11d50a3a' and ignoring 'Packages/com.unity.ai.assistant/Plugins/Markdig/Dependencies/System.Runtime.CompilerServices.Unsafe.dll, AssemblyName=System.Runtime.CompilerServices.Unsafe, Version=4.0.6.0, Culture=neutral, PublicKeyToken=b03f5f7f11d50a3a'.Symbol file LoadedFromMemory is not a mono symbol file
Symbol file LoadedFromMemory is not a mono symbol file
- Loaded All Assemblies, in  1.409 seconds
Refreshing native plugins compatible for Editor in 4.36 ms, found 5 plugins.
Native extension for WindowsStandalone target not found
[Package Manager] Failed to launch server process. Reason: Unity was launched with the -noUpm command-line argument
[Package Manager] Unable to send message (not connected to server process).
[Package Manager] Cannot connect to Unity Package Manager local server
[Package Manager] Failed to launch server process. Reason: Unity was launched with the -noUpm command-line argument
[Package Manager] Unable to send message (not connected to server process).
[Package Manager] Cannot connect to Unity Package Manager local server
Mono: successfully reloaded assembly
- Finished resetting the current domain, in  1.262 seconds
Domain Reload Profiling: 2671ms
	BeginReloadAssembly (331ms)
		ExecutionOrderSort (0ms)
		DisableScriptedObjects (22ms)
		BackupInstance (0ms)
		ReleaseScriptingObjects (0ms)
		CreateAndSetChildDomain (103ms)
	RebuildCommonClasses (59ms)
	RebuildNativeTypeToScriptingClass (20ms)
	initialDomainReloadingComplete (58ms)
	LoadAllAssembliesAndSetupDomain (940ms)
		LoadAssemblies (615ms)
		RebuildTransferFunctionScriptingTraits (0ms)
		AnalyzeDomain (446ms)
			TypeCache.Refresh (10ms)
				TypeCache.ScanAssembly (0ms)
			BuildScriptInfoCaches (415ms)
			ResolveRequiredComponents (14ms)
	FinalizeReload (1262ms)
		ReleaseScriptCaches (0ms)
		RebuildScriptCaches (0ms)
		SetupLoadedEditorAssemblies (1015ms)
			LogAssemblyErrors (0ms)
			InitializePlatformSupportModulesInManaged (2ms)
			SetLoadedEditorAssemblies (6ms)
			BeforeProcessingInitializeOnLoad (277ms)
			ProcessInitializeOnLoadAttributes (481ms)
			ProcessInitializeOnLoadMethodAttributes (236ms)
			AfterProcessingInitializeOnLoad (13ms)
			EditorAssembliesLoaded (1ms)
		ExecutionOrderSort2 (0ms)
		AwakeInstancesAfterBackupRestoration (24ms)
Refreshing native plugins compatible for Editor in 3.60 ms, found 5 plugins.
Preloading 1 native plugins for Editor in 0.08 ms.
Unloading 53 Unused Serialized files (Serialized files now loaded: 0)
Unloading 9406 unused Assets / (18.3 MB). Loaded Objects now: 10405.
Memory consumption went from 216.8 MB to 198.5 MB.
Total: 16.719800 ms (FindLiveObjects: 1.027100 ms CreateObjectMapping: 1.003300 ms MarkObjects: 6.882000 ms  DeleteObjects: 7.805600 ms)

Prepare: number of updated asset objects reloaded= 0
========================================================================
Received Prepare
Begin MonoManager ReloadAssembly
[Licensing::Client] Successfully resolved entitlement details
Duplicate assembly 'System.Runtime.CompilerServices.Unsafe.dll' with different versions detected, using 'Packages/com.unity.collections/Unity.Collections.Tests/System.Runtime.CompilerServices.Unsafe/System.Runtime.CompilerServices.Unsafe.dll, AssemblyName=System.Runtime.CompilerServices.Unsafe, Version=6.0.0.0, Culture=neutral, PublicKeyToken=b03f5f7f11d50a3a' and ignoring 'Packages/com.unity.ai.assistant/Plugins/Markdig/Dependencies/System.Runtime.CompilerServices.Unsafe.dll, AssemblyName=System.Runtime.CompilerServices.Unsafe, Version=4.0.6.0, Culture=neutral, PublicKeyToken=b03f5f7f11d50a3a'.Symbol file LoadedFromMemory is not a mono symbol file
Symbol file LoadedFromMemory is not a mono symbol file
- Loaded All Assemblies, in  0.999 seconds
Refreshing native plugins compatible for Editor in 3.39 ms, found 5 plugins.
Native extension for WindowsStandalone target not found
[Package Manager] Failed to launch server process. Reason: Unity was launched with the -noUpm command-line argument
[Package Manager] Unable to send message (not connected to server process).
[Package Manager] Cannot connect to Unity Package Manager local server
[Package Manager] Failed to launch server process. Reason: Unity was launched with the -noUpm command-line argument
[Package Manager] Unable to send message (not connected to server process).
[Package Manager] Cannot connect to Unity Package Manager local server
Mono: successfully reloaded assembly
- Finished resetting the current domain, in  0.947 seconds
Domain Reload Profiling: 1950ms
	BeginReloadAssembly (245ms)
		ExecutionOrderSort (0ms)
		DisableScriptedObjects (17ms)
		BackupInstance (0ms)
		ReleaseScriptingObjects (0ms)
		CreateAndSetChildDomain (74ms)
	RebuildCommonClasses (41ms)
	RebuildNativeTypeToScriptingClass (12ms)
	initialDomainReloadingComplete (33ms)
	LoadAllAssembliesAndSetupDomain (670ms)
		LoadAssemblies (442ms)
		RebuildTransferFunctionScriptingTraits (0ms)
		AnalyzeDomain (318ms)
			TypeCache.Refresh (8ms)
				TypeCache.ScanAssembly (0ms)
			BuildScriptInfoCaches (294ms)
			ResolveRequiredComponents (10ms)
	FinalizeReload (948ms)
		ReleaseScriptCaches (0ms)
		RebuildScriptCaches (0ms)
		SetupLoadedEditorAssemblies (763ms)
			LogAssemblyErrors (0ms)
			InitializePlatformSupportModulesInManaged (2ms)
			SetLoadedEditorAssemblies (4ms)
			BeforeProcessingInitializeOnLoad (192ms)
			ProcessInitializeOnLoadAttributes (371ms)
			ProcessInitializeOnLoadMethodAttributes (186ms)
			AfterProcessingInitializeOnLoad (8ms)
			EditorAssembliesLoaded (0ms)
		ExecutionOrderSort2 (0ms)
		AwakeInstancesAfterBackupRestoration (17ms)
Refreshing native plugins compatible for Editor in 3.44 ms, found 5 plugins.
Preloading 1 native plugins for Editor in 0.06 ms.
Unloading 53 Unused Serialized files (Serialized files now loaded: 0)
Unloading 9406 unused Assets / (19.5 MB). Loaded Objects now: 10408.
Memory consumption went from 219.5 MB to 200.0 MB.
Total: 17.105400 ms (FindLiveObjects: 0.998600 ms CreateObjectMapping: 1.193500 ms MarkObjects: 7.299800 ms  DeleteObjects: 7.612000 ms)

Prepare: number of updated asset objects reloaded= 0
========================================================================
Received Prepare
Begin MonoManager ReloadAssembly
[Licensing::Client] Successfully resolved entitlement details
Duplicate assembly 'System.Runtime.CompilerServices.Unsafe.dll' with different versions detected, using 'Packages/com.unity.collections/Unity.Collections.Tests/System.Runtime.CompilerServices.Unsafe/System.Runtime.CompilerServices.Unsafe.dll, AssemblyName=System.Runtime.CompilerServices.Unsafe, Version=6.0.0.0, Culture=neutral, PublicKeyToken=b03f5f7f11d50a3a' and ignoring 'Packages/com.unity.ai.assistant/Plugins/Markdig/Dependencies/System.Runtime.CompilerServices.Unsafe.dll, AssemblyName=System.Runtime.CompilerServices.Unsafe, Version=4.0.6.0, Culture=neutral, PublicKeyToken=b03f5f7f11d50a3a'.Symbol file LoadedFromMemory is not a mono symbol file
Symbol file LoadedFromMemory is not a mono symbol file
- Loaded All Assemblies, in  1.005 seconds
Refreshing native plugins compatible for Editor in 3.13 ms, found 5 plugins.
Native extension for WindowsStandalone target not found
[Package Manager] Failed to launch server process. Reason: Unity was launched with the -noUpm command-line argument
[Package Manager] Unable to send message (not connected to server process).
[Package Manager] Cannot connect to Unity Package Manager local server
[Package Manager] Failed to launch server process. Reason: Unity was launched with the -noUpm command-line argument
[Package Manager] Unable to send message (not connected to server process).
[Package Manager] Cannot connect to Unity Package Manager local server
Mono: successfully reloaded assembly
- Finished resetting the current domain, in  0.914 seconds
Domain Reload Profiling: 1920ms
	BeginReloadAssembly (242ms)
		ExecutionOrderSort (0ms)
		DisableScriptedObjects (15ms)
		BackupInstance (0ms)
		ReleaseScriptingObjects (0ms)
		CreateAndSetChildDomain (77ms)
	RebuildCommonClasses (39ms)
	RebuildNativeTypeToScriptingClass (11ms)
	initialDomainReloadingComplete (38ms)
	LoadAllAssembliesAndSetupDomain (675ms)
		LoadAssemblies (449ms)
		RebuildTransferFunctionScriptingTraits (0ms)
		AnalyzeDomain (316ms)
			TypeCache.Refresh (8ms)
				TypeCache.ScanAssembly (0ms)
			BuildScriptInfoCaches (292ms)
			ResolveRequiredComponents (12ms)
	FinalizeReload (914ms)
		ReleaseScriptCaches (0ms)
		RebuildScriptCaches (0ms)
		SetupLoadedEditorAssemblies (734ms)
			LogAssemblyErrors (0ms)
			InitializePlatformSupportModulesInManaged (2ms)
			SetLoadedEditorAssemblies (4ms)
			BeforeProcessingInitializeOnLoad (185ms)
			ProcessInitializeOnLoadAttributes (364ms)
			ProcessInitializeOnLoadMethodAttributes (172ms)
			AfterProcessingInitializeOnLoad (7ms)
			EditorAssembliesLoaded (0ms)
		ExecutionOrderSort2 (0ms)
		AwakeInstancesAfterBackupRestoration (16ms)
Refreshing native plugins compatible for Editor in 4.08 ms, found 5 plugins.
Preloading 1 native plugins for Editor in 0.06 ms.
Unloading 53 Unused Serialized files (Serialized files now loaded: 0)
Unloading 9406 unused Assets / (19.1 MB). Loaded Objects now: 10411.
Memory consumption went from 222.2 MB to 203.2 MB.
Total: 16.525500 ms (FindLiveObjects: 1.071600 ms CreateObjectMapping: 1.171900 ms MarkObjects: 7.003800 ms  DeleteObjects: 7.276300 ms)

Prepare: number of updated asset objects reloaded= 0
========================================================================
Received Prepare
Begin MonoManager ReloadAssembly
[Licensing::Client] Successfully resolved entitlement details
Duplicate assembly 'System.Runtime.CompilerServices.Unsafe.dll' with different versions detected, using 'Packages/com.unity.collections/Unity.Collections.Tests/System.Runtime.CompilerServices.Unsafe/System.Runtime.CompilerServices.Unsafe.dll, AssemblyName=System.Runtime.CompilerServices.Unsafe, Version=6.0.0.0, Culture=neutral, PublicKeyToken=b03f5f7f11d50a3a' and ignoring 'Packages/com.unity.ai.assistant/Plugins/Markdig/Dependencies/System.Runtime.CompilerServices.Unsafe.dll, AssemblyName=System.Runtime.CompilerServices.Unsafe, Version=4.0.6.0, Culture=neutral, PublicKeyToken=b03f5f7f11d50a3a'.Symbol file LoadedFromMemory is not a mono symbol file
Symbol file LoadedFromMemory is not a mono symbol file
- Loaded All Assemblies, in  1.001 seconds
Refreshing native plugins compatible for Editor in 3.10 ms, found 5 plugins.
Native extension for WindowsStandalone target not found
[Package Manager] Failed to launch server process. Reason: Unity was launched with the -noUpm command-line argument
[Package Manager] Unable to send message (not connected to server process).
[Package Manager] Cannot connect to Unity Package Manager local server
[Package Manager] Failed to launch server process. Reason: Unity was launched with the -noUpm command-line argument
[Package Manager] Unable to send message (not connected to server process).
[Package Manager] Cannot connect to Unity Package Manager local server
Mono: successfully reloaded assembly
- Finished resetting the current domain, in  1.021 seconds
Domain Reload Profiling: 2023ms
	BeginReloadAssembly (237ms)
		ExecutionOrderSort (0ms)
		DisableScriptedObjects (15ms)
		BackupInstance (0ms)
		ReleaseScriptingObjects (0ms)
		CreateAndSetChildDomain (69ms)
	RebuildCommonClasses (40ms)
	RebuildNativeTypeToScriptingClass (12ms)
	initialDomainReloadingComplete (35ms)
	LoadAllAssembliesAndSetupDomain (678ms)
		LoadAssemblies (453ms)
		RebuildTransferFunctionScriptingTraits (0ms)
		AnalyzeDomain (319ms)
			TypeCache.Refresh (8ms)
				TypeCache.ScanAssembly (0ms)
			BuildScriptInfoCaches (296ms)
			ResolveRequiredComponents (10ms)
	FinalizeReload (1022ms)
		ReleaseScriptCaches (0ms)
		RebuildScriptCaches (0ms)
		SetupLoadedEditorAssemblies (840ms)
			LogAssemblyErrors (0ms)
			InitializePlatformSupportModulesInManaged (2ms)
			SetLoadedEditorAssemblies (4ms)
			BeforeProcessingInitializeOnLoad (189ms)
			ProcessInitializeOnLoadAttributes (419ms)
			ProcessInitializeOnLoadMethodAttributes (217ms)
			AfterProcessingInitializeOnLoad (10ms)
			EditorAssembliesLoaded (0ms)
		ExecutionOrderSort2 (0ms)
		AwakeInstancesAfterBackupRestoration (22ms)
Refreshing native plugins compatible for Editor in 3.90 ms, found 5 plugins.
Preloading 1 native plugins for Editor in 0.06 ms.
Unloading 53 Unused Serialized files (Serialized files now loaded: 0)
Unloading 9406 unused Assets / (18.3 MB). Loaded Objects now: 10414.
Memory consumption went from 224.9 MB to 206.6 MB.
Total: 16.519000 ms (FindLiveObjects: 1.164200 ms CreateObjectMapping: 1.395500 ms MarkObjects: 7.211000 ms  DeleteObjects: 6.747000 ms)

Prepare: number of updated asset objects reloaded= 0
========================================================================
Received Prepare
Begin MonoManager ReloadAssembly
Duplicate assembly 'System.Runtime.CompilerServices.Unsafe.dll' with different versions detected, using 'Packages/com.unity.collections/Unity.Collections.Tests/System.Runtime.CompilerServices.Unsafe/System.Runtime.CompilerServices.Unsafe.dll, AssemblyName=System.Runtime.CompilerServices.Unsafe, Version=6.0.0.0, Culture=neutral, PublicKeyToken=b03f5f7f11d50a3a' and ignoring 'Packages/com.unity.ai.assistant/Plugins/Markdig/Dependencies/System.Runtime.CompilerServices.Unsafe.dll, AssemblyName=System.Runtime.CompilerServices.Unsafe, Version=4.0.6.0, Culture=neutral, PublicKeyToken=b03f5f7f11d50a3a'.Symbol file LoadedFromMemory is not a mono symbol file
Symbol file LoadedFromMemory is not a mono symbol file
- Loaded All Assemblies, in  0.971 seconds
Refreshing native plugins compatible for Editor in 3.37 ms, found 5 plugins.
Native extension for WindowsStandalone target not found
[Package Manager] Failed to launch server process. Reason: Unity was launched with the -noUpm command-line argument
[Package Manager] Unable to send message (not connected to server process).
[Package Manager] Cannot connect to Unity Package Manager local server
[Package Manager] Failed to launch server process. Reason: Unity was launched with the -noUpm command-line argument
[Package Manager] Unable to send message (not connected to server process).
[Package Manager] Cannot connect to Unity Package Manager local server
Mono: successfully reloaded assembly
- Finished resetting the current domain, in  0.900 seconds
Domain Reload Profiling: 1873ms
	BeginReloadAssembly (234ms)
		ExecutionOrderSort (0ms)
		DisableScriptedObjects (15ms)
		BackupInstance (0ms)
		ReleaseScriptingObjects (0ms)
		CreateAndSetChildDomain (70ms)
	RebuildCommonClasses (35ms)
	RebuildNativeTypeToScriptingClass (11ms)
	initialDomainReloadingComplete (36ms)
	LoadAllAssembliesAndSetupDomain (657ms)
		LoadAssemblies (434ms)
		RebuildTransferFunctionScriptingTraits (0ms)
		AnalyzeDomain (311ms)
			TypeCache.Refresh (9ms)
				TypeCache.ScanAssembly (0ms)
			BuildScriptInfoCaches (286ms)
			ResolveRequiredComponents (11ms)
	FinalizeReload (900ms)
		ReleaseScriptCaches (0ms)
		RebuildScriptCaches (0ms)
		SetupLoadedEditorAssemblies (718ms)
			LogAssemblyErrors (0ms)
			InitializePlatformSupportModulesInManaged (2ms)
			SetLoadedEditorAssemblies (4ms)
			BeforeProcessingInitializeOnLoad (178ms)
			ProcessInitializeOnLoadAttributes (352ms)
			ProcessInitializeOnLoadMethodAttributes (175ms)
			AfterProcessingInitializeOnLoad (7ms)
			EditorAssembliesLoaded (0ms)
		ExecutionOrderSort2 (0ms)
		AwakeInstancesAfterBackupRestoration (21ms)
Refreshing native plugins compatible for Editor in 4.35 ms, found 5 plugins.
Preloading 1 native plugins for Editor in 0.05 ms.
Unloading 53 Unused Serialized files (Serialized files now loaded: 0)
Unloading 9406 unused Assets / (19.4 MB). Loaded Objects now: 10417.
Memory consumption went from 227.6 MB to 208.3 MB.
Total: 18.003700 ms (FindLiveObjects: 1.121100 ms CreateObjectMapping: 1.341200 ms MarkObjects: 7.687900 ms  DeleteObjects: 7.852200 ms)

Prepare: number of updated asset objects reloaded= 0
========================================================================
Received Prepare
Begin MonoManager ReloadAssembly
[Licensing::Client] Successfully resolved entitlement details
Duplicate assembly 'System.Runtime.CompilerServices.Unsafe.dll' with different versions detected, using 'Packages/com.unity.collections/Unity.Collections.Tests/System.Runtime.CompilerServices.Unsafe/System.Runtime.CompilerServices.Unsafe.dll, AssemblyName=System.Runtime.CompilerServices.Unsafe, Version=6.0.0.0, Culture=neutral, PublicKeyToken=b03f5f7f11d50a3a' and ignoring 'Packages/com.unity.ai.assistant/Plugins/Markdig/Dependencies/System.Runtime.CompilerServices.Unsafe.dll, AssemblyName=System.Runtime.CompilerServices.Unsafe, Version=4.0.6.0, Culture=neutral, PublicKeyToken=b03f5f7f11d50a3a'.Symbol file LoadedFromMemory is not a mono symbol file
Symbol file LoadedFromMemory is not a mono symbol file
- Loaded All Assemblies, in  0.979 seconds
Refreshing native plugins compatible for Editor in 3.25 ms, found 5 plugins.
Native extension for WindowsStandalone target not found
[Package Manager] Failed to launch server process. Reason: Unity was launched with the -noUpm command-line argument
[Package Manager] Unable to send message (not connected to server process).
[Package Manager] Cannot connect to Unity Package Manager local server
[Package Manager] Failed to launch server process. Reason: Unity was launched with the -noUpm command-line argument
[Package Manager] Unable to send message (not connected to server process).
[Package Manager] Cannot connect to Unity Package Manager local server
Mono: successfully reloaded assembly
- Finished resetting the current domain, in  0.921 seconds
Domain Reload Profiling: 1904ms
	BeginReloadAssembly (230ms)
		ExecutionOrderSort (0ms)
		DisableScriptedObjects (16ms)
		BackupInstance (0ms)
		ReleaseScriptingObjects (0ms)
		CreateAndSetChildDomain (69ms)
	RebuildCommonClasses (33ms)
	RebuildNativeTypeToScriptingClass (11ms)
	initialDomainReloadingComplete (36ms)
	LoadAllAssembliesAndSetupDomain (671ms)
		LoadAssemblies (447ms)
		RebuildTransferFunctionScriptingTraits (0ms)
		AnalyzeDomain (309ms)
			TypeCache.Refresh (7ms)
				TypeCache.ScanAssembly (0ms)
			BuildScriptInfoCaches (286ms)
			ResolveRequiredComponents (10ms)
	FinalizeReload (922ms)
		ReleaseScriptCaches (0ms)
		RebuildScriptCaches (0ms)
		SetupLoadedEditorAssemblies (748ms)
			LogAssemblyErrors (0ms)
			InitializePlatformSupportModulesInManaged (2ms)
			SetLoadedEditorAssemblies (4ms)
			BeforeProcessingInitializeOnLoad (185ms)
			ProcessInitializeOnLoadAttributes (371ms)
			ProcessInitializeOnLoadMethodAttributes (178ms)
			AfterProcessingInitializeOnLoad (9ms)
			EditorAssembliesLoaded (0ms)
		ExecutionOrderSort2 (0ms)
		AwakeInstancesAfterBackupRestoration (20ms)
Refreshing native plugins compatible for Editor in 3.86 ms, found 5 plugins.
Preloading 1 native plugins for Editor in 0.06 ms.
Unloading 53 Unused Serialized files (Serialized files now loaded: 0)
Unloading 9406 unused Assets / (18.7 MB). Loaded Objects now: 10420.
Memory consumption went from 230.3 MB to 211.7 MB.
Total: 17.870700 ms (FindLiveObjects: 1.091300 ms CreateObjectMapping: 2.139100 ms MarkObjects: 7.808200 ms  DeleteObjects: 6.830400 ms)

Prepare: number of updated asset objects reloaded= 0
